#######################################################################################
# log primitive debug message of FSDB dumping                                         #
# This is for R&D to analyze when there are issues happening when FSDB dump           #
#######################################################################################
ANF: vcsd_get_serial_mode_status('simv: undefined symbol: vcsd_get_serial_mode_status')
ANF: vcsd_enable_sva_success_callback('simv: undefined symbol: vcsd_enable_sva_success_callback')
ANF: vcsd_disable_sva_success_callback('simv: undefined symbol: vcsd_disable_sva_success_callback')
ANF: vcsd_get_power_scope_name('simv: undefined symbol: vcsd_get_power_scope_name')
ANF: vcsd_begin_no_value_var_info('simv: undefined symbol: vcsd_begin_no_value_var_info')
ANF: vcsd_end_no_value_var_info('simv: undefined symbol: vcsd_end_no_value_var_info')
ANF: vcsd_remove_xprop_merge_mode_callback('simv: undefined symbol: vcsd_remove_xprop_merge_mode_callback')
ANF: vhpi_get_cb_info('simv: undefined symbol: vhpi_get_cb_info')
ANF: vhpi_free_handle('simv: undefined symbol: vhpi_free_handle')
ANF: vhpi_fetch_vcsd_handle('simv: undefined symbol: vhpi_fetch_vcsd_handle')
ANF: vhpi_fetch_vpi_handle('simv: undefined symbol: vhpi_fetch_vpi_handle')
ANF: vhpi_has_verilog_parent('simv: undefined symbol: vhpi_has_verilog_parent')
ANF: vhpi_is_verilog_scope('simv: undefined symbol: vhpi_is_verilog_scope')
ANF: scsd_xprop_is_enabled('simv: undefined symbol: scsd_xprop_is_enabled')
ANF: scsd_xprop_sig_is_promoted('simv: undefined symbol: scsd_xprop_sig_is_promoted')
ANF: scsd_xprop_int_xvalue('simv: undefined symbol: scsd_xprop_int_xvalue')
ANF: scsd_xprop_bool_xvalue('simv: undefined symbol: scsd_xprop_bool_xvalue')
ANF: scsd_xprop_enum_xvalue('simv: undefined symbol: scsd_xprop_enum_xvalue')
ANF: scsd_xprop_register_merge_mode_cb('simv: undefined symbol: scsd_xprop_register_merge_mode_cb')
ANF: scsd_xprop_delete_merge_mode_cb('simv: undefined symbol: scsd_xprop_delete_merge_mode_cb')
ANF: scsd_xprop_get_merge_mode('simv: undefined symbol: scsd_xprop_get_merge_mode')
ANF: scsd_thread_get_info('simv: undefined symbol: scsd_thread_get_info')
ANF: scsd_thread_vc_init('simv: undefined symbol: scsd_thread_vc_init')
ANF: scsd_master_set_delta_sync_cbk('simv: undefined symbol: scsd_master_set_delta_sync_cbk')
ANF: scsd_fgp_get_fsdb_cores('simv: undefined symbol: scsd_fgp_get_fsdb_cores')
ANF: msvEnableDumpingMode('simv: undefined symbol: msvEnableDumpingMode')
ANF: msvGetVersion('simv: undefined symbol: msvGetVersion')
ANF: msvGetInstProp('simv: undefined symbol: msvGetInstProp')
ANF: msvIsSpiceEngineReady('simv: undefined symbol: msvIsSpiceEngineReady')
ANF: msvSetAddProbeCallback('simv: undefined symbol: msvSetAddProbeCallback')
ANF: msvGetInstHandle('simv: undefined symbol: msvGetInstHandle')
ANF: msvGetProbeByInst('simv: undefined symbol: msvGetProbeByInst')
ANF: msvGetSigHandle('simv: undefined symbol: msvGetSigHandle')
ANF: msvGetProbeBySig('simv: undefined symbol: msvGetProbeBySig')
ANF: msvGetProbeInfo('simv: undefined symbol: msvGetProbeInfo')
ANF: msvRelease('simv: undefined symbol: msvRelease')
ANF: msvSetVcCallbackFunc('simv: undefined symbol: msvSetVcCallbackFunc')
ANF: msvCheckVcCallback('simv: undefined symbol: msvCheckVcCallback')
ANF: msvAddVcCallback('simv: undefined symbol: msvAddVcCallback')
ANF: msvRemoveVcCallback('simv: undefined symbol: msvRemoveVcCallback')
ANF: msvGetLatestValue('simv: undefined symbol: msvGetLatestValue')
ANF: msvSetEndofSimCallback('simv: undefined symbol: msvSetEndofSimCallback')
ANF: msvIgnoredProbe('simv: undefined symbol: msvIgnoredProbe')
ANF: msvGetThruNetInfo('simv: undefined symbol: msvGetThruNetInfo')
ANF: msvFreeThruNetInfo('simv: undefined symbol: msvFreeThruNetInfo')
ANF: PI_ace_get_output_time_unit('simv: undefined symbol: PI_ace_get_output_time_unit')
ANF: PI_ace_sim_sync('simv: undefined symbol: PI_ace_sim_sync')
ANF: msvGetRereadInitFile('simv: undefined symbol: msvGetRereadInitFile')
ANF: msvSetBeforeRereadCallback('simv: undefined symbol: msvSetBeforeRereadCallback')
ANF: msvSetAfterRereadCallback('simv: undefined symbol: msvSetAfterRereadCallback')
ANF: msvSetForceCallback('simv: undefined symbol: msvSetForceCallback')
ANF: msvSetReleaseCallback('simv: undefined symbol: msvSetReleaseCallback')
ANF: msvGetForceStatus('simv: undefined symbol: msvGetForceStatus')
ANF: vhdi_dt_get_type('simv: undefined symbol: vhdi_dt_get_type')
ANF: vhdi_dt_get_key('simv: undefined symbol: vhdi_dt_get_key')
ANF: vhdi_dt_get_vhdl_enum_info('simv: undefined symbol: vhdi_dt_get_vhdl_enum_info')
ANF: vhdi_dt_get_vhdl_physical_info('simv: undefined symbol: vhdi_dt_get_vhdl_physical_info')
ANF: vhdi_dt_get_vhdl_array_info('simv: undefined symbol: vhdi_dt_get_vhdl_array_info')
ANF: vhdi_dt_get_vhdl_record_info('simv: undefined symbol: vhdi_dt_get_vhdl_record_info')
ANF: vhdi_def_traverse_module('simv: undefined symbol: vhdi_def_traverse_module')
ANF: vhdi_def_traverse_scope('simv: undefined symbol: vhdi_def_traverse_scope')
ANF: vhdi_def_traverse_variable('simv: undefined symbol: vhdi_def_traverse_variable')
ANF: vhdi_def_get_module_id_by_vhpi('simv: undefined symbol: vhdi_def_get_module_id_by_vhpi')
ANF: vhdi_def_get_handle_by_module_id('simv: undefined symbol: vhdi_def_get_handle_by_module_id')
ANF: vhdi_def_get_variable_info_by_vhpi('simv: undefined symbol: vhdi_def_get_variable_info_by_vhpi')
ANF: vhdi_def_free('simv: undefined symbol: vhdi_def_free')
ANF: vhdi_ist_traverse_scope('simv: undefined symbol: vhdi_ist_traverse_scope')
ANF: vhdi_ist_traverse_variable('simv: undefined symbol: vhdi_ist_traverse_variable')
ANF: vhdi_ist_convert_by_vhpi('simv: undefined symbol: vhdi_ist_convert_by_vhpi')
ANF: vhdi_ist_clone('simv: undefined symbol: vhdi_ist_clone')
ANF: vhdi_ist_free('simv: undefined symbol: vhdi_ist_free')
ANF: vhdi_ist_hash_key('simv: undefined symbol: vhdi_ist_hash_key')
ANF: vhdi_ist_compare('simv: undefined symbol: vhdi_ist_compare')
ANF: vhdi_ist_get_value_addr('simv: undefined symbol: vhdi_ist_get_value_addr')
ANF: vhdi_set_scsd_callback('simv: undefined symbol: vhdi_set_scsd_callback')
ANF: vhdi_cbk_set_force_callback('simv: undefined symbol: vhdi_cbk_set_force_callback')
ANF: vhdi_trigger_init_force('simv: undefined symbol: vhdi_trigger_init_force')
ANF: vhdi_ist_check_scsd_callback('simv: undefined symbol: vhdi_ist_check_scsd_callback')
ANF: vhdi_ist_add_scsd_callback('simv: undefined symbol: vhdi_ist_add_scsd_callback')
ANF: vhdi_ist_remove_scsd_callback('simv: undefined symbol: vhdi_ist_remove_scsd_callback')
ANF: vhdi_ist_get_scsd_user_data('simv: undefined symbol: vhdi_ist_get_scsd_user_data')
ANF: vhdi_add_time_change_callback('simv: undefined symbol: vhdi_add_time_change_callback')
ANF: vhdi_get_real_value_by_value_addr('simv: undefined symbol: vhdi_get_real_value_by_value_addr')
ANF: vhdi_get_64_value_by_value_addr('simv: undefined symbol: vhdi_get_64_value_by_value_addr')
ANF: vhdi_xprop_inst_is_promoted('simv: undefined symbol: vhdi_xprop_inst_is_promoted')
ANF: vdi_ist_convert_by_vhdi('simv: undefined symbol: vdi_ist_convert_by_vhdi')
ANF: vhdi_ist_get_module_id('simv: undefined symbol: vhdi_ist_get_module_id')
ANF: vhdi_refine_foreign_scope_type('simv: undefined symbol: vhdi_refine_foreign_scope_type')
ANF: vhdi_flush_callback('simv: undefined symbol: vhdi_flush_callback')
ANF: vhdi_set_orig_name('simv: undefined symbol: vhdi_set_orig_name')
ANF: vhdi_set_dump_pt('simv: undefined symbol: vhdi_set_dump_pt')
ANF: vhdi_get_fsdb_option('simv: undefined symbol: vhdi_get_fsdb_option')
ANF: vhdi_fgp_get_mode('simv: undefined symbol: vhdi_fgp_get_mode')
ANF: vhdi_node_register_composite_var('simv: undefined symbol: vhdi_node_register_composite_var')
ANF: vhdi_node_analysis('simv: undefined symbol: vhdi_node_analysis')
ANF: vhdi_node_id('simv: undefined symbol: vhdi_node_id')
ANF: vhdi_node_ist_check_scsd_callback('simv: undefined symbol: vhdi_node_ist_check_scsd_callback')
ANF: vhdi_node_ist_add_scsd_callback('simv: undefined symbol: vhdi_node_ist_add_scsd_callback')
ANF: vhdi_node_ist_get_value_addr('simv: undefined symbol: vhdi_node_ist_get_value_addr')
VCS compile option:
 option[0]: simv
 option[1]: +v2k
 option[2]: +define+RTL
 option[3]: +fsdb+no_flush_log
 option[4]: /usr/cad/synopsys/vcs/2022.06/linux64/bin/vcs1
 option[5]: -Mcc=gcc
 option[6]: -Mcplusplus=g++
 option[7]: -Masflags=
 option[8]: -Mcfl= -pipe -fPIC -O -I/usr/cad/synopsys/vcs/2022.06/include 
 option[9]: -Mxllcflags=
 option[10]: -Mxcflags= -pipe -fPIC -I/usr/cad/synopsys/vcs/2022.06/include
 option[11]: -Mldflags= -rdynamic 
 option[12]: -Mout=simv
 option[13]: -Mamsrun=
 option[14]: -Mvcsaceobjs=
 option[15]: -Mobjects= /usr/cad/synopsys/vcs/2022.06/linux64/lib/libvirsim.so /usr/cad/synopsys/vcs/2022.06/linux64/lib/liberrorinf.so /usr/cad/synopsys/vcs/2022.06/linux64/lib/libsnpsmalloc.so /usr/cad/synopsys/vcs/2022.06/linux64/lib/libvfs.so /usr/cad/synopsys/verdi/cur/share/PLI/VCS/LINUX64/pli.a 
 option[16]: -Mexternalobj=
 option[17]: -Msaverestoreobj=/usr/cad/synopsys/vcs/2022.06/linux64/lib/vcs_save_restore_new.o
 option[18]: -Mcrt0=
 option[19]: -Mcrtn=
 option[20]: -Mcsrc=
 option[21]: -Msyslibs=/usr/cad/synopsys/verdi/2019.06//share/PLI/VCS/LINUX64/pli.a -ldl -lm 
 option[22]: -Xvcs_run_simv=1
 option[23]: -full64
 option[24]: -debug_access+all
 option[25]: +vpi
 option[26]: +vcsd1
 option[27]: +itf+/usr/cad/synopsys/vcs/2022.06/linux64/lib/vcsdp_lite.tab
 option[28]: +v2k
 option[29]: +define+RTL
 option[30]: +fsdb+no_flush_log
 option[31]: -P
 option[32]: /usr/cad/synopsys/verdi/cur/share/PLI/VCS/LINUX64/novas.tab
 option[33]: -picarchive
 option[34]: -P
 option[35]: /usr/cad/synopsys/verdi/2019.06//share/PLI/VCS/LINUX64/verdi.tab
 option[36]: -fsdb
 option[37]: -sverilog
 option[38]: -gen_obj
 option[39]: testbed_dwconv.sv
 option[40]: -load
 option[41]: /usr/cad/synopsys/verdi/2019.06//share/PLI/VCS/LINUX64/libnovas.so:FSDBDumpCmd
Chronologic Simulation VCS Release T-2022.06_Full64
Linux 3.10.0-1160.88.1.el7.x86_64 #1 SMP Tue Mar 7 15:41:52 UTC 2023 x86_64
CPU cores: 256
Limit information:
======================================
cputime		unlimited
filesize		10485760 kbytes
datasize		unlimited
stacksize		8193 kbytes
coredumpsize		0 kbytes
memoryuse		unlimited
vmemoryuse		unlimited
descriptors		4096
memorylocked		64 kbytes
maxproc		4096
======================================
(Special)Runtime environment variables:

Runtime environment variables:
POWERVIEW_64=1
MANPATH=/usr/cad/synopsys/siliconsmart/2022.12/ncx/man:/usr/cad/synopsys/synthesis/2022.03/doc/syn/man:/usr/cad/synopsys/vcs/2022.06/doc/man:/usr/cad/synopsys/lc/2022.03/doc/lc/man:/usr/cad/synopsys/star-rcxt/2019.12-sp5-3//starrc/man
SYNOPSYS_LC_ROOT=/cad/synopsys/lc/cur
XDG_SESSION_ID=c53
SSH_AGENT_PID=235533
TMIARCH=RH_64
HOSTNAME=ee28
XLOCALEDIR=/usr/cad/synopsys/icc2/2021.06-sp5//etc/locale
UNAME=/bin/uname
IMSETTINGS_INTEGRATE_DESKTOP=yes
XRDP_SOCKET_PATH=/run/xrdp
SCRNAME=vcs
VCS_DEPTH=0
HOST=ee28
VTE_VERSION=5204
XDG_MENU_PREFIX=gnome-
SHELL=/bin/tcsh
TERM=xterm-256color
HISTSIZE=1000
GNOME_TERMINAL_SCREEN=/org/gnome/Terminal/screen/81a239c0_a70d_4578_be6f_e36c432a99f2
CDS_LOAD_ENV=CSF
QTDIR=/usr/lib64/qt-3.3
HSP_GCC_VERSION=7.3.0
MGC_LOCATION_MAP=NO_MAP
QTINC=/usr/lib64/qt-3.3/include
LC_ALL=C
SNPS_VCS_INTERNAL_ROOT_PID=228070
QT_GRAPHICSSYSTEM_CHECKED=1
IMSETTINGS_MODULE=none
SPAPI_AHDL_INCLUDE=/RAID2/cad/synopsys/hspice/2020.03-sp2-2/hspice/include
GROUP=ea25vlsiintro
USER=ea25vlsiintro056
HSP_HOME=/RAID2/cad/synopsys/hspice/2020.03-sp2-2/hspice
LS_COLORS=rs=0:di=38;5;27:ln=38;5;51:mh=44;38;5;15:pi=40;38;5;11:so=38;5;13:do=38;5;5:bd=48;5;232;38;5;11:cd=48;5;232;38;5;3:or=48;5;232;38;5;9:mi=05;48;5;232;38;5;15:su=48;5;196;38;5;15:sg=48;5;11;38;5;16:ca=48;5;196;38;5;226:tw=48;5;10;38;5;16:ow=48;5;10;38;5;21:st=48;5;21;38;5;15:ex=38;5;34:*.tar=38;5;9:*.tgz=38;5;9:*.arc=38;5;9:*.arj=38;5;9:*.taz=38;5;9:*.lha=38;5;9:*.lz4=38;5;9:*.lzh=38;5;9:*.lzma=38;5;9:*.tlz=38;5;9:*.txz=38;5;9:*.tzo=38;5;9:*.t7z=38;5;9:*.zip=38;5;9:*.z=38;5;9:*.Z=38;5;9:*.dz=38;5;9:*.gz=38;5;9:*.lrz=38;5;9:*.lz=38;5;9:*.lzo=38;5;9:*.xz=38;5;9:*.bz2=38;5;9:*.bz=38;5;9:*.tbz=38;5;9:*.tbz2=38;5;9:*.tz=38;5;9:*.deb=38;5;9:*.rpm=38;5;9:*.jar=38;5;9:*.war=38;5;9:*.ear=38;5;9:*.sar=38;5;9:*.rar=38;5;9:*.alz=38;5;9:*.ace=38;5;9:*.zoo=38;5;9:*.cpio=38;5;9:*.7z=38;5;9:*.rz=38;5;9:*.cab=38;5;9:*.jpg=38;5;13:*.jpeg=38;5;13:*.gif=38;5;13:*.bmp=38;5;13:*.pbm=38;5;13:*.pgm=38;5;13:*.ppm=38;5;13:*.tga=38;5;13:*.xbm=38;5;13:*.xpm=38;5;13:*.tif=38;5;13:*.tiff=38;5;13:*.png=38;5;13:*.svg=38;5;13:*.svgz=38;5;13:*.mng=38;5;13:*.pcx=38;5;13:*.mov=38;5;13:*.mpg=38;5;13:*.mpeg=38;5;13:*.m2v=38;5;13:*.mkv=38;5;13:*.webm=38;5;13:*.ogm=38;5;13:*.mp4=38;5;13:*.m4v=38;5;13:*.mp4v=38;5;13:*.vob=38;5;13:*.qt=38;5;13:*.nuv=38;5;13:*.wmv=38;5;13:*.asf=38;5;13:*.rm=38;5;13:*.rmvb=38;5;13:*.flc=38;5;13:*.avi=38;5;13:*.fli=38;5;13:*.flv=38;5;13:*.gl=38;5;13:*.dl=38;5;13:*.xcf=38;5;13:*.xwd=38;5;13:*.yuv=38;5;13:*.cgm=38;5;13:*.emf=38;5;13:*.axv=38;5;13:*.anx=38;5;13:*.ogv=38;5;13:*.ogx=38;5;13:*.aac=38;5;45:*.au=38;5;45:*.flac=38;5;45:*.mid=38;5;45:*.midi=38;5;45:*.mka=38;5;45:*.mp3=38;5;45:*.mpc=38;5;45:*.ogg=38;5;45:*.ra=38;5;45:*.wav=38;5;45:*.axa=38;5;45:*.oga=38;5;45:*.spx=38;5;45:*.xspf=38;5;45:
LD_LIBRARY_PATH=/usr/cad/synopsys/vcs/2022.06/lib:/usr/cad/synopsys/vcs/2022.06/linux64/lib:/RAID2/cad/synopsys/verdi/cur/share/PLI/IUS/linux64/boot:/RAID2/cad/synopsys/verdi/cur/share/PLI/lib/linux64
GNOME_TERMINAL_SERVICE=:1.103
SCRIPT_NAME=vcs
VCS_MX_HOME_INTERNAL=1
HOSTTYPE=x86_64-linux
SSH_AUTH_SOCK=/run/user/18956/keyring/ssh
installdir=/RAID2/cad/synopsys/hspice/2020.03-sp2-2/hspice
SNPS_VCS_CLANG_PATH=/usr/cad/synopsys/vcs/2022.06/linux64/clang
SESSION_MANAGER=local/unix:@/tmp/.ICE-unix/235531,unix/unix:/tmp/.ICE-unix/235531
VCS_USER_OPTIONS=-sverilog testbed_dwconv.sv -R -full64 -debug_access+all +v2k +define+RTL +fsdb+no_flush_log -P /usr/cad/synopsys/verdi/cur/share/PLI/VCS/LINUX64/novas.tab /usr/cad/synopsys/verdi/cur/share/PLI/VCS/LINUX64/pli.a
CMIARCH=RH_64
OVA_UUM=0
XRDP_PULSE_SINK_SOCKET=xrdp_chansrv_audio_out_socket_16
VCS_MODE_FLAG=64
PULSE_SCRIPT=/etc/xrdp/pulse/default.pa
SYNOPSYS_NCX_ROOT=/usr/cad/synopsys/star-rcxt/2019.12-sp5-3/
GNOME_SHELL_SESSION_MODE=classic
VC_STATIC_HOME=/usr/cad/synopsys/vc_formal/cur/
MAIL=/var/spool/mail/ea25vlsiintro056
PATH=.:/RAID2/cad/MATLAB/bin/:/opt/btop/bin/:/RAID2/cad/Xilinx/Vivado/2020.2/bin:/RAID2/eda/jasper_2021.03//bin:/usr/cad/synopsys/cosmos_scope/cur/ai_bin:/usr/cad/synopsys/spyglass/2023.03//SPYGLASS_HOME/bin:/usr/cad/synopsys/icc/2022.03/amd64/syn/bin:/usr/cad/synopsys/primetime/2019.03-sp5-1//amd64/syn/bin:/usr/cad/synopsys/fc/2022.03/bin:/usr/cad/synopsys/lc/2022.03/bin:/usr/cad/synopsys/vc_formal/cur/bin:/usr/cad/synopsys/vcs/2022.06/amd64/bin:/usr/cad/synopsys/verdi/2019.06//bin:/usr/cad/synopsys/synthesis/2022.03/amd64/syn/bin:/cad/synopsys/lc/cur/bin:/usr/cad/cadence/SPECTRE/SPECTRE_19.10.322//tools/bin/64bit:/usr/cad/cadence/SPECTRE/SPECTRE_19.10.322//tools/dfII/bin/64bit:/usr/cad/cadence/SPECTRE/SPECTRE_19.10.322//tools/bin:/usr/cad/cadence/SPECTRE/SPECTRE_19.10.322//tools/dfII/bin:/usr/cad/cadence/SSV/SSV_21.12.000//tools/bin/64bit:/usr/cad/cadence/SSV/SSV_21.12.000//tools/bin:/usr/cad/cadence/QUANTUS/QUANTUS_21.11.000//tools/bin/64bit:/usr/cad/cadence/QUANTUS/QUANTUS_21.11.000//tools/bin:/usr/cad/cadence/PEGASUS/PEGASUS_21.20.000//tools/bin/64bit:/usr/cad/cadence/PEGASUS/PEGASUS_21.20.000//tools/bin:/usr/cad/cadence/JASPER/jasper_2023.09p001/bin:/usr/cad/cadence/INNOVUS/INNOVUS_20.15.000/tools/bin/64bit:/usr/cad/cadence/INNOVUS/INNOVUS_20.15.000/tools/bin:/usr/cad/cadence/INCISIV/INCISIVE_15.20.084/tools/bin/64bit:/usr/cad/cadence/INCISIV/INCISIVE_15.20.084/tools/bin:/usr/cad/cadence/XCELIUM/XCELIUM_22.03.003/tools/bin/64bit:/usr/cad/cadence/XCELIUM/XCELIUM_22.03.003/tools/bin:/usr/cad/cadence/GENUS/GENUS_20.10.000/tools/bin/64bit:/usr/cad/cadence/GENUS/GENUS_20.10.000/tools/bin:/usr/cad/mentor/Tessent/cur/bin:/usr/cad/mentor/calibre/aoi_cal_2019.2_26.18//bin:/usr/cad/synopsys/laker_oa/2021.06//bin:/usr/cad/synopsys/customexplorer/2022.06//bin:/usr/cad/synopsys/customcompiler/2020.12-sp1-2//bin:/usr/cad/synopsys/customcompiler/2020.12-sp1-2//primewave/bin:/usr/cad/synopsys/siliconsmart/2022.12/bin:/usr/cad/synopsys/xa/2022.06//bin:/usr/cad/synopsys/finesim/2022.06//bin:/RAID2/cad/synopsys/hspice/2020.03-sp2-2/hspice/bin:/RAID2/cad/synopsys/hspice/2020.03-sp2-2/hspice/GNU/linux64/gcc/bin:/RAID2/cad/synopsys/hspice/2020.03-sp2-2/hspice/linux64:/usr/bin:/usr/ucb/bin:/usr/cad/synopsys/hspice/2020.03-sp2-2//hspice/bin:/usr/cad/cadence/LIBERATE/LIBREATE_21.72.187/tools.lnx86/bin/64bit:/usr/cad/cadence/LIBERATE/LIBREATE_21.72.187/tools.lnx86/bin:/usr/cad/cadence/IC/IC_06.18.250/tools/bin:/usr/cad/cadence/IC/IC_06.18.250/tools/dracula/bin:/usr/cad/cadence/IC/IC_06.18.250/tools/dfII/bin:/usr/cad/cadence/IC/IC_06.18.250/tools/bin/64bit:/usr/cad/cadence/IC/IC_06.18.250/tools/dracula/bin/64bit:/usr/cad/cadence/IC/IC_06.18.250/tools/dfII/bin/64bit:/usr/lib64/qt-3.3/bin:/sbin:/bin:/usr/bin:/usr/local/bin:/usr/local/sbin:/usr/sbin:/RAID2/COURSE/2025_Fall/ea25vlsiintro/ea25vlsiintro056/.local/bin:/RAID2/COURSE/2025_Fall/ea25vlsiintro/ea25vlsiintro056/bin:/RAID2/COURSE/2025_Fall/ea25vlsiintro/ea25vlsiintro056/.local/bin:/RAID2/COURSE/2025_Fall/ea25vlsiintro/ea25vlsiintro056/bin:/usr/sbin/:/usr/sbin/:/RAID2/Tool/bin/
QT_IM_MODULE=ibus
SNPS_VCS_INTERNAL_CURR_PID=228070
CALIBRE_HOME=/usr/cad/mentor/calibre/aoi_cal_2019.2_26.18/
VERDI_HOME=/usr/cad/synopsys/verdi/2019.06/
PWD=/RAID2/COURSE/2025_Fall/ea25vlsiintro/ea25vlsiintro056/wuyizhong/dwconv
XMODIFIERS=@im=ibus
VCS_HOME=/usr/cad/synopsys/vcs/2022.06
SNPS_VCS_INTERNAL_MEMPRELOAD_USE_LIBC=1
SNPS_INTERNAL_VCS_LINUX_OS=linux
XRDP_SESSION=1
XRDP_PULSE_SOURCE_SOCKET=xrdp_chansrv_audio_in_socket_16
Laker_TCL_ToolBox=1
FINESIM_64=1
VMR_MODE_FLAG=64
FINEWAVE_64=1
CDSHOME=/usr/cad/cadence/IC/IC_06.18.250
VCS_CC=gcc
CDS_Netlisting_Mode=Analog
LM_LICENSE_FILE=26585@lshc:5280@lshc:1717@lshc:5280@lstc:26585@lstc:1717@lstc
SYNOPSYS=/usr/cad/synopsys/synthesis/cur/
HISTCONTROL=ignoredups
SSH_ASKPASS=/usr/libexec/openssh/gnome-ssh-askpass
VCS_ARG_ADDED_FOR_TMP=1
SNPS_VCS_TMPDIR=/tmp/vcs_20260209150555_228070
SHLVL=4
HOME=/RAID2/COURSE/2025_Fall/ea25vlsiintro/ea25vlsiintro056
HSP_GCC=/RAID2/cad/synopsys/hspice/2020.03-sp2-2/hspice/GNU/linux64/gcc/bin/gcc -m64 
OSTYPE=linux
Laker_TCL_L3=1
MGC_HOME=/usr/cad/mentor/calibre/aoi_cal_2019.2_26.18/
GNOME_DESKTOP_SESSION_ID=this-is-deprecated
CDS_AUTO_64BIT=ALL
ICV_HOME_DIR=/usr/cad/synopsys/icvalidator/2021.06-sp2/
SNPS_64=1
VCS_COM=/usr/cad/synopsys/vcs/2022.06/linux64/bin/vcs1
VENDOR=unknown
HSP_SIGMA_AMP=/RAID2/cad/synopsys/hspice/2020.03-sp2-2/hspice/linux64/python/Omega/Omega
SNPS_PLATFORM=linux64
MGC_TMPDIR=/tmp
LOGNAME=ea25vlsiintro056
MACHTYPE=x86_64
QTLIB=/usr/lib64/qt-3.3/lib
MGLS_LICENSE_FILE=1717@lshc
SNPS_VCS_INTERNAL_ROOT_START_TIME=1770649555.534380399
DBUS_SESSION_BUS_ADDRESS=unix:abstract=/tmp/dbus-P8KeNRvqt6,guid=fd8f9aaffb8c29b448418e0e6986d028
XDG_DATA_DIRS=/RAID2/COURSE/2025_Fall/ea25vlsiintro/ea25vlsiintro056/.local/share/flatpak/exports/share:/var/lib/flatpak/exports/share:/usr/local/share:/usr/share
UID=18956
mraarch=linux_64
LESSOPEN=||/usr/bin/lesspipe.sh %s
ARCH=linux64
SHLIB_PATH=/usr/cad/synopsys/verdi/2019.06//etc/lib/libstdc++/LINUX64/:/usr/cad/synopsys/verdi/2019.06//share/PLI/lib/LINUX64/:/usr/cad/synopsys/verdi/2019.06//share/PLI/VCS/LINUX64/:
JGOLD_dir=/RAID2/eda/jasper_2021.03/
sysc_uni_pwd=/RAID2/COURSE/2025_Fall/ea25vlsiintro/ea25vlsiintro056/wuyizhong/dwconv
CDPL_HOME=/RAID2/cad/synopsys/hspice/2020.03-sp2-2/hspice/cdpl
DISPLAY=:16.0
XDG_RUNTIME_DIR=/run/user/18956
VCS_ARCH=linux64
SYN_MAN_DIR=/usr/cad/synopsys/star-rcxt/2019.12-sp5-3//starrc/man
TOOL_HOME=/usr/cad/synopsys/vcs/2022.06/linux64
XDG_CURRENT_DESKTOP=GNOME
COLORTERM=truecolor
_=./simv
OLDPWD=/RAID2/COURSE/2025_Fall/ea25vlsiintro/ea25vlsiintro056/wuyizhong/dwconv/simv.daidir/debug_dump/fsearch
VCS_PATHMAP_PRELOAD_DONE=1
VCS_EXEC_DONE=1
DVE=/usr/cad/synopsys/vcs/2022.06/gui/dve
SPECMAN_OUTPUT_TO_TTY=1
FLEXLM_BORROWFILE=/RAID2/COURSE/2025_Fall/ea25vlsiintro/ea25vlsiintro056/.ee28-borrow.txt
Runtime command line arguments:
argv[0]=simv
argv[1]=+v2k
argv[2]=+define+RTL
argv[3]=+fsdb+no_flush_log
292 profile - 100
          CPU/Mem usage: 0.080 sys,  0.250 user,  269.01M mem
293 Elapsed time:    0:00:00    Mon Feb  9 23:05:59 2026
294 pliAppInit
295 FSDB_GATE is set.
296 FSDB_RTL is set.
297 FSDB_RTL is set.
298 FSDB_FIELDTYPE is set.
299 Enable Parallel Dumping.
300 pliAppMiscSet: New Sim Round
301 pliEntryInit
302 LIBSSCORE=found /usr/cad/synopsys/verdi/2019.06//share/PLI/lib/LINUXAMD64/libsscore_vcs201906.so through $NOVAS_HOME setting.
303 FSDB Dumper for VCS, Release Verdi_P-2019.06, Linux x86_64/64bit, 05/26/2019
304 (C) 1996 - 2019 by Synopsys, Inc.
305 ***********************************************************************
306 *  ERROR -                                                            *
307 *  The simulator version is newer than the FSDB dumper version which  *
308 *  may cause abnormal behavior, please contact Synopsys support for   *
309 *  assistance.                                                        *
310 ***********************************************************************
311 sps_call_fsdbDumpfile_main at 0 : testbed_dwconv.sv(71)
312 argv[0]: (waves.fsdb)
313 *Verdi* FSDB WARNING: The FSDB file already exists. Overwriting the FSDB file may crash the programs that are using this file.
314 *Verdi* : Create FSDB file 'waves.fsdb'
315 compile option from '/RAID2/COURSE/2025_Fall/ea25vlsiintro/ea25vlsiintro056/wuyizhong/dwconv/simv.daidir/vcs_rebuild'.
316   "vcs '-sverilog' 'testbed_dwconv.sv' '-R' '-full64' '-debug_access+all' '+v2k' '+define+RTL' '+fsdb+no_flush_log' '-P' '/usr/cad/synopsys/verdi/cur/share/PLI/VCS/LINUX64/novas.tab' '/usr/cad/synopsys/verdi/cur/share/PLI/VCS/LINUX64/pli.a' 2>&1"
317 DVDI_is_vir_unload_enabled is enable
318 FSDB_VCS_ENABLE_NATIVE_VC is enable
319 sps_call_fsdbDumpvars_vd_main at 0 : testbed_dwconv.sv(72)
320 argv[0]: (0)
321 argv[1]: (handle) TESTBED.I_DUT
322 argv[2]: (+mda)
323 [spi_vcs_vd_ppi_create_root]: no upf option
324 FSDB dumper cannot dump UPF related power signal ($power_tree): no ppiPowerNetwork.
325 Power dumping is enabled and VIR_REDUCTION may not work.
326 *Verdi* : Begin traversing the scope (TESTBED.I_DUT), layer (0).
327 *Verdi* : Enable +mda dumping.
328 *Verdi* : End of traversing.
329 pliAppHDL_DumpVarComplete traverse var: profile - 
          CPU/Mem usage: 0.100 sys,  0.270 user,  372.90M mem
                   incr: 0.010 sys,  0.020 user,  11.56M mem
                   accu: 0.010 sys,  0.020 user,  11.56M mem
              accu incr: 0.010 sys,  0.020 user,  11.56M mem

          Count usage: 91563 var,  91561 idcode,  72 callback
                 incr: 91563 var,  91561 idcode,  72 callback
                 accu: 91563 var,  91561 idcode,  72 callback
            accu incr: 91563 var,  91561 idcode,  72 callback
330 Elapsed time:    0:00:01    Mon Feb  9 23:06:00 2026
331 pliAppHDL_DumpVarComplete: profile - 
          CPU/Mem usage: 0.100 sys,  0.280 user,  377.92M mem
                   incr: 0.000 sys,  0.010 user,  5.02M mem
                   accu: 0.010 sys,  0.030 user,  16.58M mem
              accu incr: 0.000 sys,  0.010 user,  5.02M mem

          Count usage: 91563 var,  91561 idcode,  72 callback
                 incr: 0 var,  0 idcode,  0 callback
                 accu: 91563 var,  91561 idcode,  72 callback
            accu incr: 0 var,  0 idcode,  0 callback
332 Elapsed time:    0:00:01    Mon Feb  9 23:06:00 2026
333 sps_call_fsdbDumpflush_vd_main at 1000000 : testbed_dwconv.sv(77)
334 *Verdi* : Flush all FSDB Files at 1,000,000 ps.
335 sps_call_fsdbDumpflush_vd_main at 2000000 : testbed_dwconv.sv(77)
336 *Verdi* : Flush all FSDB Files at 2,000,000 ps.
337 sps_call_fsdbDumpflush_vd_main at 3000000 : testbed_dwconv.sv(77)
338 *Verdi* : Flush all FSDB Files at 3,000,000 ps.
339 sps_call_fsdbDumpflush_vd_main at 4000000 : testbed_dwconv.sv(77)
340 *Verdi* : Flush all FSDB Files at 4,000,000 ps.
341 sps_call_fsdbDumpflush_vd_main at 5000000 : testbed_dwconv.sv(77)
342 *Verdi* : Flush all FSDB Files at 5,000,000 ps.
343 sps_call_fsdbDumpflush_vd_main at 6000000 : testbed_dwconv.sv(77)
344 *Verdi* : Flush all FSDB Files at 6,000,000 ps.
345 sps_call_fsdbDumpflush_vd_main at 7000000 : testbed_dwconv.sv(77)
346 *Verdi* : Flush all FSDB Files at 7,000,000 ps.
347 sps_call_fsdbDumpflush_vd_main at 8000000 : testbed_dwconv.sv(77)
348 *Verdi* : Flush all FSDB Files at 8,000,000 ps.
349 sps_call_fsdbDumpflush_vd_main at 9000000 : testbed_dwconv.sv(77)
350 *Verdi* : Flush all FSDB Files at 9,000,000 ps.
351 sps_call_fsdbDumpflush_vd_main at 10000000 : testbed_dwconv.sv(77)
352 *Verdi* : Flush all FSDB Files at 10,000,000 ps.
353 sps_call_fsdbDumpflush_vd_main at 11000000 : testbed_dwconv.sv(77)
354 *Verdi* : Flush all FSDB Files at 11,000,000 ps.
355 sps_call_fsdbDumpflush_vd_main at 12000000 : testbed_dwconv.sv(77)
356 *Verdi* : Flush all FSDB Files at 12,000,000 ps.
357 sps_call_fsdbDumpflush_vd_main at 13000000 : testbed_dwconv.sv(77)
358 *Verdi* : Flush all FSDB Files at 13,000,000 ps.
359 sps_call_fsdbDumpflush_vd_main at 14000000 : testbed_dwconv.sv(77)
360 *Verdi* : Flush all FSDB Files at 14,000,000 ps.
361 sps_call_fsdbDumpflush_vd_main at 15000000 : testbed_dwconv.sv(77)
362 *Verdi* : Flush all FSDB Files at 15,000,000 ps.
363 sps_call_fsdbDumpflush_vd_main at 16000000 : testbed_dwconv.sv(77)
364 *Verdi* : Flush all FSDB Files at 16,000,000 ps.
365 sps_call_fsdbDumpflush_vd_main at 17000000 : testbed_dwconv.sv(77)
366 *Verdi* : Flush all FSDB Files at 17,000,000 ps.
367 sps_call_fsdbDumpflush_vd_main at 18000000 : testbed_dwconv.sv(77)
368 *Verdi* : Flush all FSDB Files at 18,000,000 ps.
369 sps_call_fsdbDumpflush_vd_main at 19000000 : testbed_dwconv.sv(77)
370 *Verdi* : Flush all FSDB Files at 19,000,000 ps.
371 sps_call_fsdbDumpflush_vd_main at 20000000 : testbed_dwconv.sv(77)
372 *Verdi* : Flush all FSDB Files at 20,000,000 ps.
373 sps_call_fsdbDumpflush_vd_main at 21000000 : testbed_dwconv.sv(77)
374 *Verdi* : Flush all FSDB Files at 21,000,000 ps.
375 sps_call_fsdbDumpflush_vd_main at 22000000 : testbed_dwconv.sv(77)
376 *Verdi* : Flush all FSDB Files at 22,000,000 ps.
377 sps_call_fsdbDumpflush_vd_main at 23000000 : testbed_dwconv.sv(77)
378 *Verdi* : Flush all FSDB Files at 23,000,000 ps.
379 sps_call_fsdbDumpflush_vd_main at 24000000 : testbed_dwconv.sv(77)
380 *Verdi* : Flush all FSDB Files at 24,000,000 ps.
381 sps_call_fsdbDumpflush_vd_main at 25000000 : testbed_dwconv.sv(77)
382 *Verdi* : Flush all FSDB Files at 25,000,000 ps.
383 sps_call_fsdbDumpflush_vd_main at 26000000 : testbed_dwconv.sv(77)
384 *Verdi* : Flush all FSDB Files at 26,000,000 ps.
385 sps_call_fsdbDumpflush_vd_main at 27000000 : testbed_dwconv.sv(77)
386 *Verdi* : Flush all FSDB Files at 27,000,000 ps.
387 sps_call_fsdbDumpflush_vd_main at 28000000 : testbed_dwconv.sv(77)
388 *Verdi* : Flush all FSDB Files at 28,000,000 ps.
389 sps_call_fsdbDumpflush_vd_main at 29000000 : testbed_dwconv.sv(77)
390 *Verdi* : Flush all FSDB Files at 29,000,000 ps.
391 sps_call_fsdbDumpflush_vd_main at 30000000 : testbed_dwconv.sv(77)
392 *Verdi* : Flush all FSDB Files at 30,000,000 ps.
393 sps_call_fsdbDumpflush_vd_main at 31000000 : testbed_dwconv.sv(77)
394 *Verdi* : Flush all FSDB Files at 31,000,000 ps.
395 sps_call_fsdbDumpflush_vd_main at 32000000 : testbed_dwconv.sv(77)
396 *Verdi* : Flush all FSDB Files at 32,000,000 ps.
397 sps_call_fsdbDumpflush_vd_main at 33000000 : testbed_dwconv.sv(77)
398 *Verdi* : Flush all FSDB Files at 33,000,000 ps.
399 sps_call_fsdbDumpflush_vd_main at 34000000 : testbed_dwconv.sv(77)
400 *Verdi* : Flush all FSDB Files at 34,000,000 ps.
401 sps_call_fsdbDumpflush_vd_main at 35000000 : testbed_dwconv.sv(77)
402 *Verdi* : Flush all FSDB Files at 35,000,000 ps.
403 sps_call_fsdbDumpflush_vd_main at 36000000 : testbed_dwconv.sv(77)
404 *Verdi* : Flush all FSDB Files at 36,000,000 ps.
405 sps_call_fsdbDumpflush_vd_main at 37000000 : testbed_dwconv.sv(77)
406 *Verdi* : Flush all FSDB Files at 37,000,000 ps.
407 sps_call_fsdbDumpflush_vd_main at 38000000 : testbed_dwconv.sv(77)
408 *Verdi* : Flush all FSDB Files at 38,000,000 ps.
409 sps_call_fsdbDumpflush_vd_main at 39000000 : testbed_dwconv.sv(77)
410 *Verdi* : Flush all FSDB Files at 39,000,000 ps.
411 sps_call_fsdbDumpflush_vd_main at 40000000 : testbed_dwconv.sv(77)
412 *Verdi* : Flush all FSDB Files at 40,000,000 ps.
413 sps_call_fsdbDumpflush_vd_main at 41000000 : testbed_dwconv.sv(77)
414 *Verdi* : Flush all FSDB Files at 41,000,000 ps.
415 sps_call_fsdbDumpflush_vd_main at 42000000 : testbed_dwconv.sv(77)
416 *Verdi* : Flush all FSDB Files at 42,000,000 ps.
417 sps_call_fsdbDumpflush_vd_main at 43000000 : testbed_dwconv.sv(77)
418 *Verdi* : Flush all FSDB Files at 43,000,000 ps.
419 sps_call_fsdbDumpflush_vd_main at 44000000 : testbed_dwconv.sv(77)
420 *Verdi* : Flush all FSDB Files at 44,000,000 ps.
421 sps_call_fsdbDumpflush_vd_main at 45000000 : testbed_dwconv.sv(77)
422 *Verdi* : Flush all FSDB Files at 45,000,000 ps.
423 sps_call_fsdbDumpflush_vd_main at 46000000 : testbed_dwconv.sv(77)
424 *Verdi* : Flush all FSDB Files at 46,000,000 ps.
425 sps_call_fsdbDumpflush_vd_main at 47000000 : testbed_dwconv.sv(77)
426 *Verdi* : Flush all FSDB Files at 47,000,000 ps.
427 sps_call_fsdbDumpflush_vd_main at 48000000 : testbed_dwconv.sv(77)
428 *Verdi* : Flush all FSDB Files at 48,000,000 ps.
429 sps_call_fsdbDumpflush_vd_main at 49000000 : testbed_dwconv.sv(77)
430 *Verdi* : Flush all FSDB Files at 49,000,000 ps.
431 sps_call_fsdbDumpflush_vd_main at 50000000 : testbed_dwconv.sv(77)
432 *Verdi* : Flush all FSDB Files at 50,000,000 ps.
433 sps_call_fsdbDumpflush_vd_main at 51000000 : testbed_dwconv.sv(77)
434 *Verdi* : Flush all FSDB Files at 51,000,000 ps.
435 sps_call_fsdbDumpflush_vd_main at 52000000 : testbed_dwconv.sv(77)
436 *Verdi* : Flush all FSDB Files at 52,000,000 ps.
437 sps_call_fsdbDumpflush_vd_main at 53000000 : testbed_dwconv.sv(77)
438 *Verdi* : Flush all FSDB Files at 53,000,000 ps.
439 sps_call_fsdbDumpflush_vd_main at 54000000 : testbed_dwconv.sv(77)
440 *Verdi* : Flush all FSDB Files at 54,000,000 ps.
441 sps_call_fsdbDumpflush_vd_main at 55000000 : testbed_dwconv.sv(77)
442 *Verdi* : Flush all FSDB Files at 55,000,000 ps.
443 sps_call_fsdbDumpflush_vd_main at 56000000 : testbed_dwconv.sv(77)
444 *Verdi* : Flush all FSDB Files at 56,000,000 ps.
445 sps_call_fsdbDumpflush_vd_main at 57000000 : testbed_dwconv.sv(77)
446 *Verdi* : Flush all FSDB Files at 57,000,000 ps.
447 sps_call_fsdbDumpflush_vd_main at 58000000 : testbed_dwconv.sv(77)
448 *Verdi* : Flush all FSDB Files at 58,000,000 ps.
449 sps_call_fsdbDumpflush_vd_main at 59000000 : testbed_dwconv.sv(77)
450 *Verdi* : Flush all FSDB Files at 59,000,000 ps.
451 sps_call_fsdbDumpflush_vd_main at 60000000 : testbed_dwconv.sv(77)
452 *Verdi* : Flush all FSDB Files at 60,000,000 ps.
453 sps_call_fsdbDumpflush_vd_main at 61000000 : testbed_dwconv.sv(77)
454 *Verdi* : Flush all FSDB Files at 61,000,000 ps.
455 sps_call_fsdbDumpflush_vd_main at 62000000 : testbed_dwconv.sv(77)
456 *Verdi* : Flush all FSDB Files at 62,000,000 ps.
457 sps_call_fsdbDumpflush_vd_main at 63000000 : testbed_dwconv.sv(77)
458 *Verdi* : Flush all FSDB Files at 63,000,000 ps.
459 sps_call_fsdbDumpflush_vd_main at 64000000 : testbed_dwconv.sv(77)
460 *Verdi* : Flush all FSDB Files at 64,000,000 ps.
461 sps_call_fsdbDumpflush_vd_main at 65000000 : testbed_dwconv.sv(77)
462 *Verdi* : Flush all FSDB Files at 65,000,000 ps.
463 sps_call_fsdbDumpflush_vd_main at 66000000 : testbed_dwconv.sv(77)
464 *Verdi* : Flush all FSDB Files at 66,000,000 ps.
465 sps_call_fsdbDumpflush_vd_main at 67000000 : testbed_dwconv.sv(77)
466 *Verdi* : Flush all FSDB Files at 67,000,000 ps.
467 sps_call_fsdbDumpflush_vd_main at 68000000 : testbed_dwconv.sv(77)
468 *Verdi* : Flush all FSDB Files at 68,000,000 ps.
469 sps_call_fsdbDumpflush_vd_main at 69000000 : testbed_dwconv.sv(77)
470 *Verdi* : Flush all FSDB Files at 69,000,000 ps.
471 sps_call_fsdbDumpflush_vd_main at 70000000 : testbed_dwconv.sv(77)
472 *Verdi* : Flush all FSDB Files at 70,000,000 ps.
473 sps_call_fsdbDumpflush_vd_main at 71000000 : testbed_dwconv.sv(77)
474 *Verdi* : Flush all FSDB Files at 71,000,000 ps.
475 sps_call_fsdbDumpflush_vd_main at 72000000 : testbed_dwconv.sv(77)
476 *Verdi* : Flush all FSDB Files at 72,000,000 ps.
477 sps_call_fsdbDumpflush_vd_main at 73000000 : testbed_dwconv.sv(77)
478 *Verdi* : Flush all FSDB Files at 73,000,000 ps.
479 sps_call_fsdbDumpflush_vd_main at 74000000 : testbed_dwconv.sv(77)
480 *Verdi* : Flush all FSDB Files at 74,000,000 ps.
481 sps_call_fsdbDumpflush_vd_main at 75000000 : testbed_dwconv.sv(77)
482 *Verdi* : Flush all FSDB Files at 75,000,000 ps.
483 sps_call_fsdbDumpflush_vd_main at 76000000 : testbed_dwconv.sv(77)
484 *Verdi* : Flush all FSDB Files at 76,000,000 ps.
485 sps_call_fsdbDumpflush_vd_main at 77000000 : testbed_dwconv.sv(77)
486 *Verdi* : Flush all FSDB Files at 77,000,000 ps.
487 sps_call_fsdbDumpflush_vd_main at 78000000 : testbed_dwconv.sv(77)
488 *Verdi* : Flush all FSDB Files at 78,000,000 ps.
489 sps_call_fsdbDumpflush_vd_main at 79000000 : testbed_dwconv.sv(77)
490 *Verdi* : Flush all FSDB Files at 79,000,000 ps.
491 sps_call_fsdbDumpflush_vd_main at 80000000 : testbed_dwconv.sv(77)
492 *Verdi* : Flush all FSDB Files at 80,000,000 ps.
493 sps_call_fsdbDumpflush_vd_main at 81000000 : testbed_dwconv.sv(77)
494 *Verdi* : Flush all FSDB Files at 81,000,000 ps.
495 sps_call_fsdbDumpflush_vd_main at 82000000 : testbed_dwconv.sv(77)
496 *Verdi* : Flush all FSDB Files at 82,000,000 ps.
497 sps_call_fsdbDumpflush_vd_main at 83000000 : testbed_dwconv.sv(77)
498 *Verdi* : Flush all FSDB Files at 83,000,000 ps.
499 sps_call_fsdbDumpflush_vd_main at 84000000 : testbed_dwconv.sv(77)
500 *Verdi* : Flush all FSDB Files at 84,000,000 ps.
501 sps_call_fsdbDumpflush_vd_main at 85000000 : testbed_dwconv.sv(77)
502 *Verdi* : Flush all FSDB Files at 85,000,000 ps.
503 sps_call_fsdbDumpflush_vd_main at 86000000 : testbed_dwconv.sv(77)
504 *Verdi* : Flush all FSDB Files at 86,000,000 ps.
505 sps_call_fsdbDumpflush_vd_main at 87000000 : testbed_dwconv.sv(77)
506 *Verdi* : Flush all FSDB Files at 87,000,000 ps.
507 sps_call_fsdbDumpflush_vd_main at 88000000 : testbed_dwconv.sv(77)
508 *Verdi* : Flush all FSDB Files at 88,000,000 ps.
509 sps_call_fsdbDumpflush_vd_main at 89000000 : testbed_dwconv.sv(77)
510 *Verdi* : Flush all FSDB Files at 89,000,000 ps.
511 sps_call_fsdbDumpflush_vd_main at 90000000 : testbed_dwconv.sv(77)
512 *Verdi* : Flush all FSDB Files at 90,000,000 ps.
513 sps_call_fsdbDumpflush_vd_main at 91000000 : testbed_dwconv.sv(77)
514 *Verdi* : Flush all FSDB Files at 91,000,000 ps.
515 sps_call_fsdbDumpflush_vd_main at 92000000 : testbed_dwconv.sv(77)
516 *Verdi* : Flush all FSDB Files at 92,000,000 ps.
517 sps_call_fsdbDumpflush_vd_main at 93000000 : testbed_dwconv.sv(77)
518 *Verdi* : Flush all FSDB Files at 93,000,000 ps.
519 sps_call_fsdbDumpflush_vd_main at 94000000 : testbed_dwconv.sv(77)
520 *Verdi* : Flush all FSDB Files at 94,000,000 ps.
521 sps_call_fsdbDumpflush_vd_main at 95000000 : testbed_dwconv.sv(77)
522 *Verdi* : Flush all FSDB Files at 95,000,000 ps.
523 sps_call_fsdbDumpflush_vd_main at 96000000 : testbed_dwconv.sv(77)
524 *Verdi* : Flush all FSDB Files at 96,000,000 ps.
525 sps_call_fsdbDumpflush_vd_main at 97000000 : testbed_dwconv.sv(77)
526 *Verdi* : Flush all FSDB Files at 97,000,000 ps.
527 sps_call_fsdbDumpflush_vd_main at 98000000 : testbed_dwconv.sv(77)
528 *Verdi* : Flush all FSDB Files at 98,000,000 ps.
529 sps_call_fsdbDumpflush_vd_main at 99000000 : testbed_dwconv.sv(77)
530 *Verdi* : Flush all FSDB Files at 99,000,000 ps.
531 sps_call_fsdbDumpflush_vd_main at 100000000 : testbed_dwconv.sv(77)
532 *Verdi* : Flush all FSDB Files at 100,000,000 ps.
533 sps_call_fsdbDumpflush_vd_main at 101000000 : testbed_dwconv.sv(77)
534 *Verdi* : Flush all FSDB Files at 101,000,000 ps.
535 sps_call_fsdbDumpflush_vd_main at 102000000 : testbed_dwconv.sv(77)
536 *Verdi* : Flush all FSDB Files at 102,000,000 ps.
537 sps_call_fsdbDumpflush_vd_main at 103000000 : testbed_dwconv.sv(77)
538 *Verdi* : Flush all FSDB Files at 103,000,000 ps.
539 sps_call_fsdbDumpflush_vd_main at 104000000 : testbed_dwconv.sv(77)
540 *Verdi* : Flush all FSDB Files at 104,000,000 ps.
541 sps_call_fsdbDumpflush_vd_main at 105000000 : testbed_dwconv.sv(77)
542 *Verdi* : Flush all FSDB Files at 105,000,000 ps.
543 sps_call_fsdbDumpflush_vd_main at 106000000 : testbed_dwconv.sv(77)
544 *Verdi* : Flush all FSDB Files at 106,000,000 ps.
545 sps_call_fsdbDumpflush_vd_main at 107000000 : testbed_dwconv.sv(77)
546 *Verdi* : Flush all FSDB Files at 107,000,000 ps.
547 sps_call_fsdbDumpflush_vd_main at 108000000 : testbed_dwconv.sv(77)
548 *Verdi* : Flush all FSDB Files at 108,000,000 ps.
549 sps_call_fsdbDumpflush_vd_main at 109000000 : testbed_dwconv.sv(77)
550 *Verdi* : Flush all FSDB Files at 109,000,000 ps.
551 sps_call_fsdbDumpflush_vd_main at 110000000 : testbed_dwconv.sv(77)
552 *Verdi* : Flush all FSDB Files at 110,000,000 ps.
553 sps_call_fsdbDumpflush_vd_main at 111000000 : testbed_dwconv.sv(77)
554 *Verdi* : Flush all FSDB Files at 111,000,000 ps.
555 sps_call_fsdbDumpflush_vd_main at 112000000 : testbed_dwconv.sv(77)
556 *Verdi* : Flush all FSDB Files at 112,000,000 ps.
557 sps_call_fsdbDumpflush_vd_main at 113000000 : testbed_dwconv.sv(77)
558 *Verdi* : Flush all FSDB Files at 113,000,000 ps.
559 sps_call_fsdbDumpflush_vd_main at 114000000 : testbed_dwconv.sv(77)
560 *Verdi* : Flush all FSDB Files at 114,000,000 ps.
561 sps_call_fsdbDumpflush_vd_main at 115000000 : testbed_dwconv.sv(77)
562 *Verdi* : Flush all FSDB Files at 115,000,000 ps.
563 sps_call_fsdbDumpflush_vd_main at 116000000 : testbed_dwconv.sv(77)
564 *Verdi* : Flush all FSDB Files at 116,000,000 ps.
565 sps_call_fsdbDumpflush_vd_main at 117000000 : testbed_dwconv.sv(77)
566 *Verdi* : Flush all FSDB Files at 117,000,000 ps.
567 sps_call_fsdbDumpflush_vd_main at 118000000 : testbed_dwconv.sv(77)
568 *Verdi* : Flush all FSDB Files at 118,000,000 ps.
569 sps_call_fsdbDumpflush_vd_main at 119000000 : testbed_dwconv.sv(77)
570 *Verdi* : Flush all FSDB Files at 119,000,000 ps.
571 sps_call_fsdbDumpflush_vd_main at 120000000 : testbed_dwconv.sv(77)
572 *Verdi* : Flush all FSDB Files at 120,000,000 ps.
573 sps_call_fsdbDumpflush_vd_main at 121000000 : testbed_dwconv.sv(77)
574 *Verdi* : Flush all FSDB Files at 121,000,000 ps.
575 sps_call_fsdbDumpflush_vd_main at 122000000 : testbed_dwconv.sv(77)
576 *Verdi* : Flush all FSDB Files at 122,000,000 ps.
577 sps_call_fsdbDumpflush_vd_main at 123000000 : testbed_dwconv.sv(77)
578 *Verdi* : Flush all FSDB Files at 123,000,000 ps.
579 sps_call_fsdbDumpflush_vd_main at 124000000 : testbed_dwconv.sv(77)
580 *Verdi* : Flush all FSDB Files at 124,000,000 ps.
581 sps_call_fsdbDumpflush_vd_main at 125000000 : testbed_dwconv.sv(77)
582 *Verdi* : Flush all FSDB Files at 125,000,000 ps.
583 sps_call_fsdbDumpflush_vd_main at 126000000 : testbed_dwconv.sv(77)
584 *Verdi* : Flush all FSDB Files at 126,000,000 ps.
585 sps_call_fsdbDumpflush_vd_main at 127000000 : testbed_dwconv.sv(77)
586 *Verdi* : Flush all FSDB Files at 127,000,000 ps.
587 sps_call_fsdbDumpflush_vd_main at 128000000 : testbed_dwconv.sv(77)
588 *Verdi* : Flush all FSDB Files at 128,000,000 ps.
589 sps_call_fsdbDumpflush_vd_main at 129000000 : testbed_dwconv.sv(77)
590 *Verdi* : Flush all FSDB Files at 129,000,000 ps.
591 sps_call_fsdbDumpflush_vd_main at 130000000 : testbed_dwconv.sv(77)
592 *Verdi* : Flush all FSDB Files at 130,000,000 ps.
593 sps_call_fsdbDumpflush_vd_main at 131000000 : testbed_dwconv.sv(77)
594 *Verdi* : Flush all FSDB Files at 131,000,000 ps.
595 sps_call_fsdbDumpflush_vd_main at 132000000 : testbed_dwconv.sv(77)
596 *Verdi* : Flush all FSDB Files at 132,000,000 ps.
597 sps_call_fsdbDumpflush_vd_main at 133000000 : testbed_dwconv.sv(77)
598 *Verdi* : Flush all FSDB Files at 133,000,000 ps.
599 sps_call_fsdbDumpflush_vd_main at 134000000 : testbed_dwconv.sv(77)
600 *Verdi* : Flush all FSDB Files at 134,000,000 ps.
601 sps_call_fsdbDumpflush_vd_main at 135000000 : testbed_dwconv.sv(77)
602 *Verdi* : Flush all FSDB Files at 135,000,000 ps.
603 sps_call_fsdbDumpflush_vd_main at 136000000 : testbed_dwconv.sv(77)
604 *Verdi* : Flush all FSDB Files at 136,000,000 ps.
605 sps_call_fsdbDumpflush_vd_main at 137000000 : testbed_dwconv.sv(77)
606 *Verdi* : Flush all FSDB Files at 137,000,000 ps.
607 sps_call_fsdbDumpflush_vd_main at 138000000 : testbed_dwconv.sv(77)
608 *Verdi* : Flush all FSDB Files at 138,000,000 ps.
609 sps_call_fsdbDumpflush_vd_main at 139000000 : testbed_dwconv.sv(77)
610 *Verdi* : Flush all FSDB Files at 139,000,000 ps.
611 sps_call_fsdbDumpflush_vd_main at 140000000 : testbed_dwconv.sv(77)
612 *Verdi* : Flush all FSDB Files at 140,000,000 ps.
613 sps_call_fsdbDumpflush_vd_main at 141000000 : testbed_dwconv.sv(77)
614 *Verdi* : Flush all FSDB Files at 141,000,000 ps.
615 sps_call_fsdbDumpflush_vd_main at 142000000 : testbed_dwconv.sv(77)
616 *Verdi* : Flush all FSDB Files at 142,000,000 ps.
617 sps_call_fsdbDumpflush_vd_main at 143000000 : testbed_dwconv.sv(77)
618 *Verdi* : Flush all FSDB Files at 143,000,000 ps.
619 sps_call_fsdbDumpflush_vd_main at 144000000 : testbed_dwconv.sv(77)
620 *Verdi* : Flush all FSDB Files at 144,000,000 ps.
621 sps_call_fsdbDumpflush_vd_main at 145000000 : testbed_dwconv.sv(77)
622 *Verdi* : Flush all FSDB Files at 145,000,000 ps.
623 sps_call_fsdbDumpflush_vd_main at 146000000 : testbed_dwconv.sv(77)
624 *Verdi* : Flush all FSDB Files at 146,000,000 ps.
625 sps_call_fsdbDumpflush_vd_main at 147000000 : testbed_dwconv.sv(77)
626 *Verdi* : Flush all FSDB Files at 147,000,000 ps.
627 sps_call_fsdbDumpflush_vd_main at 148000000 : testbed_dwconv.sv(77)
628 *Verdi* : Flush all FSDB Files at 148,000,000 ps.
629 sps_call_fsdbDumpflush_vd_main at 149000000 : testbed_dwconv.sv(77)
630 *Verdi* : Flush all FSDB Files at 149,000,000 ps.
631 sps_call_fsdbDumpflush_vd_main at 150000000 : testbed_dwconv.sv(77)
632 *Verdi* : Flush all FSDB Files at 150,000,000 ps.
633 sps_call_fsdbDumpflush_vd_main at 151000000 : testbed_dwconv.sv(77)
634 *Verdi* : Flush all FSDB Files at 151,000,000 ps.
635 sps_call_fsdbDumpflush_vd_main at 152000000 : testbed_dwconv.sv(77)
636 *Verdi* : Flush all FSDB Files at 152,000,000 ps.
637 sps_call_fsdbDumpflush_vd_main at 153000000 : testbed_dwconv.sv(77)
638 *Verdi* : Flush all FSDB Files at 153,000,000 ps.
639 sps_call_fsdbDumpflush_vd_main at 154000000 : testbed_dwconv.sv(77)
640 *Verdi* : Flush all FSDB Files at 154,000,000 ps.
641 sps_call_fsdbDumpflush_vd_main at 155000000 : testbed_dwconv.sv(77)
642 *Verdi* : Flush all FSDB Files at 155,000,000 ps.
643 sps_call_fsdbDumpflush_vd_main at 156000000 : testbed_dwconv.sv(77)
644 *Verdi* : Flush all FSDB Files at 156,000,000 ps.
645 sps_call_fsdbDumpflush_vd_main at 157000000 : testbed_dwconv.sv(77)
646 *Verdi* : Flush all FSDB Files at 157,000,000 ps.
647 sps_call_fsdbDumpflush_vd_main at 158000000 : testbed_dwconv.sv(77)
648 *Verdi* : Flush all FSDB Files at 158,000,000 ps.
649 sps_call_fsdbDumpflush_vd_main at 159000000 : testbed_dwconv.sv(77)
650 *Verdi* : Flush all FSDB Files at 159,000,000 ps.
651 sps_call_fsdbDumpflush_vd_main at 160000000 : testbed_dwconv.sv(77)
652 *Verdi* : Flush all FSDB Files at 160,000,000 ps.
653 sps_call_fsdbDumpflush_vd_main at 161000000 : testbed_dwconv.sv(77)
654 *Verdi* : Flush all FSDB Files at 161,000,000 ps.
655 sps_call_fsdbDumpflush_vd_main at 162000000 : testbed_dwconv.sv(77)
656 *Verdi* : Flush all FSDB Files at 162,000,000 ps.
657 sps_call_fsdbDumpflush_vd_main at 163000000 : testbed_dwconv.sv(77)
658 *Verdi* : Flush all FSDB Files at 163,000,000 ps.
659 sps_call_fsdbDumpflush_vd_main at 164000000 : testbed_dwconv.sv(77)
660 *Verdi* : Flush all FSDB Files at 164,000,000 ps.
661 sps_call_fsdbDumpflush_vd_main at 165000000 : testbed_dwconv.sv(77)
662 *Verdi* : Flush all FSDB Files at 165,000,000 ps.
663 sps_call_fsdbDumpflush_vd_main at 166000000 : testbed_dwconv.sv(77)
664 *Verdi* : Flush all FSDB Files at 166,000,000 ps.
665 sps_call_fsdbDumpflush_vd_main at 167000000 : testbed_dwconv.sv(77)
666 *Verdi* : Flush all FSDB Files at 167,000,000 ps.
667 sps_call_fsdbDumpflush_vd_main at 168000000 : testbed_dwconv.sv(77)
668 *Verdi* : Flush all FSDB Files at 168,000,000 ps.
669 sps_call_fsdbDumpflush_vd_main at 169000000 : testbed_dwconv.sv(77)
670 *Verdi* : Flush all FSDB Files at 169,000,000 ps.
671 sps_call_fsdbDumpflush_vd_main at 170000000 : testbed_dwconv.sv(77)
672 *Verdi* : Flush all FSDB Files at 170,000,000 ps.
673 sps_call_fsdbDumpflush_vd_main at 171000000 : testbed_dwconv.sv(77)
674 *Verdi* : Flush all FSDB Files at 171,000,000 ps.
675 sps_call_fsdbDumpflush_vd_main at 172000000 : testbed_dwconv.sv(77)
676 *Verdi* : Flush all FSDB Files at 172,000,000 ps.
677 sps_call_fsdbDumpflush_vd_main at 173000000 : testbed_dwconv.sv(77)
678 *Verdi* : Flush all FSDB Files at 173,000,000 ps.
679 sps_call_fsdbDumpflush_vd_main at 174000000 : testbed_dwconv.sv(77)
680 *Verdi* : Flush all FSDB Files at 174,000,000 ps.
681 sps_call_fsdbDumpflush_vd_main at 175000000 : testbed_dwconv.sv(77)
682 *Verdi* : Flush all FSDB Files at 175,000,000 ps.
683 sps_call_fsdbDumpflush_vd_main at 176000000 : testbed_dwconv.sv(77)
684 *Verdi* : Flush all FSDB Files at 176,000,000 ps.
685 sps_call_fsdbDumpflush_vd_main at 177000000 : testbed_dwconv.sv(77)
686 *Verdi* : Flush all FSDB Files at 177,000,000 ps.
687 sps_call_fsdbDumpflush_vd_main at 178000000 : testbed_dwconv.sv(77)
688 *Verdi* : Flush all FSDB Files at 178,000,000 ps.
689 sps_call_fsdbDumpflush_vd_main at 179000000 : testbed_dwconv.sv(77)
690 *Verdi* : Flush all FSDB Files at 179,000,000 ps.
691 sps_call_fsdbDumpflush_vd_main at 180000000 : testbed_dwconv.sv(77)
692 *Verdi* : Flush all FSDB Files at 180,000,000 ps.
693 sps_call_fsdbDumpflush_vd_main at 181000000 : testbed_dwconv.sv(77)
694 *Verdi* : Flush all FSDB Files at 181,000,000 ps.
695 sps_call_fsdbDumpflush_vd_main at 182000000 : testbed_dwconv.sv(77)
696 *Verdi* : Flush all FSDB Files at 182,000,000 ps.
697 sps_call_fsdbDumpflush_vd_main at 183000000 : testbed_dwconv.sv(77)
698 *Verdi* : Flush all FSDB Files at 183,000,000 ps.
699 sps_call_fsdbDumpflush_vd_main at 184000000 : testbed_dwconv.sv(77)
700 *Verdi* : Flush all FSDB Files at 184,000,000 ps.
701 sps_call_fsdbDumpflush_vd_main at 185000000 : testbed_dwconv.sv(77)
702 *Verdi* : Flush all FSDB Files at 185,000,000 ps.
703 sps_call_fsdbDumpflush_vd_main at 186000000 : testbed_dwconv.sv(77)
704 *Verdi* : Flush all FSDB Files at 186,000,000 ps.
705 sps_call_fsdbDumpflush_vd_main at 187000000 : testbed_dwconv.sv(77)
706 *Verdi* : Flush all FSDB Files at 187,000,000 ps.
707 sps_call_fsdbDumpflush_vd_main at 188000000 : testbed_dwconv.sv(77)
708 *Verdi* : Flush all FSDB Files at 188,000,000 ps.
709 sps_call_fsdbDumpflush_vd_main at 189000000 : testbed_dwconv.sv(77)
710 *Verdi* : Flush all FSDB Files at 189,000,000 ps.
711 sps_call_fsdbDumpflush_vd_main at 190000000 : testbed_dwconv.sv(77)
712 *Verdi* : Flush all FSDB Files at 190,000,000 ps.
713 sps_call_fsdbDumpflush_vd_main at 191000000 : testbed_dwconv.sv(77)
714 *Verdi* : Flush all FSDB Files at 191,000,000 ps.
715 sps_call_fsdbDumpflush_vd_main at 192000000 : testbed_dwconv.sv(77)
716 *Verdi* : Flush all FSDB Files at 192,000,000 ps.
717 sps_call_fsdbDumpflush_vd_main at 193000000 : testbed_dwconv.sv(77)
718 *Verdi* : Flush all FSDB Files at 193,000,000 ps.
719 sps_call_fsdbDumpflush_vd_main at 194000000 : testbed_dwconv.sv(77)
720 *Verdi* : Flush all FSDB Files at 194,000,000 ps.
721 sps_call_fsdbDumpflush_vd_main at 195000000 : testbed_dwconv.sv(77)
722 *Verdi* : Flush all FSDB Files at 195,000,000 ps.
723 sps_call_fsdbDumpflush_vd_main at 196000000 : testbed_dwconv.sv(77)
724 *Verdi* : Flush all FSDB Files at 196,000,000 ps.
725 sps_call_fsdbDumpflush_vd_main at 197000000 : testbed_dwconv.sv(77)
726 *Verdi* : Flush all FSDB Files at 197,000,000 ps.
727 sps_call_fsdbDumpflush_vd_main at 198000000 : testbed_dwconv.sv(77)
728 *Verdi* : Flush all FSDB Files at 198,000,000 ps.
729 sps_call_fsdbDumpflush_vd_main at 199000000 : testbed_dwconv.sv(77)
730 *Verdi* : Flush all FSDB Files at 199,000,000 ps.
731 sps_call_fsdbDumpflush_vd_main at 200000000 : testbed_dwconv.sv(77)
732 *Verdi* : Flush all FSDB Files at 200,000,000 ps.
733 sps_call_fsdbDumpflush_vd_main at 201000000 : testbed_dwconv.sv(77)
734 *Verdi* : Flush all FSDB Files at 201,000,000 ps.
735 sps_call_fsdbDumpflush_vd_main at 202000000 : testbed_dwconv.sv(77)
736 *Verdi* : Flush all FSDB Files at 202,000,000 ps.
737 sps_call_fsdbDumpflush_vd_main at 203000000 : testbed_dwconv.sv(77)
738 *Verdi* : Flush all FSDB Files at 203,000,000 ps.
739 sps_call_fsdbDumpflush_vd_main at 204000000 : testbed_dwconv.sv(77)
740 *Verdi* : Flush all FSDB Files at 204,000,000 ps.
741 sps_call_fsdbDumpflush_vd_main at 205000000 : testbed_dwconv.sv(77)
742 *Verdi* : Flush all FSDB Files at 205,000,000 ps.
743 sps_call_fsdbDumpflush_vd_main at 206000000 : testbed_dwconv.sv(77)
744 *Verdi* : Flush all FSDB Files at 206,000,000 ps.
745 sps_call_fsdbDumpflush_vd_main at 207000000 : testbed_dwconv.sv(77)
746 *Verdi* : Flush all FSDB Files at 207,000,000 ps.
747 sps_call_fsdbDumpflush_vd_main at 208000000 : testbed_dwconv.sv(77)
748 *Verdi* : Flush all FSDB Files at 208,000,000 ps.
749 sps_call_fsdbDumpflush_vd_main at 209000000 : testbed_dwconv.sv(77)
750 *Verdi* : Flush all FSDB Files at 209,000,000 ps.
751 sps_call_fsdbDumpflush_vd_main at 210000000 : testbed_dwconv.sv(77)
752 *Verdi* : Flush all FSDB Files at 210,000,000 ps.
753 sps_call_fsdbDumpflush_vd_main at 211000000 : testbed_dwconv.sv(77)
754 *Verdi* : Flush all FSDB Files at 211,000,000 ps.
755 sps_call_fsdbDumpflush_vd_main at 212000000 : testbed_dwconv.sv(77)
756 *Verdi* : Flush all FSDB Files at 212,000,000 ps.
757 sps_call_fsdbDumpflush_vd_main at 213000000 : testbed_dwconv.sv(77)
758 *Verdi* : Flush all FSDB Files at 213,000,000 ps.
759 sps_call_fsdbDumpflush_vd_main at 214000000 : testbed_dwconv.sv(77)
760 *Verdi* : Flush all FSDB Files at 214,000,000 ps.
761 sps_call_fsdbDumpflush_vd_main at 215000000 : testbed_dwconv.sv(77)
762 *Verdi* : Flush all FSDB Files at 215,000,000 ps.
763 sps_call_fsdbDumpflush_vd_main at 216000000 : testbed_dwconv.sv(77)
764 *Verdi* : Flush all FSDB Files at 216,000,000 ps.
765 sps_call_fsdbDumpflush_vd_main at 217000000 : testbed_dwconv.sv(77)
766 *Verdi* : Flush all FSDB Files at 217,000,000 ps.
767 sps_call_fsdbDumpflush_vd_main at 218000000 : testbed_dwconv.sv(77)
768 *Verdi* : Flush all FSDB Files at 218,000,000 ps.
769 sps_call_fsdbDumpflush_vd_main at 219000000 : testbed_dwconv.sv(77)
770 *Verdi* : Flush all FSDB Files at 219,000,000 ps.
771 sps_call_fsdbDumpflush_vd_main at 220000000 : testbed_dwconv.sv(77)
772 *Verdi* : Flush all FSDB Files at 220,000,000 ps.
773 sps_call_fsdbDumpflush_vd_main at 221000000 : testbed_dwconv.sv(77)
774 *Verdi* : Flush all FSDB Files at 221,000,000 ps.
775 sps_call_fsdbDumpflush_vd_main at 222000000 : testbed_dwconv.sv(77)
776 *Verdi* : Flush all FSDB Files at 222,000,000 ps.
777 sps_call_fsdbDumpflush_vd_main at 223000000 : testbed_dwconv.sv(77)
778 *Verdi* : Flush all FSDB Files at 223,000,000 ps.
779 sps_call_fsdbDumpflush_vd_main at 224000000 : testbed_dwconv.sv(77)
780 *Verdi* : Flush all FSDB Files at 224,000,000 ps.
781 sps_call_fsdbDumpflush_vd_main at 225000000 : testbed_dwconv.sv(77)
782 *Verdi* : Flush all FSDB Files at 225,000,000 ps.
783 sps_call_fsdbDumpflush_vd_main at 226000000 : testbed_dwconv.sv(77)
784 *Verdi* : Flush all FSDB Files at 226,000,000 ps.
785 sps_call_fsdbDumpflush_vd_main at 227000000 : testbed_dwconv.sv(77)
786 *Verdi* : Flush all FSDB Files at 227,000,000 ps.
787 sps_call_fsdbDumpflush_vd_main at 228000000 : testbed_dwconv.sv(77)
788 *Verdi* : Flush all FSDB Files at 228,000,000 ps.
789 sps_call_fsdbDumpflush_vd_main at 229000000 : testbed_dwconv.sv(77)
790 *Verdi* : Flush all FSDB Files at 229,000,000 ps.
791 sps_call_fsdbDumpflush_vd_main at 230000000 : testbed_dwconv.sv(77)
792 *Verdi* : Flush all FSDB Files at 230,000,000 ps.
793 sps_call_fsdbDumpflush_vd_main at 231000000 : testbed_dwconv.sv(77)
794 *Verdi* : Flush all FSDB Files at 231,000,000 ps.
795 sps_call_fsdbDumpflush_vd_main at 232000000 : testbed_dwconv.sv(77)
796 *Verdi* : Flush all FSDB Files at 232,000,000 ps.
797 sps_call_fsdbDumpflush_vd_main at 233000000 : testbed_dwconv.sv(77)
798 *Verdi* : Flush all FSDB Files at 233,000,000 ps.
799 sps_call_fsdbDumpflush_vd_main at 234000000 : testbed_dwconv.sv(77)
800 *Verdi* : Flush all FSDB Files at 234,000,000 ps.
801 sps_call_fsdbDumpflush_vd_main at 235000000 : testbed_dwconv.sv(77)
802 *Verdi* : Flush all FSDB Files at 235,000,000 ps.
803 sps_call_fsdbDumpflush_vd_main at 236000000 : testbed_dwconv.sv(77)
804 *Verdi* : Flush all FSDB Files at 236,000,000 ps.
805 sps_call_fsdbDumpflush_vd_main at 237000000 : testbed_dwconv.sv(77)
806 *Verdi* : Flush all FSDB Files at 237,000,000 ps.
807 sps_call_fsdbDumpflush_vd_main at 238000000 : testbed_dwconv.sv(77)
808 *Verdi* : Flush all FSDB Files at 238,000,000 ps.
809 sps_call_fsdbDumpflush_vd_main at 239000000 : testbed_dwconv.sv(77)
810 *Verdi* : Flush all FSDB Files at 239,000,000 ps.
811 sps_call_fsdbDumpflush_vd_main at 240000000 : testbed_dwconv.sv(77)
812 *Verdi* : Flush all FSDB Files at 240,000,000 ps.
813 sps_call_fsdbDumpflush_vd_main at 241000000 : testbed_dwconv.sv(77)
814 *Verdi* : Flush all FSDB Files at 241,000,000 ps.
815 sps_call_fsdbDumpflush_vd_main at 242000000 : testbed_dwconv.sv(77)
816 *Verdi* : Flush all FSDB Files at 242,000,000 ps.
817 sps_call_fsdbDumpflush_vd_main at 243000000 : testbed_dwconv.sv(77)
818 *Verdi* : Flush all FSDB Files at 243,000,000 ps.
819 sps_call_fsdbDumpflush_vd_main at 244000000 : testbed_dwconv.sv(77)
820 *Verdi* : Flush all FSDB Files at 244,000,000 ps.
821 sps_call_fsdbDumpflush_vd_main at 245000000 : testbed_dwconv.sv(77)
822 *Verdi* : Flush all FSDB Files at 245,000,000 ps.
823 sps_call_fsdbDumpflush_vd_main at 246000000 : testbed_dwconv.sv(77)
824 *Verdi* : Flush all FSDB Files at 246,000,000 ps.
825 sps_call_fsdbDumpflush_vd_main at 247000000 : testbed_dwconv.sv(77)
826 *Verdi* : Flush all FSDB Files at 247,000,000 ps.
827 sps_call_fsdbDumpflush_vd_main at 248000000 : testbed_dwconv.sv(77)
828 *Verdi* : Flush all FSDB Files at 248,000,000 ps.
829 sps_call_fsdbDumpflush_vd_main at 249000000 : testbed_dwconv.sv(77)
830 *Verdi* : Flush all FSDB Files at 249,000,000 ps.
831 sps_call_fsdbDumpflush_vd_main at 250000000 : testbed_dwconv.sv(77)
832 *Verdi* : Flush all FSDB Files at 250,000,000 ps.
833 sps_call_fsdbDumpflush_vd_main at 251000000 : testbed_dwconv.sv(77)
834 *Verdi* : Flush all FSDB Files at 251,000,000 ps.
835 sps_call_fsdbDumpflush_vd_main at 252000000 : testbed_dwconv.sv(77)
836 *Verdi* : Flush all FSDB Files at 252,000,000 ps.
837 sps_call_fsdbDumpflush_vd_main at 253000000 : testbed_dwconv.sv(77)
838 *Verdi* : Flush all FSDB Files at 253,000,000 ps.
839 sps_call_fsdbDumpflush_vd_main at 254000000 : testbed_dwconv.sv(77)
840 *Verdi* : Flush all FSDB Files at 254,000,000 ps.
841 sps_call_fsdbDumpflush_vd_main at 255000000 : testbed_dwconv.sv(77)
842 *Verdi* : Flush all FSDB Files at 255,000,000 ps.
843 sps_call_fsdbDumpflush_vd_main at 256000000 : testbed_dwconv.sv(77)
844 *Verdi* : Flush all FSDB Files at 256,000,000 ps.
845 sps_call_fsdbDumpflush_vd_main at 257000000 : testbed_dwconv.sv(77)
846 *Verdi* : Flush all FSDB Files at 257,000,000 ps.
847 sps_call_fsdbDumpflush_vd_main at 258000000 : testbed_dwconv.sv(77)
848 *Verdi* : Flush all FSDB Files at 258,000,000 ps.
849 sps_call_fsdbDumpflush_vd_main at 259000000 : testbed_dwconv.sv(77)
850 *Verdi* : Flush all FSDB Files at 259,000,000 ps.
851 sps_call_fsdbDumpflush_vd_main at 260000000 : testbed_dwconv.sv(77)
852 *Verdi* : Flush all FSDB Files at 260,000,000 ps.
853 sps_call_fsdbDumpflush_vd_main at 261000000 : testbed_dwconv.sv(77)
854 *Verdi* : Flush all FSDB Files at 261,000,000 ps.
855 sps_call_fsdbDumpflush_vd_main at 262000000 : testbed_dwconv.sv(77)
856 *Verdi* : Flush all FSDB Files at 262,000,000 ps.
857 sps_call_fsdbDumpflush_vd_main at 263000000 : testbed_dwconv.sv(77)
858 *Verdi* : Flush all FSDB Files at 263,000,000 ps.
859 sps_call_fsdbDumpflush_vd_main at 264000000 : testbed_dwconv.sv(77)
860 *Verdi* : Flush all FSDB Files at 264,000,000 ps.
861 sps_call_fsdbDumpflush_vd_main at 265000000 : testbed_dwconv.sv(77)
862 *Verdi* : Flush all FSDB Files at 265,000,000 ps.
863 sps_call_fsdbDumpflush_vd_main at 266000000 : testbed_dwconv.sv(77)
864 *Verdi* : Flush all FSDB Files at 266,000,000 ps.
865 sps_call_fsdbDumpflush_vd_main at 267000000 : testbed_dwconv.sv(77)
866 *Verdi* : Flush all FSDB Files at 267,000,000 ps.
867 sps_call_fsdbDumpflush_vd_main at 268000000 : testbed_dwconv.sv(77)
868 *Verdi* : Flush all FSDB Files at 268,000,000 ps.
869 sps_call_fsdbDumpflush_vd_main at 269000000 : testbed_dwconv.sv(77)
870 *Verdi* : Flush all FSDB Files at 269,000,000 ps.
871 sps_call_fsdbDumpflush_vd_main at 270000000 : testbed_dwconv.sv(77)
872 *Verdi* : Flush all FSDB Files at 270,000,000 ps.
873 sps_call_fsdbDumpflush_vd_main at 271000000 : testbed_dwconv.sv(77)
874 *Verdi* : Flush all FSDB Files at 271,000,000 ps.
875 sps_call_fsdbDumpflush_vd_main at 272000000 : testbed_dwconv.sv(77)
876 *Verdi* : Flush all FSDB Files at 272,000,000 ps.
877 sps_call_fsdbDumpflush_vd_main at 273000000 : testbed_dwconv.sv(77)
878 *Verdi* : Flush all FSDB Files at 273,000,000 ps.
879 sps_call_fsdbDumpflush_vd_main at 274000000 : testbed_dwconv.sv(77)
880 *Verdi* : Flush all FSDB Files at 274,000,000 ps.
881 sps_call_fsdbDumpflush_vd_main at 275000000 : testbed_dwconv.sv(77)
882 *Verdi* : Flush all FSDB Files at 275,000,000 ps.
883 sps_call_fsdbDumpflush_vd_main at 276000000 : testbed_dwconv.sv(77)
884 *Verdi* : Flush all FSDB Files at 276,000,000 ps.
885 sps_call_fsdbDumpflush_vd_main at 277000000 : testbed_dwconv.sv(77)
886 *Verdi* : Flush all FSDB Files at 277,000,000 ps.
887 sps_call_fsdbDumpflush_vd_main at 278000000 : testbed_dwconv.sv(77)
888 *Verdi* : Flush all FSDB Files at 278,000,000 ps.
889 sps_call_fsdbDumpflush_vd_main at 279000000 : testbed_dwconv.sv(77)
890 *Verdi* : Flush all FSDB Files at 279,000,000 ps.
891 sps_call_fsdbDumpflush_vd_main at 280000000 : testbed_dwconv.sv(77)
892 *Verdi* : Flush all FSDB Files at 280,000,000 ps.
893 sps_call_fsdbDumpflush_vd_main at 281000000 : testbed_dwconv.sv(77)
894 *Verdi* : Flush all FSDB Files at 281,000,000 ps.
895 sps_call_fsdbDumpflush_vd_main at 282000000 : testbed_dwconv.sv(77)
896 *Verdi* : Flush all FSDB Files at 282,000,000 ps.
897 sps_call_fsdbDumpflush_vd_main at 283000000 : testbed_dwconv.sv(77)
898 *Verdi* : Flush all FSDB Files at 283,000,000 ps.
899 sps_call_fsdbDumpflush_vd_main at 284000000 : testbed_dwconv.sv(77)
900 *Verdi* : Flush all FSDB Files at 284,000,000 ps.
901 sps_call_fsdbDumpflush_vd_main at 285000000 : testbed_dwconv.sv(77)
902 *Verdi* : Flush all FSDB Files at 285,000,000 ps.
903 sps_call_fsdbDumpflush_vd_main at 286000000 : testbed_dwconv.sv(77)
904 *Verdi* : Flush all FSDB Files at 286,000,000 ps.
905 sps_call_fsdbDumpflush_vd_main at 287000000 : testbed_dwconv.sv(77)
906 *Verdi* : Flush all FSDB Files at 287,000,000 ps.
907 sps_call_fsdbDumpflush_vd_main at 288000000 : testbed_dwconv.sv(77)
908 *Verdi* : Flush all FSDB Files at 288,000,000 ps.
909 sps_call_fsdbDumpflush_vd_main at 289000000 : testbed_dwconv.sv(77)
910 *Verdi* : Flush all FSDB Files at 289,000,000 ps.
911 sps_call_fsdbDumpflush_vd_main at 290000000 : testbed_dwconv.sv(77)
912 *Verdi* : Flush all FSDB Files at 290,000,000 ps.
913 sps_call_fsdbDumpflush_vd_main at 291000000 : testbed_dwconv.sv(77)
914 *Verdi* : Flush all FSDB Files at 291,000,000 ps.
915 sps_call_fsdbDumpflush_vd_main at 292000000 : testbed_dwconv.sv(77)
916 *Verdi* : Flush all FSDB Files at 292,000,000 ps.
917 sps_call_fsdbDumpflush_vd_main at 293000000 : testbed_dwconv.sv(77)
918 *Verdi* : Flush all FSDB Files at 293,000,000 ps.
919 sps_call_fsdbDumpflush_vd_main at 294000000 : testbed_dwconv.sv(77)
920 *Verdi* : Flush all FSDB Files at 294,000,000 ps.
921 sps_call_fsdbDumpflush_vd_main at 295000000 : testbed_dwconv.sv(77)
922 *Verdi* : Flush all FSDB Files at 295,000,000 ps.
923 sps_call_fsdbDumpflush_vd_main at 296000000 : testbed_dwconv.sv(77)
924 *Verdi* : Flush all FSDB Files at 296,000,000 ps.
925 sps_call_fsdbDumpflush_vd_main at 297000000 : testbed_dwconv.sv(77)
926 *Verdi* : Flush all FSDB Files at 297,000,000 ps.
927 sps_call_fsdbDumpflush_vd_main at 298000000 : testbed_dwconv.sv(77)
928 *Verdi* : Flush all FSDB Files at 298,000,000 ps.
929 sps_call_fsdbDumpflush_vd_main at 299000000 : testbed_dwconv.sv(77)
930 *Verdi* : Flush all FSDB Files at 299,000,000 ps.
931 sps_call_fsdbDumpflush_vd_main at 300000000 : testbed_dwconv.sv(77)
932 *Verdi* : Flush all FSDB Files at 300,000,000 ps.
933 sps_call_fsdbDumpflush_vd_main at 301000000 : testbed_dwconv.sv(77)
934 *Verdi* : Flush all FSDB Files at 301,000,000 ps.
935 sps_call_fsdbDumpflush_vd_main at 302000000 : testbed_dwconv.sv(77)
936 *Verdi* : Flush all FSDB Files at 302,000,000 ps.
937 sps_call_fsdbDumpflush_vd_main at 303000000 : testbed_dwconv.sv(77)
938 *Verdi* : Flush all FSDB Files at 303,000,000 ps.
939 sps_call_fsdbDumpflush_vd_main at 304000000 : testbed_dwconv.sv(77)
940 *Verdi* : Flush all FSDB Files at 304,000,000 ps.
941 sps_call_fsdbDumpflush_vd_main at 305000000 : testbed_dwconv.sv(77)
942 *Verdi* : Flush all FSDB Files at 305,000,000 ps.
943 sps_call_fsdbDumpflush_vd_main at 306000000 : testbed_dwconv.sv(77)
944 *Verdi* : Flush all FSDB Files at 306,000,000 ps.
945 sps_call_fsdbDumpflush_vd_main at 307000000 : testbed_dwconv.sv(77)
946 *Verdi* : Flush all FSDB Files at 307,000,000 ps.
947 sps_call_fsdbDumpflush_vd_main at 308000000 : testbed_dwconv.sv(77)
948 *Verdi* : Flush all FSDB Files at 308,000,000 ps.
949 sps_call_fsdbDumpflush_vd_main at 309000000 : testbed_dwconv.sv(77)
950 *Verdi* : Flush all FSDB Files at 309,000,000 ps.
951 sps_call_fsdbDumpflush_vd_main at 310000000 : testbed_dwconv.sv(77)
952 *Verdi* : Flush all FSDB Files at 310,000,000 ps.
953 sps_call_fsdbDumpflush_vd_main at 311000000 : testbed_dwconv.sv(77)
954 *Verdi* : Flush all FSDB Files at 311,000,000 ps.
955 sps_call_fsdbDumpflush_vd_main at 312000000 : testbed_dwconv.sv(77)
956 *Verdi* : Flush all FSDB Files at 312,000,000 ps.
957 sps_call_fsdbDumpflush_vd_main at 313000000 : testbed_dwconv.sv(77)
958 *Verdi* : Flush all FSDB Files at 313,000,000 ps.
959 sps_call_fsdbDumpflush_vd_main at 314000000 : testbed_dwconv.sv(77)
960 *Verdi* : Flush all FSDB Files at 314,000,000 ps.
961 sps_call_fsdbDumpflush_vd_main at 315000000 : testbed_dwconv.sv(77)
962 *Verdi* : Flush all FSDB Files at 315,000,000 ps.
963 sps_call_fsdbDumpflush_vd_main at 316000000 : testbed_dwconv.sv(77)
964 *Verdi* : Flush all FSDB Files at 316,000,000 ps.
965 sps_call_fsdbDumpflush_vd_main at 317000000 : testbed_dwconv.sv(77)
966 *Verdi* : Flush all FSDB Files at 317,000,000 ps.
967 sps_call_fsdbDumpflush_vd_main at 318000000 : testbed_dwconv.sv(77)
968 *Verdi* : Flush all FSDB Files at 318,000,000 ps.
969 sps_call_fsdbDumpflush_vd_main at 319000000 : testbed_dwconv.sv(77)
970 *Verdi* : Flush all FSDB Files at 319,000,000 ps.
971 sps_call_fsdbDumpflush_vd_main at 320000000 : testbed_dwconv.sv(77)
972 *Verdi* : Flush all FSDB Files at 320,000,000 ps.
973 sps_call_fsdbDumpflush_vd_main at 321000000 : testbed_dwconv.sv(77)
974 *Verdi* : Flush all FSDB Files at 321,000,000 ps.
975 sps_call_fsdbDumpflush_vd_main at 322000000 : testbed_dwconv.sv(77)
976 *Verdi* : Flush all FSDB Files at 322,000,000 ps.
977 sps_call_fsdbDumpflush_vd_main at 323000000 : testbed_dwconv.sv(77)
978 *Verdi* : Flush all FSDB Files at 323,000,000 ps.
979 sps_call_fsdbDumpflush_vd_main at 324000000 : testbed_dwconv.sv(77)
980 *Verdi* : Flush all FSDB Files at 324,000,000 ps.
981 sps_call_fsdbDumpflush_vd_main at 325000000 : testbed_dwconv.sv(77)
982 *Verdi* : Flush all FSDB Files at 325,000,000 ps.
983 sps_call_fsdbDumpflush_vd_main at 326000000 : testbed_dwconv.sv(77)
984 *Verdi* : Flush all FSDB Files at 326,000,000 ps.
985 sps_call_fsdbDumpflush_vd_main at 327000000 : testbed_dwconv.sv(77)
986 *Verdi* : Flush all FSDB Files at 327,000,000 ps.
987 sps_call_fsdbDumpflush_vd_main at 328000000 : testbed_dwconv.sv(77)
988 *Verdi* : Flush all FSDB Files at 328,000,000 ps.
989 sps_call_fsdbDumpflush_vd_main at 329000000 : testbed_dwconv.sv(77)
990 *Verdi* : Flush all FSDB Files at 329,000,000 ps.
991 sps_call_fsdbDumpflush_vd_main at 330000000 : testbed_dwconv.sv(77)
992 *Verdi* : Flush all FSDB Files at 330,000,000 ps.
993 sps_call_fsdbDumpflush_vd_main at 331000000 : testbed_dwconv.sv(77)
994 *Verdi* : Flush all FSDB Files at 331,000,000 ps.
995 sps_call_fsdbDumpflush_vd_main at 332000000 : testbed_dwconv.sv(77)
996 *Verdi* : Flush all FSDB Files at 332,000,000 ps.
997 sps_call_fsdbDumpflush_vd_main at 333000000 : testbed_dwconv.sv(77)
998 *Verdi* : Flush all FSDB Files at 333,000,000 ps.
999 sps_call_fsdbDumpflush_vd_main at 334000000 : testbed_dwconv.sv(77)
1000 *Verdi* : Flush all FSDB Files at 334,000,000 ps.
1001 sps_call_fsdbDumpflush_vd_main at 335000000 : testbed_dwconv.sv(77)
1002 *Verdi* : Flush all FSDB Files at 335,000,000 ps.
1003 sps_call_fsdbDumpflush_vd_main at 336000000 : testbed_dwconv.sv(77)
1004 *Verdi* : Flush all FSDB Files at 336,000,000 ps.
1005 sps_call_fsdbDumpflush_vd_main at 337000000 : testbed_dwconv.sv(77)
1006 *Verdi* : Flush all FSDB Files at 337,000,000 ps.
1007 sps_call_fsdbDumpflush_vd_main at 338000000 : testbed_dwconv.sv(77)
1008 *Verdi* : Flush all FSDB Files at 338,000,000 ps.
1009 sps_call_fsdbDumpflush_vd_main at 339000000 : testbed_dwconv.sv(77)
1010 *Verdi* : Flush all FSDB Files at 339,000,000 ps.
1011 sps_call_fsdbDumpflush_vd_main at 340000000 : testbed_dwconv.sv(77)
1012 *Verdi* : Flush all FSDB Files at 340,000,000 ps.
1013 sps_call_fsdbDumpflush_vd_main at 341000000 : testbed_dwconv.sv(77)
1014 *Verdi* : Flush all FSDB Files at 341,000,000 ps.
1015 sps_call_fsdbDumpflush_vd_main at 342000000 : testbed_dwconv.sv(77)
1016 *Verdi* : Flush all FSDB Files at 342,000,000 ps.
1017 sps_call_fsdbDumpflush_vd_main at 343000000 : testbed_dwconv.sv(77)
1018 *Verdi* : Flush all FSDB Files at 343,000,000 ps.
1019 sps_call_fsdbDumpflush_vd_main at 344000000 : testbed_dwconv.sv(77)
1020 *Verdi* : Flush all FSDB Files at 344,000,000 ps.
1021 sps_call_fsdbDumpflush_vd_main at 345000000 : testbed_dwconv.sv(77)
1022 *Verdi* : Flush all FSDB Files at 345,000,000 ps.
1023 sps_call_fsdbDumpflush_vd_main at 346000000 : testbed_dwconv.sv(77)
1024 *Verdi* : Flush all FSDB Files at 346,000,000 ps.
1025 sps_call_fsdbDumpflush_vd_main at 347000000 : testbed_dwconv.sv(77)
1026 *Verdi* : Flush all FSDB Files at 347,000,000 ps.
1027 sps_call_fsdbDumpflush_vd_main at 348000000 : testbed_dwconv.sv(77)
1028 *Verdi* : Flush all FSDB Files at 348,000,000 ps.
1029 sps_call_fsdbDumpflush_vd_main at 349000000 : testbed_dwconv.sv(77)
1030 *Verdi* : Flush all FSDB Files at 349,000,000 ps.
1031 sps_call_fsdbDumpflush_vd_main at 350000000 : testbed_dwconv.sv(77)
1032 *Verdi* : Flush all FSDB Files at 350,000,000 ps.
1033 sps_call_fsdbDumpflush_vd_main at 351000000 : testbed_dwconv.sv(77)
1034 *Verdi* : Flush all FSDB Files at 351,000,000 ps.
1035 sps_call_fsdbDumpflush_vd_main at 352000000 : testbed_dwconv.sv(77)
1036 *Verdi* : Flush all FSDB Files at 352,000,000 ps.
1037 sps_call_fsdbDumpflush_vd_main at 353000000 : testbed_dwconv.sv(77)
1038 *Verdi* : Flush all FSDB Files at 353,000,000 ps.
1039 sps_call_fsdbDumpflush_vd_main at 354000000 : testbed_dwconv.sv(77)
1040 *Verdi* : Flush all FSDB Files at 354,000,000 ps.
1041 sps_call_fsdbDumpflush_vd_main at 355000000 : testbed_dwconv.sv(77)
1042 *Verdi* : Flush all FSDB Files at 355,000,000 ps.
1043 sps_call_fsdbDumpflush_vd_main at 356000000 : testbed_dwconv.sv(77)
1044 *Verdi* : Flush all FSDB Files at 356,000,000 ps.
1045 sps_call_fsdbDumpflush_vd_main at 357000000 : testbed_dwconv.sv(77)
1046 *Verdi* : Flush all FSDB Files at 357,000,000 ps.
1047 sps_call_fsdbDumpflush_vd_main at 358000000 : testbed_dwconv.sv(77)
1048 *Verdi* : Flush all FSDB Files at 358,000,000 ps.
1049 sps_call_fsdbDumpflush_vd_main at 359000000 : testbed_dwconv.sv(77)
1050 *Verdi* : Flush all FSDB Files at 359,000,000 ps.
1051 sps_call_fsdbDumpflush_vd_main at 360000000 : testbed_dwconv.sv(77)
1052 *Verdi* : Flush all FSDB Files at 360,000,000 ps.
1053 sps_call_fsdbDumpflush_vd_main at 361000000 : testbed_dwconv.sv(77)
1054 *Verdi* : Flush all FSDB Files at 361,000,000 ps.
1055 sps_call_fsdbDumpflush_vd_main at 362000000 : testbed_dwconv.sv(77)
1056 *Verdi* : Flush all FSDB Files at 362,000,000 ps.
1057 sps_call_fsdbDumpflush_vd_main at 363000000 : testbed_dwconv.sv(77)
1058 *Verdi* : Flush all FSDB Files at 363,000,000 ps.
1059 sps_call_fsdbDumpflush_vd_main at 364000000 : testbed_dwconv.sv(77)
1060 *Verdi* : Flush all FSDB Files at 364,000,000 ps.
1061 sps_call_fsdbDumpflush_vd_main at 365000000 : testbed_dwconv.sv(77)
1062 *Verdi* : Flush all FSDB Files at 365,000,000 ps.
1063 sps_call_fsdbDumpflush_vd_main at 366000000 : testbed_dwconv.sv(77)
1064 *Verdi* : Flush all FSDB Files at 366,000,000 ps.
1065 sps_call_fsdbDumpflush_vd_main at 367000000 : testbed_dwconv.sv(77)
1066 *Verdi* : Flush all FSDB Files at 367,000,000 ps.
1067 sps_call_fsdbDumpflush_vd_main at 368000000 : testbed_dwconv.sv(77)
1068 *Verdi* : Flush all FSDB Files at 368,000,000 ps.
1069 sps_call_fsdbDumpflush_vd_main at 369000000 : testbed_dwconv.sv(77)
1070 *Verdi* : Flush all FSDB Files at 369,000,000 ps.
1071 sps_call_fsdbDumpflush_vd_main at 370000000 : testbed_dwconv.sv(77)
1072 *Verdi* : Flush all FSDB Files at 370,000,000 ps.
1073 sps_call_fsdbDumpflush_vd_main at 371000000 : testbed_dwconv.sv(77)
1074 *Verdi* : Flush all FSDB Files at 371,000,000 ps.
1075 sps_call_fsdbDumpflush_vd_main at 372000000 : testbed_dwconv.sv(77)
1076 *Verdi* : Flush all FSDB Files at 372,000,000 ps.
1077 sps_call_fsdbDumpflush_vd_main at 373000000 : testbed_dwconv.sv(77)
1078 *Verdi* : Flush all FSDB Files at 373,000,000 ps.
1079 sps_call_fsdbDumpflush_vd_main at 374000000 : testbed_dwconv.sv(77)
1080 *Verdi* : Flush all FSDB Files at 374,000,000 ps.
1081 sps_call_fsdbDumpflush_vd_main at 375000000 : testbed_dwconv.sv(77)
1082 *Verdi* : Flush all FSDB Files at 375,000,000 ps.
1083 sps_call_fsdbDumpflush_vd_main at 376000000 : testbed_dwconv.sv(77)
1084 *Verdi* : Flush all FSDB Files at 376,000,000 ps.
1085 sps_call_fsdbDumpflush_vd_main at 377000000 : testbed_dwconv.sv(77)
1086 *Verdi* : Flush all FSDB Files at 377,000,000 ps.
1087 sps_call_fsdbDumpflush_vd_main at 378000000 : testbed_dwconv.sv(77)
1088 *Verdi* : Flush all FSDB Files at 378,000,000 ps.
1089 sps_call_fsdbDumpflush_vd_main at 379000000 : testbed_dwconv.sv(77)
1090 *Verdi* : Flush all FSDB Files at 379,000,000 ps.
1091 sps_call_fsdbDumpflush_vd_main at 380000000 : testbed_dwconv.sv(77)
1092 *Verdi* : Flush all FSDB Files at 380,000,000 ps.
1093 sps_call_fsdbDumpflush_vd_main at 381000000 : testbed_dwconv.sv(77)
1094 *Verdi* : Flush all FSDB Files at 381,000,000 ps.
1095 sps_call_fsdbDumpflush_vd_main at 382000000 : testbed_dwconv.sv(77)
1096 *Verdi* : Flush all FSDB Files at 382,000,000 ps.
1097 sps_call_fsdbDumpflush_vd_main at 383000000 : testbed_dwconv.sv(77)
1098 *Verdi* : Flush all FSDB Files at 383,000,000 ps.
1099 sps_call_fsdbDumpflush_vd_main at 384000000 : testbed_dwconv.sv(77)
1100 *Verdi* : Flush all FSDB Files at 384,000,000 ps.
1101 sps_call_fsdbDumpflush_vd_main at 385000000 : testbed_dwconv.sv(77)
1102 *Verdi* : Flush all FSDB Files at 385,000,000 ps.
1103 sps_call_fsdbDumpflush_vd_main at 386000000 : testbed_dwconv.sv(77)
1104 *Verdi* : Flush all FSDB Files at 386,000,000 ps.
1105 sps_call_fsdbDumpflush_vd_main at 387000000 : testbed_dwconv.sv(77)
1106 *Verdi* : Flush all FSDB Files at 387,000,000 ps.
1107 sps_call_fsdbDumpflush_vd_main at 388000000 : testbed_dwconv.sv(77)
1108 *Verdi* : Flush all FSDB Files at 388,000,000 ps.
1109 sps_call_fsdbDumpflush_vd_main at 389000000 : testbed_dwconv.sv(77)
1110 *Verdi* : Flush all FSDB Files at 389,000,000 ps.
1111 sps_call_fsdbDumpflush_vd_main at 390000000 : testbed_dwconv.sv(77)
1112 *Verdi* : Flush all FSDB Files at 390,000,000 ps.
1113 sps_call_fsdbDumpflush_vd_main at 391000000 : testbed_dwconv.sv(77)
1114 *Verdi* : Flush all FSDB Files at 391,000,000 ps.
1115 sps_call_fsdbDumpflush_vd_main at 392000000 : testbed_dwconv.sv(77)
1116 *Verdi* : Flush all FSDB Files at 392,000,000 ps.
1117 sps_call_fsdbDumpflush_vd_main at 393000000 : testbed_dwconv.sv(77)
1118 *Verdi* : Flush all FSDB Files at 393,000,000 ps.
1119 sps_call_fsdbDumpflush_vd_main at 394000000 : testbed_dwconv.sv(77)
1120 *Verdi* : Flush all FSDB Files at 394,000,000 ps.
1121 sps_call_fsdbDumpflush_vd_main at 395000000 : testbed_dwconv.sv(77)
1122 *Verdi* : Flush all FSDB Files at 395,000,000 ps.
1123 sps_call_fsdbDumpflush_vd_main at 396000000 : testbed_dwconv.sv(77)
1124 *Verdi* : Flush all FSDB Files at 396,000,000 ps.
1125 sps_call_fsdbDumpflush_vd_main at 397000000 : testbed_dwconv.sv(77)
1126 *Verdi* : Flush all FSDB Files at 397,000,000 ps.
1127 sps_call_fsdbDumpflush_vd_main at 398000000 : testbed_dwconv.sv(77)
1128 *Verdi* : Flush all FSDB Files at 398,000,000 ps.
1129 sps_call_fsdbDumpflush_vd_main at 399000000 : testbed_dwconv.sv(77)
1130 *Verdi* : Flush all FSDB Files at 399,000,000 ps.
1131 sps_call_fsdbDumpflush_vd_main at 400000000 : testbed_dwconv.sv(77)
1132 *Verdi* : Flush all FSDB Files at 400,000,000 ps.
1133 sps_call_fsdbDumpflush_vd_main at 401000000 : testbed_dwconv.sv(77)
1134 *Verdi* : Flush all FSDB Files at 401,000,000 ps.
1135 sps_call_fsdbDumpflush_vd_main at 402000000 : testbed_dwconv.sv(77)
1136 *Verdi* : Flush all FSDB Files at 402,000,000 ps.
1137 sps_call_fsdbDumpflush_vd_main at 403000000 : testbed_dwconv.sv(77)
1138 *Verdi* : Flush all FSDB Files at 403,000,000 ps.
1139 sps_call_fsdbDumpflush_vd_main at 404000000 : testbed_dwconv.sv(77)
1140 *Verdi* : Flush all FSDB Files at 404,000,000 ps.
1141 sps_call_fsdbDumpflush_vd_main at 405000000 : testbed_dwconv.sv(77)
1142 *Verdi* : Flush all FSDB Files at 405,000,000 ps.
1143 sps_call_fsdbDumpflush_vd_main at 406000000 : testbed_dwconv.sv(77)
1144 *Verdi* : Flush all FSDB Files at 406,000,000 ps.
1145 sps_call_fsdbDumpflush_vd_main at 407000000 : testbed_dwconv.sv(77)
1146 *Verdi* : Flush all FSDB Files at 407,000,000 ps.
1147 sps_call_fsdbDumpflush_vd_main at 408000000 : testbed_dwconv.sv(77)
1148 *Verdi* : Flush all FSDB Files at 408,000,000 ps.
1149 sps_call_fsdbDumpflush_vd_main at 409000000 : testbed_dwconv.sv(77)
1150 *Verdi* : Flush all FSDB Files at 409,000,000 ps.
1151 sps_call_fsdbDumpflush_vd_main at 410000000 : testbed_dwconv.sv(77)
1152 *Verdi* : Flush all FSDB Files at 410,000,000 ps.
1153 sps_call_fsdbDumpflush_vd_main at 411000000 : testbed_dwconv.sv(77)
1154 *Verdi* : Flush all FSDB Files at 411,000,000 ps.
1155 sps_call_fsdbDumpflush_vd_main at 412000000 : testbed_dwconv.sv(77)
1156 *Verdi* : Flush all FSDB Files at 412,000,000 ps.
1157 sps_call_fsdbDumpflush_vd_main at 413000000 : testbed_dwconv.sv(77)
1158 *Verdi* : Flush all FSDB Files at 413,000,000 ps.
1159 sps_call_fsdbDumpflush_vd_main at 414000000 : testbed_dwconv.sv(77)
1160 *Verdi* : Flush all FSDB Files at 414,000,000 ps.
1161 sps_call_fsdbDumpflush_vd_main at 415000000 : testbed_dwconv.sv(77)
1162 *Verdi* : Flush all FSDB Files at 415,000,000 ps.
1163 sps_call_fsdbDumpflush_vd_main at 416000000 : testbed_dwconv.sv(77)
1164 *Verdi* : Flush all FSDB Files at 416,000,000 ps.
1165 sps_call_fsdbDumpflush_vd_main at 417000000 : testbed_dwconv.sv(77)
1166 *Verdi* : Flush all FSDB Files at 417,000,000 ps.
1167 sps_call_fsdbDumpflush_vd_main at 418000000 : testbed_dwconv.sv(77)
1168 *Verdi* : Flush all FSDB Files at 418,000,000 ps.
1169 sps_call_fsdbDumpflush_vd_main at 419000000 : testbed_dwconv.sv(77)
1170 *Verdi* : Flush all FSDB Files at 419,000,000 ps.
1171 sps_call_fsdbDumpflush_vd_main at 420000000 : testbed_dwconv.sv(77)
1172 *Verdi* : Flush all FSDB Files at 420,000,000 ps.
1173 sps_call_fsdbDumpflush_vd_main at 421000000 : testbed_dwconv.sv(77)
1174 *Verdi* : Flush all FSDB Files at 421,000,000 ps.
1175 sps_call_fsdbDumpflush_vd_main at 422000000 : testbed_dwconv.sv(77)
1176 *Verdi* : Flush all FSDB Files at 422,000,000 ps.
1177 sps_call_fsdbDumpflush_vd_main at 423000000 : testbed_dwconv.sv(77)
1178 *Verdi* : Flush all FSDB Files at 423,000,000 ps.
1179 sps_call_fsdbDumpflush_vd_main at 424000000 : testbed_dwconv.sv(77)
1180 *Verdi* : Flush all FSDB Files at 424,000,000 ps.
1181 sps_call_fsdbDumpflush_vd_main at 425000000 : testbed_dwconv.sv(77)
1182 *Verdi* : Flush all FSDB Files at 425,000,000 ps.
1183 sps_call_fsdbDumpflush_vd_main at 426000000 : testbed_dwconv.sv(77)
1184 *Verdi* : Flush all FSDB Files at 426,000,000 ps.
1185 sps_call_fsdbDumpflush_vd_main at 427000000 : testbed_dwconv.sv(77)
1186 *Verdi* : Flush all FSDB Files at 427,000,000 ps.
1187 sps_call_fsdbDumpflush_vd_main at 428000000 : testbed_dwconv.sv(77)
1188 *Verdi* : Flush all FSDB Files at 428,000,000 ps.
1189 sps_call_fsdbDumpflush_vd_main at 429000000 : testbed_dwconv.sv(77)
1190 *Verdi* : Flush all FSDB Files at 429,000,000 ps.
1191 sps_call_fsdbDumpflush_vd_main at 430000000 : testbed_dwconv.sv(77)
1192 *Verdi* : Flush all FSDB Files at 430,000,000 ps.
1193 sps_call_fsdbDumpflush_vd_main at 431000000 : testbed_dwconv.sv(77)
1194 *Verdi* : Flush all FSDB Files at 431,000,000 ps.
1195 sps_call_fsdbDumpflush_vd_main at 432000000 : testbed_dwconv.sv(77)
1196 *Verdi* : Flush all FSDB Files at 432,000,000 ps.
1197 sps_call_fsdbDumpflush_vd_main at 433000000 : testbed_dwconv.sv(77)
1198 *Verdi* : Flush all FSDB Files at 433,000,000 ps.
1199 sps_call_fsdbDumpflush_vd_main at 434000000 : testbed_dwconv.sv(77)
1200 *Verdi* : Flush all FSDB Files at 434,000,000 ps.
1201 sps_call_fsdbDumpflush_vd_main at 435000000 : testbed_dwconv.sv(77)
1202 *Verdi* : Flush all FSDB Files at 435,000,000 ps.
1203 sps_call_fsdbDumpflush_vd_main at 436000000 : testbed_dwconv.sv(77)
1204 *Verdi* : Flush all FSDB Files at 436,000,000 ps.
1205 sps_call_fsdbDumpflush_vd_main at 437000000 : testbed_dwconv.sv(77)
1206 *Verdi* : Flush all FSDB Files at 437,000,000 ps.
1207 sps_call_fsdbDumpflush_vd_main at 438000000 : testbed_dwconv.sv(77)
1208 *Verdi* : Flush all FSDB Files at 438,000,000 ps.
1209 sps_call_fsdbDumpflush_vd_main at 439000000 : testbed_dwconv.sv(77)
1210 *Verdi* : Flush all FSDB Files at 439,000,000 ps.
1211 sps_call_fsdbDumpflush_vd_main at 440000000 : testbed_dwconv.sv(77)
1212 *Verdi* : Flush all FSDB Files at 440,000,000 ps.
1213 sps_call_fsdbDumpflush_vd_main at 441000000 : testbed_dwconv.sv(77)
1214 *Verdi* : Flush all FSDB Files at 441,000,000 ps.
1215 sps_call_fsdbDumpflush_vd_main at 442000000 : testbed_dwconv.sv(77)
1216 *Verdi* : Flush all FSDB Files at 442,000,000 ps.
1217 sps_call_fsdbDumpflush_vd_main at 443000000 : testbed_dwconv.sv(77)
1218 *Verdi* : Flush all FSDB Files at 443,000,000 ps.
1219 sps_call_fsdbDumpflush_vd_main at 444000000 : testbed_dwconv.sv(77)
1220 *Verdi* : Flush all FSDB Files at 444,000,000 ps.
1221 sps_call_fsdbDumpflush_vd_main at 445000000 : testbed_dwconv.sv(77)
1222 *Verdi* : Flush all FSDB Files at 445,000,000 ps.
1223 sps_call_fsdbDumpflush_vd_main at 446000000 : testbed_dwconv.sv(77)
1224 *Verdi* : Flush all FSDB Files at 446,000,000 ps.
1225 sps_call_fsdbDumpflush_vd_main at 447000000 : testbed_dwconv.sv(77)
1226 *Verdi* : Flush all FSDB Files at 447,000,000 ps.
1227 sps_call_fsdbDumpflush_vd_main at 448000000 : testbed_dwconv.sv(77)
1228 *Verdi* : Flush all FSDB Files at 448,000,000 ps.
1229 sps_call_fsdbDumpflush_vd_main at 449000000 : testbed_dwconv.sv(77)
1230 *Verdi* : Flush all FSDB Files at 449,000,000 ps.
1231 sps_call_fsdbDumpflush_vd_main at 450000000 : testbed_dwconv.sv(77)
1232 *Verdi* : Flush all FSDB Files at 450,000,000 ps.
1233 sps_call_fsdbDumpflush_vd_main at 451000000 : testbed_dwconv.sv(77)
1234 *Verdi* : Flush all FSDB Files at 451,000,000 ps.
1235 sps_call_fsdbDumpflush_vd_main at 452000000 : testbed_dwconv.sv(77)
1236 *Verdi* : Flush all FSDB Files at 452,000,000 ps.
1237 sps_call_fsdbDumpflush_vd_main at 453000000 : testbed_dwconv.sv(77)
1238 *Verdi* : Flush all FSDB Files at 453,000,000 ps.
1239 sps_call_fsdbDumpflush_vd_main at 454000000 : testbed_dwconv.sv(77)
1240 *Verdi* : Flush all FSDB Files at 454,000,000 ps.
1241 sps_call_fsdbDumpflush_vd_main at 455000000 : testbed_dwconv.sv(77)
1242 *Verdi* : Flush all FSDB Files at 455,000,000 ps.
1243 sps_call_fsdbDumpflush_vd_main at 456000000 : testbed_dwconv.sv(77)
1244 *Verdi* : Flush all FSDB Files at 456,000,000 ps.
1245 sps_call_fsdbDumpflush_vd_main at 457000000 : testbed_dwconv.sv(77)
1246 *Verdi* : Flush all FSDB Files at 457,000,000 ps.
1247 sps_call_fsdbDumpflush_vd_main at 458000000 : testbed_dwconv.sv(77)
1248 *Verdi* : Flush all FSDB Files at 458,000,000 ps.
1249 sps_call_fsdbDumpflush_vd_main at 459000000 : testbed_dwconv.sv(77)
1250 *Verdi* : Flush all FSDB Files at 459,000,000 ps.
1251 sps_call_fsdbDumpflush_vd_main at 460000000 : testbed_dwconv.sv(77)
1252 *Verdi* : Flush all FSDB Files at 460,000,000 ps.
1253 sps_call_fsdbDumpflush_vd_main at 461000000 : testbed_dwconv.sv(77)
1254 *Verdi* : Flush all FSDB Files at 461,000,000 ps.
1255 sps_call_fsdbDumpflush_vd_main at 462000000 : testbed_dwconv.sv(77)
1256 *Verdi* : Flush all FSDB Files at 462,000,000 ps.
1257 sps_call_fsdbDumpflush_vd_main at 463000000 : testbed_dwconv.sv(77)
1258 *Verdi* : Flush all FSDB Files at 463,000,000 ps.
1259 sps_call_fsdbDumpflush_vd_main at 464000000 : testbed_dwconv.sv(77)
1260 *Verdi* : Flush all FSDB Files at 464,000,000 ps.
1261 sps_call_fsdbDumpflush_vd_main at 465000000 : testbed_dwconv.sv(77)
1262 *Verdi* : Flush all FSDB Files at 465,000,000 ps.
1263 sps_call_fsdbDumpflush_vd_main at 466000000 : testbed_dwconv.sv(77)
1264 *Verdi* : Flush all FSDB Files at 466,000,000 ps.
1265 sps_call_fsdbDumpflush_vd_main at 467000000 : testbed_dwconv.sv(77)
1266 *Verdi* : Flush all FSDB Files at 467,000,000 ps.
1267 sps_call_fsdbDumpflush_vd_main at 468000000 : testbed_dwconv.sv(77)
1268 *Verdi* : Flush all FSDB Files at 468,000,000 ps.
1269 sps_call_fsdbDumpflush_vd_main at 469000000 : testbed_dwconv.sv(77)
1270 *Verdi* : Flush all FSDB Files at 469,000,000 ps.
1271 sps_call_fsdbDumpflush_vd_main at 470000000 : testbed_dwconv.sv(77)
1272 *Verdi* : Flush all FSDB Files at 470,000,000 ps.
1273 sps_call_fsdbDumpflush_vd_main at 471000000 : testbed_dwconv.sv(77)
1274 *Verdi* : Flush all FSDB Files at 471,000,000 ps.
1275 sps_call_fsdbDumpflush_vd_main at 472000000 : testbed_dwconv.sv(77)
1276 *Verdi* : Flush all FSDB Files at 472,000,000 ps.
1277 sps_call_fsdbDumpflush_vd_main at 473000000 : testbed_dwconv.sv(77)
1278 *Verdi* : Flush all FSDB Files at 473,000,000 ps.
1279 sps_call_fsdbDumpflush_vd_main at 474000000 : testbed_dwconv.sv(77)
1280 *Verdi* : Flush all FSDB Files at 474,000,000 ps.
1281 sps_call_fsdbDumpflush_vd_main at 475000000 : testbed_dwconv.sv(77)
1282 *Verdi* : Flush all FSDB Files at 475,000,000 ps.
1283 sps_call_fsdbDumpflush_vd_main at 476000000 : testbed_dwconv.sv(77)
1284 *Verdi* : Flush all FSDB Files at 476,000,000 ps.
1285 sps_call_fsdbDumpflush_vd_main at 477000000 : testbed_dwconv.sv(77)
1286 *Verdi* : Flush all FSDB Files at 477,000,000 ps.
1287 sps_call_fsdbDumpflush_vd_main at 478000000 : testbed_dwconv.sv(77)
1288 *Verdi* : Flush all FSDB Files at 478,000,000 ps.
1289 sps_call_fsdbDumpflush_vd_main at 479000000 : testbed_dwconv.sv(77)
1290 *Verdi* : Flush all FSDB Files at 479,000,000 ps.
1291 sps_call_fsdbDumpflush_vd_main at 480000000 : testbed_dwconv.sv(77)
1292 *Verdi* : Flush all FSDB Files at 480,000,000 ps.
1293 sps_call_fsdbDumpflush_vd_main at 481000000 : testbed_dwconv.sv(77)
1294 *Verdi* : Flush all FSDB Files at 481,000,000 ps.
1295 sps_call_fsdbDumpflush_vd_main at 482000000 : testbed_dwconv.sv(77)
1296 *Verdi* : Flush all FSDB Files at 482,000,000 ps.
1297 sps_call_fsdbDumpflush_vd_main at 483000000 : testbed_dwconv.sv(77)
1298 *Verdi* : Flush all FSDB Files at 483,000,000 ps.
1299 sps_call_fsdbDumpflush_vd_main at 484000000 : testbed_dwconv.sv(77)
1300 *Verdi* : Flush all FSDB Files at 484,000,000 ps.
1301 sps_call_fsdbDumpflush_vd_main at 485000000 : testbed_dwconv.sv(77)
1302 *Verdi* : Flush all FSDB Files at 485,000,000 ps.
1303 sps_call_fsdbDumpflush_vd_main at 486000000 : testbed_dwconv.sv(77)
1304 *Verdi* : Flush all FSDB Files at 486,000,000 ps.
1305 sps_call_fsdbDumpflush_vd_main at 487000000 : testbed_dwconv.sv(77)
1306 *Verdi* : Flush all FSDB Files at 487,000,000 ps.
1307 sps_call_fsdbDumpflush_vd_main at 488000000 : testbed_dwconv.sv(77)
1308 *Verdi* : Flush all FSDB Files at 488,000,000 ps.
1309 sps_call_fsdbDumpflush_vd_main at 489000000 : testbed_dwconv.sv(77)
1310 *Verdi* : Flush all FSDB Files at 489,000,000 ps.
1311 sps_call_fsdbDumpflush_vd_main at 490000000 : testbed_dwconv.sv(77)
1312 *Verdi* : Flush all FSDB Files at 490,000,000 ps.
1313 sps_call_fsdbDumpflush_vd_main at 491000000 : testbed_dwconv.sv(77)
1314 *Verdi* : Flush all FSDB Files at 491,000,000 ps.
1315 sps_call_fsdbDumpflush_vd_main at 492000000 : testbed_dwconv.sv(77)
1316 *Verdi* : Flush all FSDB Files at 492,000,000 ps.
1317 sps_call_fsdbDumpflush_vd_main at 493000000 : testbed_dwconv.sv(77)
1318 *Verdi* : Flush all FSDB Files at 493,000,000 ps.
1319 sps_call_fsdbDumpflush_vd_main at 494000000 : testbed_dwconv.sv(77)
1320 *Verdi* : Flush all FSDB Files at 494,000,000 ps.
1321 sps_call_fsdbDumpflush_vd_main at 495000000 : testbed_dwconv.sv(77)
1322 *Verdi* : Flush all FSDB Files at 495,000,000 ps.
1323 sps_call_fsdbDumpflush_vd_main at 496000000 : testbed_dwconv.sv(77)
1324 *Verdi* : Flush all FSDB Files at 496,000,000 ps.
1325 sps_call_fsdbDumpflush_vd_main at 497000000 : testbed_dwconv.sv(77)
1326 *Verdi* : Flush all FSDB Files at 497,000,000 ps.
1327 sps_call_fsdbDumpflush_vd_main at 498000000 : testbed_dwconv.sv(77)
1328 *Verdi* : Flush all FSDB Files at 498,000,000 ps.
1329 sps_call_fsdbDumpflush_vd_main at 499000000 : testbed_dwconv.sv(77)
1330 *Verdi* : Flush all FSDB Files at 499,000,000 ps.
1331 sps_call_fsdbDumpflush_vd_main at 500000000 : testbed_dwconv.sv(77)
1332 *Verdi* : Flush all FSDB Files at 500,000,000 ps.
1333 sps_call_fsdbDumpflush_vd_main at 501000000 : testbed_dwconv.sv(77)
1334 *Verdi* : Flush all FSDB Files at 501,000,000 ps.
1335 sps_call_fsdbDumpflush_vd_main at 502000000 : testbed_dwconv.sv(77)
1336 *Verdi* : Flush all FSDB Files at 502,000,000 ps.
1337 sps_call_fsdbDumpflush_vd_main at 503000000 : testbed_dwconv.sv(77)
1338 *Verdi* : Flush all FSDB Files at 503,000,000 ps.
1339 sps_call_fsdbDumpflush_vd_main at 504000000 : testbed_dwconv.sv(77)
1340 *Verdi* : Flush all FSDB Files at 504,000,000 ps.
1341 sps_call_fsdbDumpflush_vd_main at 505000000 : testbed_dwconv.sv(77)
1342 *Verdi* : Flush all FSDB Files at 505,000,000 ps.
1343 sps_call_fsdbDumpflush_vd_main at 506000000 : testbed_dwconv.sv(77)
1344 *Verdi* : Flush all FSDB Files at 506,000,000 ps.
1345 sps_call_fsdbDumpflush_vd_main at 507000000 : testbed_dwconv.sv(77)
1346 *Verdi* : Flush all FSDB Files at 507,000,000 ps.
1347 sps_call_fsdbDumpflush_vd_main at 508000000 : testbed_dwconv.sv(77)
1348 *Verdi* : Flush all FSDB Files at 508,000,000 ps.
1349 sps_call_fsdbDumpflush_vd_main at 509000000 : testbed_dwconv.sv(77)
1350 *Verdi* : Flush all FSDB Files at 509,000,000 ps.
1351 sps_call_fsdbDumpflush_vd_main at 510000000 : testbed_dwconv.sv(77)
1352 *Verdi* : Flush all FSDB Files at 510,000,000 ps.
1353 sps_call_fsdbDumpflush_vd_main at 511000000 : testbed_dwconv.sv(77)
1354 *Verdi* : Flush all FSDB Files at 511,000,000 ps.
1355 sps_call_fsdbDumpflush_vd_main at 512000000 : testbed_dwconv.sv(77)
1356 *Verdi* : Flush all FSDB Files at 512,000,000 ps.
1357 sps_call_fsdbDumpflush_vd_main at 513000000 : testbed_dwconv.sv(77)
1358 *Verdi* : Flush all FSDB Files at 513,000,000 ps.
1359 sps_call_fsdbDumpflush_vd_main at 514000000 : testbed_dwconv.sv(77)
1360 *Verdi* : Flush all FSDB Files at 514,000,000 ps.
1361 sps_call_fsdbDumpflush_vd_main at 515000000 : testbed_dwconv.sv(77)
1362 *Verdi* : Flush all FSDB Files at 515,000,000 ps.
1363 sps_call_fsdbDumpflush_vd_main at 516000000 : testbed_dwconv.sv(77)
1364 *Verdi* : Flush all FSDB Files at 516,000,000 ps.
1365 sps_call_fsdbDumpflush_vd_main at 517000000 : testbed_dwconv.sv(77)
1366 *Verdi* : Flush all FSDB Files at 517,000,000 ps.
1367 sps_call_fsdbDumpflush_vd_main at 518000000 : testbed_dwconv.sv(77)
1368 *Verdi* : Flush all FSDB Files at 518,000,000 ps.
1369 sps_call_fsdbDumpflush_vd_main at 519000000 : testbed_dwconv.sv(77)
1370 *Verdi* : Flush all FSDB Files at 519,000,000 ps.
1371 sps_call_fsdbDumpflush_vd_main at 520000000 : testbed_dwconv.sv(77)
1372 *Verdi* : Flush all FSDB Files at 520,000,000 ps.
1373 sps_call_fsdbDumpflush_vd_main at 521000000 : testbed_dwconv.sv(77)
1374 *Verdi* : Flush all FSDB Files at 521,000,000 ps.
1375 sps_call_fsdbDumpflush_vd_main at 522000000 : testbed_dwconv.sv(77)
1376 *Verdi* : Flush all FSDB Files at 522,000,000 ps.
1377 sps_call_fsdbDumpflush_vd_main at 523000000 : testbed_dwconv.sv(77)
1378 *Verdi* : Flush all FSDB Files at 523,000,000 ps.
1379 sps_call_fsdbDumpflush_vd_main at 524000000 : testbed_dwconv.sv(77)
1380 *Verdi* : Flush all FSDB Files at 524,000,000 ps.
1381 sps_call_fsdbDumpflush_vd_main at 525000000 : testbed_dwconv.sv(77)
1382 *Verdi* : Flush all FSDB Files at 525,000,000 ps.
1383 sps_call_fsdbDumpflush_vd_main at 526000000 : testbed_dwconv.sv(77)
1384 *Verdi* : Flush all FSDB Files at 526,000,000 ps.
1385 sps_call_fsdbDumpflush_vd_main at 527000000 : testbed_dwconv.sv(77)
1386 *Verdi* : Flush all FSDB Files at 527,000,000 ps.
1387 sps_call_fsdbDumpflush_vd_main at 528000000 : testbed_dwconv.sv(77)
1388 *Verdi* : Flush all FSDB Files at 528,000,000 ps.
1389 sps_call_fsdbDumpflush_vd_main at 529000000 : testbed_dwconv.sv(77)
1390 *Verdi* : Flush all FSDB Files at 529,000,000 ps.
1391 sps_call_fsdbDumpflush_vd_main at 530000000 : testbed_dwconv.sv(77)
1392 *Verdi* : Flush all FSDB Files at 530,000,000 ps.
1393 sps_call_fsdbDumpflush_vd_main at 531000000 : testbed_dwconv.sv(77)
1394 *Verdi* : Flush all FSDB Files at 531,000,000 ps.
1395 sps_call_fsdbDumpflush_vd_main at 532000000 : testbed_dwconv.sv(77)
1396 *Verdi* : Flush all FSDB Files at 532,000,000 ps.
1397 sps_call_fsdbDumpflush_vd_main at 533000000 : testbed_dwconv.sv(77)
1398 *Verdi* : Flush all FSDB Files at 533,000,000 ps.
1399 sps_call_fsdbDumpflush_vd_main at 534000000 : testbed_dwconv.sv(77)
1400 *Verdi* : Flush all FSDB Files at 534,000,000 ps.
1401 sps_call_fsdbDumpflush_vd_main at 535000000 : testbed_dwconv.sv(77)
1402 *Verdi* : Flush all FSDB Files at 535,000,000 ps.
1403 sps_call_fsdbDumpflush_vd_main at 536000000 : testbed_dwconv.sv(77)
1404 *Verdi* : Flush all FSDB Files at 536,000,000 ps.
1405 sps_call_fsdbDumpflush_vd_main at 537000000 : testbed_dwconv.sv(77)
1406 *Verdi* : Flush all FSDB Files at 537,000,000 ps.
1407 sps_call_fsdbDumpflush_vd_main at 538000000 : testbed_dwconv.sv(77)
1408 *Verdi* : Flush all FSDB Files at 538,000,000 ps.
1409 sps_call_fsdbDumpflush_vd_main at 539000000 : testbed_dwconv.sv(77)
1410 *Verdi* : Flush all FSDB Files at 539,000,000 ps.
1411 sps_call_fsdbDumpflush_vd_main at 540000000 : testbed_dwconv.sv(77)
1412 *Verdi* : Flush all FSDB Files at 540,000,000 ps.
1413 sps_call_fsdbDumpflush_vd_main at 541000000 : testbed_dwconv.sv(77)
1414 *Verdi* : Flush all FSDB Files at 541,000,000 ps.
1415 sps_call_fsdbDumpflush_vd_main at 542000000 : testbed_dwconv.sv(77)
1416 *Verdi* : Flush all FSDB Files at 542,000,000 ps.
1417 sps_call_fsdbDumpflush_vd_main at 543000000 : testbed_dwconv.sv(77)
1418 *Verdi* : Flush all FSDB Files at 543,000,000 ps.
1419 sps_call_fsdbDumpflush_vd_main at 544000000 : testbed_dwconv.sv(77)
1420 *Verdi* : Flush all FSDB Files at 544,000,000 ps.
1421 sps_call_fsdbDumpflush_vd_main at 545000000 : testbed_dwconv.sv(77)
1422 *Verdi* : Flush all FSDB Files at 545,000,000 ps.
1423 sps_call_fsdbDumpflush_vd_main at 546000000 : testbed_dwconv.sv(77)
1424 *Verdi* : Flush all FSDB Files at 546,000,000 ps.
1425 sps_call_fsdbDumpflush_vd_main at 547000000 : testbed_dwconv.sv(77)
1426 *Verdi* : Flush all FSDB Files at 547,000,000 ps.
1427 sps_call_fsdbDumpflush_vd_main at 548000000 : testbed_dwconv.sv(77)
1428 *Verdi* : Flush all FSDB Files at 548,000,000 ps.
1429 sps_call_fsdbDumpflush_vd_main at 549000000 : testbed_dwconv.sv(77)
1430 *Verdi* : Flush all FSDB Files at 549,000,000 ps.
1431 sps_call_fsdbDumpflush_vd_main at 550000000 : testbed_dwconv.sv(77)
1432 *Verdi* : Flush all FSDB Files at 550,000,000 ps.
1433 sps_call_fsdbDumpflush_vd_main at 551000000 : testbed_dwconv.sv(77)
1434 *Verdi* : Flush all FSDB Files at 551,000,000 ps.
1435 sps_call_fsdbDumpflush_vd_main at 552000000 : testbed_dwconv.sv(77)
1436 *Verdi* : Flush all FSDB Files at 552,000,000 ps.
1437 sps_call_fsdbDumpflush_vd_main at 553000000 : testbed_dwconv.sv(77)
1438 *Verdi* : Flush all FSDB Files at 553,000,000 ps.
1439 sps_call_fsdbDumpflush_vd_main at 554000000 : testbed_dwconv.sv(77)
1440 *Verdi* : Flush all FSDB Files at 554,000,000 ps.
1441 sps_call_fsdbDumpflush_vd_main at 555000000 : testbed_dwconv.sv(77)
1442 *Verdi* : Flush all FSDB Files at 555,000,000 ps.
1443 sps_call_fsdbDumpflush_vd_main at 556000000 : testbed_dwconv.sv(77)
1444 *Verdi* : Flush all FSDB Files at 556,000,000 ps.
1445 sps_call_fsdbDumpflush_vd_main at 557000000 : testbed_dwconv.sv(77)
1446 *Verdi* : Flush all FSDB Files at 557,000,000 ps.
1447 sps_call_fsdbDumpflush_vd_main at 558000000 : testbed_dwconv.sv(77)
1448 *Verdi* : Flush all FSDB Files at 558,000,000 ps.
1449 sps_call_fsdbDumpflush_vd_main at 559000000 : testbed_dwconv.sv(77)
1450 *Verdi* : Flush all FSDB Files at 559,000,000 ps.
1451 sps_call_fsdbDumpflush_vd_main at 560000000 : testbed_dwconv.sv(77)
1452 *Verdi* : Flush all FSDB Files at 560,000,000 ps.
1453 sps_call_fsdbDumpflush_vd_main at 561000000 : testbed_dwconv.sv(77)
1454 *Verdi* : Flush all FSDB Files at 561,000,000 ps.
1455 sps_call_fsdbDumpflush_vd_main at 562000000 : testbed_dwconv.sv(77)
1456 *Verdi* : Flush all FSDB Files at 562,000,000 ps.
1457 sps_call_fsdbDumpflush_vd_main at 563000000 : testbed_dwconv.sv(77)
1458 *Verdi* : Flush all FSDB Files at 563,000,000 ps.
1459 sps_call_fsdbDumpflush_vd_main at 564000000 : testbed_dwconv.sv(77)
1460 *Verdi* : Flush all FSDB Files at 564,000,000 ps.
1461 sps_call_fsdbDumpflush_vd_main at 565000000 : testbed_dwconv.sv(77)
1462 *Verdi* : Flush all FSDB Files at 565,000,000 ps.
1463 sps_call_fsdbDumpflush_vd_main at 566000000 : testbed_dwconv.sv(77)
1464 *Verdi* : Flush all FSDB Files at 566,000,000 ps.
1465 sps_call_fsdbDumpflush_vd_main at 567000000 : testbed_dwconv.sv(77)
1466 *Verdi* : Flush all FSDB Files at 567,000,000 ps.
1467 sps_call_fsdbDumpflush_vd_main at 568000000 : testbed_dwconv.sv(77)
1468 *Verdi* : Flush all FSDB Files at 568,000,000 ps.
1469 sps_call_fsdbDumpflush_vd_main at 569000000 : testbed_dwconv.sv(77)
1470 *Verdi* : Flush all FSDB Files at 569,000,000 ps.
1471 sps_call_fsdbDumpflush_vd_main at 570000000 : testbed_dwconv.sv(77)
1472 *Verdi* : Flush all FSDB Files at 570,000,000 ps.
1473 sps_call_fsdbDumpflush_vd_main at 571000000 : testbed_dwconv.sv(77)
1474 *Verdi* : Flush all FSDB Files at 571,000,000 ps.
1475 sps_call_fsdbDumpflush_vd_main at 572000000 : testbed_dwconv.sv(77)
1476 *Verdi* : Flush all FSDB Files at 572,000,000 ps.
1477 sps_call_fsdbDumpflush_vd_main at 573000000 : testbed_dwconv.sv(77)
1478 *Verdi* : Flush all FSDB Files at 573,000,000 ps.
1479 sps_call_fsdbDumpflush_vd_main at 574000000 : testbed_dwconv.sv(77)
1480 *Verdi* : Flush all FSDB Files at 574,000,000 ps.
1481 sps_call_fsdbDumpflush_vd_main at 575000000 : testbed_dwconv.sv(77)
1482 *Verdi* : Flush all FSDB Files at 575,000,000 ps.
1483 sps_call_fsdbDumpflush_vd_main at 576000000 : testbed_dwconv.sv(77)
1484 *Verdi* : Flush all FSDB Files at 576,000,000 ps.
1485 sps_call_fsdbDumpflush_vd_main at 577000000 : testbed_dwconv.sv(77)
1486 *Verdi* : Flush all FSDB Files at 577,000,000 ps.
1487 sps_call_fsdbDumpflush_vd_main at 578000000 : testbed_dwconv.sv(77)
1488 *Verdi* : Flush all FSDB Files at 578,000,000 ps.
1489 sps_call_fsdbDumpflush_vd_main at 579000000 : testbed_dwconv.sv(77)
1490 *Verdi* : Flush all FSDB Files at 579,000,000 ps.
1491 sps_call_fsdbDumpflush_vd_main at 580000000 : testbed_dwconv.sv(77)
1492 *Verdi* : Flush all FSDB Files at 580,000,000 ps.
1493 sps_call_fsdbDumpflush_vd_main at 581000000 : testbed_dwconv.sv(77)
1494 *Verdi* : Flush all FSDB Files at 581,000,000 ps.
1495 sps_call_fsdbDumpflush_vd_main at 582000000 : testbed_dwconv.sv(77)
1496 *Verdi* : Flush all FSDB Files at 582,000,000 ps.
1497 sps_call_fsdbDumpflush_vd_main at 583000000 : testbed_dwconv.sv(77)
1498 *Verdi* : Flush all FSDB Files at 583,000,000 ps.
1499 sps_call_fsdbDumpflush_vd_main at 584000000 : testbed_dwconv.sv(77)
1500 *Verdi* : Flush all FSDB Files at 584,000,000 ps.
1501 sps_call_fsdbDumpflush_vd_main at 585000000 : testbed_dwconv.sv(77)
1502 *Verdi* : Flush all FSDB Files at 585,000,000 ps.
1503 sps_call_fsdbDumpflush_vd_main at 586000000 : testbed_dwconv.sv(77)
1504 *Verdi* : Flush all FSDB Files at 586,000,000 ps.
1505 sps_call_fsdbDumpflush_vd_main at 587000000 : testbed_dwconv.sv(77)
1506 *Verdi* : Flush all FSDB Files at 587,000,000 ps.
1507 sps_call_fsdbDumpflush_vd_main at 588000000 : testbed_dwconv.sv(77)
1508 *Verdi* : Flush all FSDB Files at 588,000,000 ps.
1509 sps_call_fsdbDumpflush_vd_main at 589000000 : testbed_dwconv.sv(77)
1510 *Verdi* : Flush all FSDB Files at 589,000,000 ps.
1511 sps_call_fsdbDumpflush_vd_main at 590000000 : testbed_dwconv.sv(77)
1512 *Verdi* : Flush all FSDB Files at 590,000,000 ps.
1513 sps_call_fsdbDumpflush_vd_main at 591000000 : testbed_dwconv.sv(77)
1514 *Verdi* : Flush all FSDB Files at 591,000,000 ps.
1515 sps_call_fsdbDumpflush_vd_main at 592000000 : testbed_dwconv.sv(77)
1516 *Verdi* : Flush all FSDB Files at 592,000,000 ps.
1517 sps_call_fsdbDumpflush_vd_main at 593000000 : testbed_dwconv.sv(77)
1518 *Verdi* : Flush all FSDB Files at 593,000,000 ps.
1519 sps_call_fsdbDumpflush_vd_main at 594000000 : testbed_dwconv.sv(77)
1520 *Verdi* : Flush all FSDB Files at 594,000,000 ps.
1521 sps_call_fsdbDumpflush_vd_main at 595000000 : testbed_dwconv.sv(77)
1522 *Verdi* : Flush all FSDB Files at 595,000,000 ps.
1523 sps_call_fsdbDumpflush_vd_main at 596000000 : testbed_dwconv.sv(77)
1524 *Verdi* : Flush all FSDB Files at 596,000,000 ps.
1525 sps_call_fsdbDumpflush_vd_main at 597000000 : testbed_dwconv.sv(77)
1526 *Verdi* : Flush all FSDB Files at 597,000,000 ps.
1527 sps_call_fsdbDumpflush_vd_main at 598000000 : testbed_dwconv.sv(77)
1528 *Verdi* : Flush all FSDB Files at 598,000,000 ps.
1529 sps_call_fsdbDumpflush_vd_main at 599000000 : testbed_dwconv.sv(77)
1530 *Verdi* : Flush all FSDB Files at 599,000,000 ps.
1531 sps_call_fsdbDumpflush_vd_main at 600000000 : testbed_dwconv.sv(77)
1532 *Verdi* : Flush all FSDB Files at 600,000,000 ps.
1533 sps_call_fsdbDumpflush_vd_main at 601000000 : testbed_dwconv.sv(77)
1534 *Verdi* : Flush all FSDB Files at 601,000,000 ps.
1535 sps_call_fsdbDumpflush_vd_main at 602000000 : testbed_dwconv.sv(77)
1536 *Verdi* : Flush all FSDB Files at 602,000,000 ps.
1537 sps_call_fsdbDumpflush_vd_main at 603000000 : testbed_dwconv.sv(77)
1538 *Verdi* : Flush all FSDB Files at 603,000,000 ps.
1539 sps_call_fsdbDumpflush_vd_main at 604000000 : testbed_dwconv.sv(77)
1540 *Verdi* : Flush all FSDB Files at 604,000,000 ps.
1541 sps_call_fsdbDumpflush_vd_main at 605000000 : testbed_dwconv.sv(77)
1542 *Verdi* : Flush all FSDB Files at 605,000,000 ps.
1543 sps_call_fsdbDumpflush_vd_main at 606000000 : testbed_dwconv.sv(77)
1544 *Verdi* : Flush all FSDB Files at 606,000,000 ps.
1545 sps_call_fsdbDumpflush_vd_main at 607000000 : testbed_dwconv.sv(77)
1546 *Verdi* : Flush all FSDB Files at 607,000,000 ps.
1547 sps_call_fsdbDumpflush_vd_main at 608000000 : testbed_dwconv.sv(77)
1548 *Verdi* : Flush all FSDB Files at 608,000,000 ps.
1549 sps_call_fsdbDumpflush_vd_main at 609000000 : testbed_dwconv.sv(77)
1550 *Verdi* : Flush all FSDB Files at 609,000,000 ps.
1551 sps_call_fsdbDumpflush_vd_main at 610000000 : testbed_dwconv.sv(77)
1552 *Verdi* : Flush all FSDB Files at 610,000,000 ps.
1553 sps_call_fsdbDumpflush_vd_main at 611000000 : testbed_dwconv.sv(77)
1554 *Verdi* : Flush all FSDB Files at 611,000,000 ps.
1555 sps_call_fsdbDumpflush_vd_main at 612000000 : testbed_dwconv.sv(77)
1556 *Verdi* : Flush all FSDB Files at 612,000,000 ps.
1557 sps_call_fsdbDumpflush_vd_main at 613000000 : testbed_dwconv.sv(77)
1558 *Verdi* : Flush all FSDB Files at 613,000,000 ps.
1559 sps_call_fsdbDumpflush_vd_main at 614000000 : testbed_dwconv.sv(77)
1560 *Verdi* : Flush all FSDB Files at 614,000,000 ps.
1561 sps_call_fsdbDumpflush_vd_main at 615000000 : testbed_dwconv.sv(77)
1562 *Verdi* : Flush all FSDB Files at 615,000,000 ps.
1563 sps_call_fsdbDumpflush_vd_main at 616000000 : testbed_dwconv.sv(77)
1564 *Verdi* : Flush all FSDB Files at 616,000,000 ps.
1565 sps_call_fsdbDumpflush_vd_main at 617000000 : testbed_dwconv.sv(77)
1566 *Verdi* : Flush all FSDB Files at 617,000,000 ps.
1567 sps_call_fsdbDumpflush_vd_main at 618000000 : testbed_dwconv.sv(77)
1568 *Verdi* : Flush all FSDB Files at 618,000,000 ps.
1569 sps_call_fsdbDumpflush_vd_main at 619000000 : testbed_dwconv.sv(77)
1570 *Verdi* : Flush all FSDB Files at 619,000,000 ps.
1571 sps_call_fsdbDumpflush_vd_main at 620000000 : testbed_dwconv.sv(77)
1572 *Verdi* : Flush all FSDB Files at 620,000,000 ps.
1573 sps_call_fsdbDumpflush_vd_main at 621000000 : testbed_dwconv.sv(77)
1574 *Verdi* : Flush all FSDB Files at 621,000,000 ps.
1575 sps_call_fsdbDumpflush_vd_main at 622000000 : testbed_dwconv.sv(77)
1576 *Verdi* : Flush all FSDB Files at 622,000,000 ps.
1577 sps_call_fsdbDumpflush_vd_main at 623000000 : testbed_dwconv.sv(77)
1578 *Verdi* : Flush all FSDB Files at 623,000,000 ps.
1579 sps_call_fsdbDumpflush_vd_main at 624000000 : testbed_dwconv.sv(77)
1580 *Verdi* : Flush all FSDB Files at 624,000,000 ps.
1581 sps_call_fsdbDumpflush_vd_main at 625000000 : testbed_dwconv.sv(77)
1582 *Verdi* : Flush all FSDB Files at 625,000,000 ps.
1583 sps_call_fsdbDumpflush_vd_main at 626000000 : testbed_dwconv.sv(77)
1584 *Verdi* : Flush all FSDB Files at 626,000,000 ps.
1585 sps_call_fsdbDumpflush_vd_main at 627000000 : testbed_dwconv.sv(77)
1586 *Verdi* : Flush all FSDB Files at 627,000,000 ps.
1587 sps_call_fsdbDumpflush_vd_main at 628000000 : testbed_dwconv.sv(77)
1588 *Verdi* : Flush all FSDB Files at 628,000,000 ps.
1589 sps_call_fsdbDumpflush_vd_main at 629000000 : testbed_dwconv.sv(77)
1590 *Verdi* : Flush all FSDB Files at 629,000,000 ps.
1591 sps_call_fsdbDumpflush_vd_main at 630000000 : testbed_dwconv.sv(77)
1592 *Verdi* : Flush all FSDB Files at 630,000,000 ps.
1593 sps_call_fsdbDumpflush_vd_main at 631000000 : testbed_dwconv.sv(77)
1594 *Verdi* : Flush all FSDB Files at 631,000,000 ps.
1595 sps_call_fsdbDumpflush_vd_main at 632000000 : testbed_dwconv.sv(77)
1596 *Verdi* : Flush all FSDB Files at 632,000,000 ps.
1597 sps_call_fsdbDumpflush_vd_main at 633000000 : testbed_dwconv.sv(77)
1598 *Verdi* : Flush all FSDB Files at 633,000,000 ps.
1599 sps_call_fsdbDumpflush_vd_main at 634000000 : testbed_dwconv.sv(77)
1600 *Verdi* : Flush all FSDB Files at 634,000,000 ps.
1601 sps_call_fsdbDumpflush_vd_main at 635000000 : testbed_dwconv.sv(77)
1602 *Verdi* : Flush all FSDB Files at 635,000,000 ps.
1603 sps_call_fsdbDumpflush_vd_main at 636000000 : testbed_dwconv.sv(77)
1604 *Verdi* : Flush all FSDB Files at 636,000,000 ps.
1605 sps_call_fsdbDumpflush_vd_main at 637000000 : testbed_dwconv.sv(77)
1606 *Verdi* : Flush all FSDB Files at 637,000,000 ps.
1607 sps_call_fsdbDumpflush_vd_main at 638000000 : testbed_dwconv.sv(77)
1608 *Verdi* : Flush all FSDB Files at 638,000,000 ps.
1609 sps_call_fsdbDumpflush_vd_main at 639000000 : testbed_dwconv.sv(77)
1610 *Verdi* : Flush all FSDB Files at 639,000,000 ps.
1611 sps_call_fsdbDumpflush_vd_main at 640000000 : testbed_dwconv.sv(77)
1612 *Verdi* : Flush all FSDB Files at 640,000,000 ps.
1613 sps_call_fsdbDumpflush_vd_main at 641000000 : testbed_dwconv.sv(77)
1614 *Verdi* : Flush all FSDB Files at 641,000,000 ps.
1615 sps_call_fsdbDumpflush_vd_main at 642000000 : testbed_dwconv.sv(77)
1616 *Verdi* : Flush all FSDB Files at 642,000,000 ps.
1617 sps_call_fsdbDumpflush_vd_main at 643000000 : testbed_dwconv.sv(77)
1618 *Verdi* : Flush all FSDB Files at 643,000,000 ps.
1619 sps_call_fsdbDumpflush_vd_main at 644000000 : testbed_dwconv.sv(77)
1620 *Verdi* : Flush all FSDB Files at 644,000,000 ps.
1621 sps_call_fsdbDumpflush_vd_main at 645000000 : testbed_dwconv.sv(77)
1622 *Verdi* : Flush all FSDB Files at 645,000,000 ps.
1623 sps_call_fsdbDumpflush_vd_main at 646000000 : testbed_dwconv.sv(77)
1624 *Verdi* : Flush all FSDB Files at 646,000,000 ps.
1625 sps_call_fsdbDumpflush_vd_main at 647000000 : testbed_dwconv.sv(77)
1626 *Verdi* : Flush all FSDB Files at 647,000,000 ps.
1627 sps_call_fsdbDumpflush_vd_main at 648000000 : testbed_dwconv.sv(77)
1628 *Verdi* : Flush all FSDB Files at 648,000,000 ps.
1629 sps_call_fsdbDumpflush_vd_main at 649000000 : testbed_dwconv.sv(77)
1630 *Verdi* : Flush all FSDB Files at 649,000,000 ps.
1631 sps_call_fsdbDumpflush_vd_main at 650000000 : testbed_dwconv.sv(77)
1632 *Verdi* : Flush all FSDB Files at 650,000,000 ps.
1633 sps_call_fsdbDumpflush_vd_main at 651000000 : testbed_dwconv.sv(77)
1634 *Verdi* : Flush all FSDB Files at 651,000,000 ps.
1635 sps_call_fsdbDumpflush_vd_main at 652000000 : testbed_dwconv.sv(77)
1636 *Verdi* : Flush all FSDB Files at 652,000,000 ps.
1637 sps_call_fsdbDumpflush_vd_main at 653000000 : testbed_dwconv.sv(77)
1638 *Verdi* : Flush all FSDB Files at 653,000,000 ps.
1639 sps_call_fsdbDumpflush_vd_main at 654000000 : testbed_dwconv.sv(77)
1640 *Verdi* : Flush all FSDB Files at 654,000,000 ps.
1641 sps_call_fsdbDumpflush_vd_main at 655000000 : testbed_dwconv.sv(77)
1642 *Verdi* : Flush all FSDB Files at 655,000,000 ps.
1643 sps_call_fsdbDumpflush_vd_main at 656000000 : testbed_dwconv.sv(77)
1644 *Verdi* : Flush all FSDB Files at 656,000,000 ps.
1645 sps_call_fsdbDumpflush_vd_main at 657000000 : testbed_dwconv.sv(77)
1646 *Verdi* : Flush all FSDB Files at 657,000,000 ps.
1647 sps_call_fsdbDumpflush_vd_main at 658000000 : testbed_dwconv.sv(77)
1648 *Verdi* : Flush all FSDB Files at 658,000,000 ps.
1649 sps_call_fsdbDumpflush_vd_main at 659000000 : testbed_dwconv.sv(77)
1650 *Verdi* : Flush all FSDB Files at 659,000,000 ps.
1651 sps_call_fsdbDumpflush_vd_main at 660000000 : testbed_dwconv.sv(77)
1652 *Verdi* : Flush all FSDB Files at 660,000,000 ps.
1653 sps_call_fsdbDumpflush_vd_main at 661000000 : testbed_dwconv.sv(77)
1654 *Verdi* : Flush all FSDB Files at 661,000,000 ps.
1655 sps_call_fsdbDumpflush_vd_main at 662000000 : testbed_dwconv.sv(77)
1656 *Verdi* : Flush all FSDB Files at 662,000,000 ps.
1657 sps_call_fsdbDumpflush_vd_main at 663000000 : testbed_dwconv.sv(77)
1658 *Verdi* : Flush all FSDB Files at 663,000,000 ps.
1659 sps_call_fsdbDumpflush_vd_main at 664000000 : testbed_dwconv.sv(77)
1660 *Verdi* : Flush all FSDB Files at 664,000,000 ps.
1661 sps_call_fsdbDumpflush_vd_main at 665000000 : testbed_dwconv.sv(77)
1662 *Verdi* : Flush all FSDB Files at 665,000,000 ps.
1663 sps_call_fsdbDumpflush_vd_main at 666000000 : testbed_dwconv.sv(77)
1664 *Verdi* : Flush all FSDB Files at 666,000,000 ps.
1665 sps_call_fsdbDumpflush_vd_main at 667000000 : testbed_dwconv.sv(77)
1666 *Verdi* : Flush all FSDB Files at 667,000,000 ps.
1667 sps_call_fsdbDumpflush_vd_main at 668000000 : testbed_dwconv.sv(77)
1668 *Verdi* : Flush all FSDB Files at 668,000,000 ps.
1669 sps_call_fsdbDumpflush_vd_main at 669000000 : testbed_dwconv.sv(77)
1670 *Verdi* : Flush all FSDB Files at 669,000,000 ps.
1671 sps_call_fsdbDumpflush_vd_main at 670000000 : testbed_dwconv.sv(77)
1672 *Verdi* : Flush all FSDB Files at 670,000,000 ps.
1673 sps_call_fsdbDumpflush_vd_main at 671000000 : testbed_dwconv.sv(77)
1674 *Verdi* : Flush all FSDB Files at 671,000,000 ps.
1675 sps_call_fsdbDumpflush_vd_main at 672000000 : testbed_dwconv.sv(77)
1676 *Verdi* : Flush all FSDB Files at 672,000,000 ps.
1677 sps_call_fsdbDumpflush_vd_main at 673000000 : testbed_dwconv.sv(77)
1678 *Verdi* : Flush all FSDB Files at 673,000,000 ps.
1679 sps_call_fsdbDumpflush_vd_main at 674000000 : testbed_dwconv.sv(77)
1680 *Verdi* : Flush all FSDB Files at 674,000,000 ps.
1681 sps_call_fsdbDumpflush_vd_main at 675000000 : testbed_dwconv.sv(77)
1682 *Verdi* : Flush all FSDB Files at 675,000,000 ps.
1683 sps_call_fsdbDumpflush_vd_main at 676000000 : testbed_dwconv.sv(77)
1684 *Verdi* : Flush all FSDB Files at 676,000,000 ps.
1685 sps_call_fsdbDumpflush_vd_main at 677000000 : testbed_dwconv.sv(77)
1686 *Verdi* : Flush all FSDB Files at 677,000,000 ps.
1687 sps_call_fsdbDumpflush_vd_main at 678000000 : testbed_dwconv.sv(77)
1688 *Verdi* : Flush all FSDB Files at 678,000,000 ps.
1689 sps_call_fsdbDumpflush_vd_main at 679000000 : testbed_dwconv.sv(77)
1690 *Verdi* : Flush all FSDB Files at 679,000,000 ps.
1691 sps_call_fsdbDumpflush_vd_main at 680000000 : testbed_dwconv.sv(77)
1692 *Verdi* : Flush all FSDB Files at 680,000,000 ps.
1693 sps_call_fsdbDumpflush_vd_main at 681000000 : testbed_dwconv.sv(77)
1694 *Verdi* : Flush all FSDB Files at 681,000,000 ps.
1695 sps_call_fsdbDumpflush_vd_main at 682000000 : testbed_dwconv.sv(77)
1696 *Verdi* : Flush all FSDB Files at 682,000,000 ps.
1697 sps_call_fsdbDumpflush_vd_main at 683000000 : testbed_dwconv.sv(77)
1698 *Verdi* : Flush all FSDB Files at 683,000,000 ps.
1699 sps_call_fsdbDumpflush_vd_main at 684000000 : testbed_dwconv.sv(77)
1700 *Verdi* : Flush all FSDB Files at 684,000,000 ps.
1701 sps_call_fsdbDumpflush_vd_main at 685000000 : testbed_dwconv.sv(77)
1702 *Verdi* : Flush all FSDB Files at 685,000,000 ps.
1703 sps_call_fsdbDumpflush_vd_main at 686000000 : testbed_dwconv.sv(77)
1704 *Verdi* : Flush all FSDB Files at 686,000,000 ps.
1705 sps_call_fsdbDumpflush_vd_main at 687000000 : testbed_dwconv.sv(77)
1706 *Verdi* : Flush all FSDB Files at 687,000,000 ps.
1707 sps_call_fsdbDumpflush_vd_main at 688000000 : testbed_dwconv.sv(77)
1708 *Verdi* : Flush all FSDB Files at 688,000,000 ps.
1709 sps_call_fsdbDumpflush_vd_main at 689000000 : testbed_dwconv.sv(77)
1710 *Verdi* : Flush all FSDB Files at 689,000,000 ps.
1711 sps_call_fsdbDumpflush_vd_main at 690000000 : testbed_dwconv.sv(77)
1712 *Verdi* : Flush all FSDB Files at 690,000,000 ps.
1713 sps_call_fsdbDumpflush_vd_main at 691000000 : testbed_dwconv.sv(77)
1714 *Verdi* : Flush all FSDB Files at 691,000,000 ps.
1715 sps_call_fsdbDumpflush_vd_main at 692000000 : testbed_dwconv.sv(77)
1716 *Verdi* : Flush all FSDB Files at 692,000,000 ps.
1717 sps_call_fsdbDumpflush_vd_main at 693000000 : testbed_dwconv.sv(77)
1718 *Verdi* : Flush all FSDB Files at 693,000,000 ps.
1719 sps_call_fsdbDumpflush_vd_main at 694000000 : testbed_dwconv.sv(77)
1720 *Verdi* : Flush all FSDB Files at 694,000,000 ps.
1721 sps_call_fsdbDumpflush_vd_main at 695000000 : testbed_dwconv.sv(77)
1722 *Verdi* : Flush all FSDB Files at 695,000,000 ps.
1723 sps_call_fsdbDumpflush_vd_main at 696000000 : testbed_dwconv.sv(77)
1724 *Verdi* : Flush all FSDB Files at 696,000,000 ps.
1725 sps_call_fsdbDumpflush_vd_main at 697000000 : testbed_dwconv.sv(77)
1726 *Verdi* : Flush all FSDB Files at 697,000,000 ps.
1727 sps_call_fsdbDumpflush_vd_main at 698000000 : testbed_dwconv.sv(77)
1728 *Verdi* : Flush all FSDB Files at 698,000,000 ps.
1729 sps_call_fsdbDumpflush_vd_main at 699000000 : testbed_dwconv.sv(77)
1730 *Verdi* : Flush all FSDB Files at 699,000,000 ps.
1731 sps_call_fsdbDumpflush_vd_main at 700000000 : testbed_dwconv.sv(77)
1732 *Verdi* : Flush all FSDB Files at 700,000,000 ps.
1733 sps_call_fsdbDumpflush_vd_main at 701000000 : testbed_dwconv.sv(77)
1734 *Verdi* : Flush all FSDB Files at 701,000,000 ps.
1735 sps_call_fsdbDumpflush_vd_main at 702000000 : testbed_dwconv.sv(77)
1736 *Verdi* : Flush all FSDB Files at 702,000,000 ps.
1737 sps_call_fsdbDumpflush_vd_main at 703000000 : testbed_dwconv.sv(77)
1738 *Verdi* : Flush all FSDB Files at 703,000,000 ps.
1739 sps_call_fsdbDumpflush_vd_main at 704000000 : testbed_dwconv.sv(77)
1740 *Verdi* : Flush all FSDB Files at 704,000,000 ps.
1741 sps_call_fsdbDumpflush_vd_main at 705000000 : testbed_dwconv.sv(77)
1742 *Verdi* : Flush all FSDB Files at 705,000,000 ps.
1743 sps_call_fsdbDumpflush_vd_main at 706000000 : testbed_dwconv.sv(77)
1744 *Verdi* : Flush all FSDB Files at 706,000,000 ps.
1745 sps_call_fsdbDumpflush_vd_main at 707000000 : testbed_dwconv.sv(77)
1746 *Verdi* : Flush all FSDB Files at 707,000,000 ps.
1747 sps_call_fsdbDumpflush_vd_main at 708000000 : testbed_dwconv.sv(77)
1748 *Verdi* : Flush all FSDB Files at 708,000,000 ps.
1749 sps_call_fsdbDumpflush_vd_main at 709000000 : testbed_dwconv.sv(77)
1750 *Verdi* : Flush all FSDB Files at 709,000,000 ps.
1751 sps_call_fsdbDumpflush_vd_main at 710000000 : testbed_dwconv.sv(77)
1752 *Verdi* : Flush all FSDB Files at 710,000,000 ps.
1753 sps_call_fsdbDumpflush_vd_main at 711000000 : testbed_dwconv.sv(77)
1754 *Verdi* : Flush all FSDB Files at 711,000,000 ps.
1755 sps_call_fsdbDumpflush_vd_main at 712000000 : testbed_dwconv.sv(77)
1756 *Verdi* : Flush all FSDB Files at 712,000,000 ps.
1757 sps_call_fsdbDumpflush_vd_main at 713000000 : testbed_dwconv.sv(77)
1758 *Verdi* : Flush all FSDB Files at 713,000,000 ps.
1759 sps_call_fsdbDumpflush_vd_main at 714000000 : testbed_dwconv.sv(77)
1760 *Verdi* : Flush all FSDB Files at 714,000,000 ps.
1761 sps_call_fsdbDumpflush_vd_main at 715000000 : testbed_dwconv.sv(77)
1762 *Verdi* : Flush all FSDB Files at 715,000,000 ps.
1763 sps_call_fsdbDumpflush_vd_main at 716000000 : testbed_dwconv.sv(77)
1764 *Verdi* : Flush all FSDB Files at 716,000,000 ps.
1765 sps_call_fsdbDumpflush_vd_main at 717000000 : testbed_dwconv.sv(77)
1766 *Verdi* : Flush all FSDB Files at 717,000,000 ps.
1767 sps_call_fsdbDumpflush_vd_main at 718000000 : testbed_dwconv.sv(77)
1768 *Verdi* : Flush all FSDB Files at 718,000,000 ps.
1769 sps_call_fsdbDumpflush_vd_main at 719000000 : testbed_dwconv.sv(77)
1770 *Verdi* : Flush all FSDB Files at 719,000,000 ps.
1771 sps_call_fsdbDumpflush_vd_main at 720000000 : testbed_dwconv.sv(77)
1772 *Verdi* : Flush all FSDB Files at 720,000,000 ps.
1773 sps_call_fsdbDumpflush_vd_main at 721000000 : testbed_dwconv.sv(77)
1774 *Verdi* : Flush all FSDB Files at 721,000,000 ps.
1775 sps_call_fsdbDumpflush_vd_main at 722000000 : testbed_dwconv.sv(77)
1776 *Verdi* : Flush all FSDB Files at 722,000,000 ps.
1777 sps_call_fsdbDumpflush_vd_main at 723000000 : testbed_dwconv.sv(77)
1778 *Verdi* : Flush all FSDB Files at 723,000,000 ps.
1779 sps_call_fsdbDumpflush_vd_main at 724000000 : testbed_dwconv.sv(77)
1780 *Verdi* : Flush all FSDB Files at 724,000,000 ps.
1781 sps_call_fsdbDumpflush_vd_main at 725000000 : testbed_dwconv.sv(77)
1782 *Verdi* : Flush all FSDB Files at 725,000,000 ps.
1783 sps_call_fsdbDumpflush_vd_main at 726000000 : testbed_dwconv.sv(77)
1784 *Verdi* : Flush all FSDB Files at 726,000,000 ps.
1785 sps_call_fsdbDumpflush_vd_main at 727000000 : testbed_dwconv.sv(77)
1786 *Verdi* : Flush all FSDB Files at 727,000,000 ps.
1787 sps_call_fsdbDumpflush_vd_main at 728000000 : testbed_dwconv.sv(77)
1788 *Verdi* : Flush all FSDB Files at 728,000,000 ps.
1789 sps_call_fsdbDumpflush_vd_main at 729000000 : testbed_dwconv.sv(77)
1790 *Verdi* : Flush all FSDB Files at 729,000,000 ps.
1791 sps_call_fsdbDumpflush_vd_main at 730000000 : testbed_dwconv.sv(77)
1792 *Verdi* : Flush all FSDB Files at 730,000,000 ps.
1793 sps_call_fsdbDumpflush_vd_main at 731000000 : testbed_dwconv.sv(77)
1794 *Verdi* : Flush all FSDB Files at 731,000,000 ps.
1795 sps_call_fsdbDumpflush_vd_main at 732000000 : testbed_dwconv.sv(77)
1796 *Verdi* : Flush all FSDB Files at 732,000,000 ps.
1797 sps_call_fsdbDumpflush_vd_main at 733000000 : testbed_dwconv.sv(77)
1798 *Verdi* : Flush all FSDB Files at 733,000,000 ps.
1799 sps_call_fsdbDumpflush_vd_main at 734000000 : testbed_dwconv.sv(77)
1800 *Verdi* : Flush all FSDB Files at 734,000,000 ps.
1801 sps_call_fsdbDumpflush_vd_main at 735000000 : testbed_dwconv.sv(77)
1802 *Verdi* : Flush all FSDB Files at 735,000,000 ps.
1803 sps_call_fsdbDumpflush_vd_main at 736000000 : testbed_dwconv.sv(77)
1804 *Verdi* : Flush all FSDB Files at 736,000,000 ps.
1805 sps_call_fsdbDumpflush_vd_main at 737000000 : testbed_dwconv.sv(77)
1806 *Verdi* : Flush all FSDB Files at 737,000,000 ps.
1807 sps_call_fsdbDumpflush_vd_main at 738000000 : testbed_dwconv.sv(77)
1808 *Verdi* : Flush all FSDB Files at 738,000,000 ps.
1809 sps_call_fsdbDumpflush_vd_main at 739000000 : testbed_dwconv.sv(77)
1810 *Verdi* : Flush all FSDB Files at 739,000,000 ps.
1811 sps_call_fsdbDumpflush_vd_main at 740000000 : testbed_dwconv.sv(77)
1812 *Verdi* : Flush all FSDB Files at 740,000,000 ps.
1813 sps_call_fsdbDumpflush_vd_main at 741000000 : testbed_dwconv.sv(77)
1814 *Verdi* : Flush all FSDB Files at 741,000,000 ps.
1815 sps_call_fsdbDumpflush_vd_main at 742000000 : testbed_dwconv.sv(77)
1816 *Verdi* : Flush all FSDB Files at 742,000,000 ps.
1817 sps_call_fsdbDumpflush_vd_main at 743000000 : testbed_dwconv.sv(77)
1818 *Verdi* : Flush all FSDB Files at 743,000,000 ps.
1819 sps_call_fsdbDumpflush_vd_main at 744000000 : testbed_dwconv.sv(77)
1820 *Verdi* : Flush all FSDB Files at 744,000,000 ps.
1821 sps_call_fsdbDumpflush_vd_main at 745000000 : testbed_dwconv.sv(77)
1822 *Verdi* : Flush all FSDB Files at 745,000,000 ps.
1823 sps_call_fsdbDumpflush_vd_main at 746000000 : testbed_dwconv.sv(77)
1824 *Verdi* : Flush all FSDB Files at 746,000,000 ps.
1825 sps_call_fsdbDumpflush_vd_main at 747000000 : testbed_dwconv.sv(77)
1826 *Verdi* : Flush all FSDB Files at 747,000,000 ps.
1827 sps_call_fsdbDumpflush_vd_main at 748000000 : testbed_dwconv.sv(77)
1828 *Verdi* : Flush all FSDB Files at 748,000,000 ps.
1829 sps_call_fsdbDumpflush_vd_main at 749000000 : testbed_dwconv.sv(77)
1830 *Verdi* : Flush all FSDB Files at 749,000,000 ps.
1831 sps_call_fsdbDumpflush_vd_main at 750000000 : testbed_dwconv.sv(77)
1832 *Verdi* : Flush all FSDB Files at 750,000,000 ps.
1833 sps_call_fsdbDumpflush_vd_main at 751000000 : testbed_dwconv.sv(77)
1834 *Verdi* : Flush all FSDB Files at 751,000,000 ps.
1835 sps_call_fsdbDumpflush_vd_main at 752000000 : testbed_dwconv.sv(77)
1836 *Verdi* : Flush all FSDB Files at 752,000,000 ps.
1837 sps_call_fsdbDumpflush_vd_main at 753000000 : testbed_dwconv.sv(77)
1838 *Verdi* : Flush all FSDB Files at 753,000,000 ps.
1839 sps_call_fsdbDumpflush_vd_main at 754000000 : testbed_dwconv.sv(77)
1840 *Verdi* : Flush all FSDB Files at 754,000,000 ps.
1841 sps_call_fsdbDumpflush_vd_main at 755000000 : testbed_dwconv.sv(77)
1842 *Verdi* : Flush all FSDB Files at 755,000,000 ps.
1843 sps_call_fsdbDumpflush_vd_main at 756000000 : testbed_dwconv.sv(77)
1844 *Verdi* : Flush all FSDB Files at 756,000,000 ps.
1845 sps_call_fsdbDumpflush_vd_main at 757000000 : testbed_dwconv.sv(77)
1846 *Verdi* : Flush all FSDB Files at 757,000,000 ps.
1847 sps_call_fsdbDumpflush_vd_main at 758000000 : testbed_dwconv.sv(77)
1848 *Verdi* : Flush all FSDB Files at 758,000,000 ps.
1849 sps_call_fsdbDumpflush_vd_main at 759000000 : testbed_dwconv.sv(77)
1850 *Verdi* : Flush all FSDB Files at 759,000,000 ps.
1851 sps_call_fsdbDumpflush_vd_main at 760000000 : testbed_dwconv.sv(77)
1852 *Verdi* : Flush all FSDB Files at 760,000,000 ps.
1853 sps_call_fsdbDumpflush_vd_main at 761000000 : testbed_dwconv.sv(77)
1854 *Verdi* : Flush all FSDB Files at 761,000,000 ps.
1855 sps_call_fsdbDumpflush_vd_main at 762000000 : testbed_dwconv.sv(77)
1856 *Verdi* : Flush all FSDB Files at 762,000,000 ps.
1857 sps_call_fsdbDumpflush_vd_main at 763000000 : testbed_dwconv.sv(77)
1858 *Verdi* : Flush all FSDB Files at 763,000,000 ps.
1859 sps_call_fsdbDumpflush_vd_main at 764000000 : testbed_dwconv.sv(77)
1860 *Verdi* : Flush all FSDB Files at 764,000,000 ps.
1861 sps_call_fsdbDumpflush_vd_main at 765000000 : testbed_dwconv.sv(77)
1862 *Verdi* : Flush all FSDB Files at 765,000,000 ps.
1863 sps_call_fsdbDumpflush_vd_main at 766000000 : testbed_dwconv.sv(77)
1864 *Verdi* : Flush all FSDB Files at 766,000,000 ps.
1865 sps_call_fsdbDumpflush_vd_main at 767000000 : testbed_dwconv.sv(77)
1866 *Verdi* : Flush all FSDB Files at 767,000,000 ps.
1867 sps_call_fsdbDumpflush_vd_main at 768000000 : testbed_dwconv.sv(77)
1868 *Verdi* : Flush all FSDB Files at 768,000,000 ps.
1869 sps_call_fsdbDumpflush_vd_main at 769000000 : testbed_dwconv.sv(77)
1870 *Verdi* : Flush all FSDB Files at 769,000,000 ps.
1871 sps_call_fsdbDumpflush_vd_main at 770000000 : testbed_dwconv.sv(77)
1872 *Verdi* : Flush all FSDB Files at 770,000,000 ps.
1873 sps_call_fsdbDumpflush_vd_main at 771000000 : testbed_dwconv.sv(77)
1874 *Verdi* : Flush all FSDB Files at 771,000,000 ps.
1875 sps_call_fsdbDumpflush_vd_main at 772000000 : testbed_dwconv.sv(77)
1876 *Verdi* : Flush all FSDB Files at 772,000,000 ps.
1877 sps_call_fsdbDumpflush_vd_main at 773000000 : testbed_dwconv.sv(77)
1878 *Verdi* : Flush all FSDB Files at 773,000,000 ps.
1879 sps_call_fsdbDumpflush_vd_main at 774000000 : testbed_dwconv.sv(77)
1880 *Verdi* : Flush all FSDB Files at 774,000,000 ps.
1881 sps_call_fsdbDumpflush_vd_main at 775000000 : testbed_dwconv.sv(77)
1882 *Verdi* : Flush all FSDB Files at 775,000,000 ps.
1883 sps_call_fsdbDumpflush_vd_main at 776000000 : testbed_dwconv.sv(77)
1884 *Verdi* : Flush all FSDB Files at 776,000,000 ps.
1885 sps_call_fsdbDumpflush_vd_main at 777000000 : testbed_dwconv.sv(77)
1886 *Verdi* : Flush all FSDB Files at 777,000,000 ps.
1887 sps_call_fsdbDumpflush_vd_main at 778000000 : testbed_dwconv.sv(77)
1888 *Verdi* : Flush all FSDB Files at 778,000,000 ps.
1889 sps_call_fsdbDumpflush_vd_main at 779000000 : testbed_dwconv.sv(77)
1890 *Verdi* : Flush all FSDB Files at 779,000,000 ps.
1891 sps_call_fsdbDumpflush_vd_main at 780000000 : testbed_dwconv.sv(77)
1892 *Verdi* : Flush all FSDB Files at 780,000,000 ps.
1893 sps_call_fsdbDumpflush_vd_main at 781000000 : testbed_dwconv.sv(77)
1894 *Verdi* : Flush all FSDB Files at 781,000,000 ps.
1895 sps_call_fsdbDumpflush_vd_main at 782000000 : testbed_dwconv.sv(77)
1896 *Verdi* : Flush all FSDB Files at 782,000,000 ps.
1897 sps_call_fsdbDumpflush_vd_main at 783000000 : testbed_dwconv.sv(77)
1898 *Verdi* : Flush all FSDB Files at 783,000,000 ps.
1899 sps_call_fsdbDumpflush_vd_main at 784000000 : testbed_dwconv.sv(77)
1900 *Verdi* : Flush all FSDB Files at 784,000,000 ps.
1901 sps_call_fsdbDumpflush_vd_main at 785000000 : testbed_dwconv.sv(77)
1902 *Verdi* : Flush all FSDB Files at 785,000,000 ps.
1903 sps_call_fsdbDumpflush_vd_main at 786000000 : testbed_dwconv.sv(77)
1904 *Verdi* : Flush all FSDB Files at 786,000,000 ps.
1905 sps_call_fsdbDumpflush_vd_main at 787000000 : testbed_dwconv.sv(77)
1906 *Verdi* : Flush all FSDB Files at 787,000,000 ps.
1907 sps_call_fsdbDumpflush_vd_main at 788000000 : testbed_dwconv.sv(77)
1908 *Verdi* : Flush all FSDB Files at 788,000,000 ps.
1909 sps_call_fsdbDumpflush_vd_main at 789000000 : testbed_dwconv.sv(77)
1910 *Verdi* : Flush all FSDB Files at 789,000,000 ps.
1911 sps_call_fsdbDumpflush_vd_main at 790000000 : testbed_dwconv.sv(77)
1912 *Verdi* : Flush all FSDB Files at 790,000,000 ps.
1913 sps_call_fsdbDumpflush_vd_main at 791000000 : testbed_dwconv.sv(77)
1914 *Verdi* : Flush all FSDB Files at 791,000,000 ps.
1915 sps_call_fsdbDumpflush_vd_main at 792000000 : testbed_dwconv.sv(77)
1916 *Verdi* : Flush all FSDB Files at 792,000,000 ps.
1917 sps_call_fsdbDumpflush_vd_main at 793000000 : testbed_dwconv.sv(77)
1918 *Verdi* : Flush all FSDB Files at 793,000,000 ps.
1919 sps_call_fsdbDumpflush_vd_main at 794000000 : testbed_dwconv.sv(77)
1920 *Verdi* : Flush all FSDB Files at 794,000,000 ps.
1921 sps_call_fsdbDumpflush_vd_main at 795000000 : testbed_dwconv.sv(77)
1922 *Verdi* : Flush all FSDB Files at 795,000,000 ps.
1923 sps_call_fsdbDumpflush_vd_main at 796000000 : testbed_dwconv.sv(77)
1924 *Verdi* : Flush all FSDB Files at 796,000,000 ps.
1925 sps_call_fsdbDumpflush_vd_main at 797000000 : testbed_dwconv.sv(77)
1926 *Verdi* : Flush all FSDB Files at 797,000,000 ps.
1927 sps_call_fsdbDumpflush_vd_main at 798000000 : testbed_dwconv.sv(77)
1928 *Verdi* : Flush all FSDB Files at 798,000,000 ps.
1929 sps_call_fsdbDumpflush_vd_main at 799000000 : testbed_dwconv.sv(77)
1930 *Verdi* : Flush all FSDB Files at 799,000,000 ps.
1931 sps_call_fsdbDumpflush_vd_main at 800000000 : testbed_dwconv.sv(77)
1932 *Verdi* : Flush all FSDB Files at 800,000,000 ps.
1933 sps_call_fsdbDumpflush_vd_main at 801000000 : testbed_dwconv.sv(77)
1934 *Verdi* : Flush all FSDB Files at 801,000,000 ps.
1935 sps_call_fsdbDumpflush_vd_main at 802000000 : testbed_dwconv.sv(77)
1936 *Verdi* : Flush all FSDB Files at 802,000,000 ps.
1937 sps_call_fsdbDumpflush_vd_main at 803000000 : testbed_dwconv.sv(77)
1938 *Verdi* : Flush all FSDB Files at 803,000,000 ps.
1939 sps_call_fsdbDumpflush_vd_main at 804000000 : testbed_dwconv.sv(77)
1940 *Verdi* : Flush all FSDB Files at 804,000,000 ps.
1941 sps_call_fsdbDumpflush_vd_main at 805000000 : testbed_dwconv.sv(77)
1942 *Verdi* : Flush all FSDB Files at 805,000,000 ps.
1943 sps_call_fsdbDumpflush_vd_main at 806000000 : testbed_dwconv.sv(77)
1944 *Verdi* : Flush all FSDB Files at 806,000,000 ps.
1945 sps_call_fsdbDumpflush_vd_main at 807000000 : testbed_dwconv.sv(77)
1946 *Verdi* : Flush all FSDB Files at 807,000,000 ps.
1947 sps_call_fsdbDumpflush_vd_main at 808000000 : testbed_dwconv.sv(77)
1948 *Verdi* : Flush all FSDB Files at 808,000,000 ps.
1949 sps_call_fsdbDumpflush_vd_main at 809000000 : testbed_dwconv.sv(77)
1950 *Verdi* : Flush all FSDB Files at 809,000,000 ps.
1951 sps_call_fsdbDumpflush_vd_main at 810000000 : testbed_dwconv.sv(77)
1952 *Verdi* : Flush all FSDB Files at 810,000,000 ps.
1953 sps_call_fsdbDumpflush_vd_main at 811000000 : testbed_dwconv.sv(77)
1954 *Verdi* : Flush all FSDB Files at 811,000,000 ps.
1955 sps_call_fsdbDumpflush_vd_main at 812000000 : testbed_dwconv.sv(77)
1956 *Verdi* : Flush all FSDB Files at 812,000,000 ps.
1957 sps_call_fsdbDumpflush_vd_main at 813000000 : testbed_dwconv.sv(77)
1958 *Verdi* : Flush all FSDB Files at 813,000,000 ps.
1959 sps_call_fsdbDumpflush_vd_main at 814000000 : testbed_dwconv.sv(77)
1960 *Verdi* : Flush all FSDB Files at 814,000,000 ps.
1961 sps_call_fsdbDumpflush_vd_main at 815000000 : testbed_dwconv.sv(77)
1962 *Verdi* : Flush all FSDB Files at 815,000,000 ps.
1963 sps_call_fsdbDumpflush_vd_main at 816000000 : testbed_dwconv.sv(77)
1964 *Verdi* : Flush all FSDB Files at 816,000,000 ps.
1965 sps_call_fsdbDumpflush_vd_main at 817000000 : testbed_dwconv.sv(77)
1966 *Verdi* : Flush all FSDB Files at 817,000,000 ps.
1967 sps_call_fsdbDumpflush_vd_main at 818000000 : testbed_dwconv.sv(77)
1968 *Verdi* : Flush all FSDB Files at 818,000,000 ps.
1969 sps_call_fsdbDumpflush_vd_main at 819000000 : testbed_dwconv.sv(77)
1970 *Verdi* : Flush all FSDB Files at 819,000,000 ps.
1971 sps_call_fsdbDumpflush_vd_main at 820000000 : testbed_dwconv.sv(77)
1972 *Verdi* : Flush all FSDB Files at 820,000,000 ps.
1973 sps_call_fsdbDumpflush_vd_main at 821000000 : testbed_dwconv.sv(77)
1974 *Verdi* : Flush all FSDB Files at 821,000,000 ps.
1975 sps_call_fsdbDumpflush_vd_main at 822000000 : testbed_dwconv.sv(77)
1976 *Verdi* : Flush all FSDB Files at 822,000,000 ps.
1977 sps_call_fsdbDumpflush_vd_main at 823000000 : testbed_dwconv.sv(77)
1978 *Verdi* : Flush all FSDB Files at 823,000,000 ps.
1979 sps_call_fsdbDumpflush_vd_main at 824000000 : testbed_dwconv.sv(77)
1980 *Verdi* : Flush all FSDB Files at 824,000,000 ps.
1981 sps_call_fsdbDumpflush_vd_main at 825000000 : testbed_dwconv.sv(77)
1982 *Verdi* : Flush all FSDB Files at 825,000,000 ps.
1983 sps_call_fsdbDumpflush_vd_main at 826000000 : testbed_dwconv.sv(77)
1984 *Verdi* : Flush all FSDB Files at 826,000,000 ps.
1985 sps_call_fsdbDumpflush_vd_main at 827000000 : testbed_dwconv.sv(77)
1986 *Verdi* : Flush all FSDB Files at 827,000,000 ps.
1987 sps_call_fsdbDumpflush_vd_main at 828000000 : testbed_dwconv.sv(77)
1988 *Verdi* : Flush all FSDB Files at 828,000,000 ps.
1989 sps_call_fsdbDumpflush_vd_main at 829000000 : testbed_dwconv.sv(77)
1990 *Verdi* : Flush all FSDB Files at 829,000,000 ps.
1991 sps_call_fsdbDumpflush_vd_main at 830000000 : testbed_dwconv.sv(77)
1992 *Verdi* : Flush all FSDB Files at 830,000,000 ps.
1993 sps_call_fsdbDumpflush_vd_main at 831000000 : testbed_dwconv.sv(77)
1994 *Verdi* : Flush all FSDB Files at 831,000,000 ps.
1995 sps_call_fsdbDumpflush_vd_main at 832000000 : testbed_dwconv.sv(77)
1996 *Verdi* : Flush all FSDB Files at 832,000,000 ps.
1997 sps_call_fsdbDumpflush_vd_main at 833000000 : testbed_dwconv.sv(77)
1998 *Verdi* : Flush all FSDB Files at 833,000,000 ps.
1999 sps_call_fsdbDumpflush_vd_main at 834000000 : testbed_dwconv.sv(77)
2000 *Verdi* : Flush all FSDB Files at 834,000,000 ps.
2001 sps_call_fsdbDumpflush_vd_main at 835000000 : testbed_dwconv.sv(77)
2002 *Verdi* : Flush all FSDB Files at 835,000,000 ps.
2003 sps_call_fsdbDumpflush_vd_main at 836000000 : testbed_dwconv.sv(77)
2004 *Verdi* : Flush all FSDB Files at 836,000,000 ps.
2005 sps_call_fsdbDumpflush_vd_main at 837000000 : testbed_dwconv.sv(77)
2006 *Verdi* : Flush all FSDB Files at 837,000,000 ps.
2007 sps_call_fsdbDumpflush_vd_main at 838000000 : testbed_dwconv.sv(77)
2008 *Verdi* : Flush all FSDB Files at 838,000,000 ps.
2009 sps_call_fsdbDumpflush_vd_main at 839000000 : testbed_dwconv.sv(77)
2010 *Verdi* : Flush all FSDB Files at 839,000,000 ps.
2011 sps_call_fsdbDumpflush_vd_main at 840000000 : testbed_dwconv.sv(77)
2012 *Verdi* : Flush all FSDB Files at 840,000,000 ps.
2013 sps_call_fsdbDumpflush_vd_main at 841000000 : testbed_dwconv.sv(77)
2014 *Verdi* : Flush all FSDB Files at 841,000,000 ps.
2015 sps_call_fsdbDumpflush_vd_main at 842000000 : testbed_dwconv.sv(77)
2016 *Verdi* : Flush all FSDB Files at 842,000,000 ps.
2017 sps_call_fsdbDumpflush_vd_main at 843000000 : testbed_dwconv.sv(77)
2018 *Verdi* : Flush all FSDB Files at 843,000,000 ps.
2019 sps_call_fsdbDumpflush_vd_main at 844000000 : testbed_dwconv.sv(77)
2020 *Verdi* : Flush all FSDB Files at 844,000,000 ps.
2021 sps_call_fsdbDumpflush_vd_main at 845000000 : testbed_dwconv.sv(77)
2022 *Verdi* : Flush all FSDB Files at 845,000,000 ps.
2023 sps_call_fsdbDumpflush_vd_main at 846000000 : testbed_dwconv.sv(77)
2024 *Verdi* : Flush all FSDB Files at 846,000,000 ps.
2025 sps_call_fsdbDumpflush_vd_main at 847000000 : testbed_dwconv.sv(77)
2026 *Verdi* : Flush all FSDB Files at 847,000,000 ps.
2027 sps_call_fsdbDumpflush_vd_main at 848000000 : testbed_dwconv.sv(77)
2028 *Verdi* : Flush all FSDB Files at 848,000,000 ps.
2029 sps_call_fsdbDumpflush_vd_main at 849000000 : testbed_dwconv.sv(77)
2030 *Verdi* : Flush all FSDB Files at 849,000,000 ps.
2031 sps_call_fsdbDumpflush_vd_main at 850000000 : testbed_dwconv.sv(77)
2032 *Verdi* : Flush all FSDB Files at 850,000,000 ps.
2033 sps_call_fsdbDumpflush_vd_main at 851000000 : testbed_dwconv.sv(77)
2034 *Verdi* : Flush all FSDB Files at 851,000,000 ps.
2035 sps_call_fsdbDumpflush_vd_main at 852000000 : testbed_dwconv.sv(77)
2036 *Verdi* : Flush all FSDB Files at 852,000,000 ps.
2037 sps_call_fsdbDumpflush_vd_main at 853000000 : testbed_dwconv.sv(77)
2038 *Verdi* : Flush all FSDB Files at 853,000,000 ps.
2039 sps_call_fsdbDumpflush_vd_main at 854000000 : testbed_dwconv.sv(77)
2040 *Verdi* : Flush all FSDB Files at 854,000,000 ps.
2041 sps_call_fsdbDumpflush_vd_main at 855000000 : testbed_dwconv.sv(77)
2042 *Verdi* : Flush all FSDB Files at 855,000,000 ps.
2043 sps_call_fsdbDumpflush_vd_main at 856000000 : testbed_dwconv.sv(77)
2044 *Verdi* : Flush all FSDB Files at 856,000,000 ps.
2045 sps_call_fsdbDumpflush_vd_main at 857000000 : testbed_dwconv.sv(77)
2046 *Verdi* : Flush all FSDB Files at 857,000,000 ps.
2047 sps_call_fsdbDumpflush_vd_main at 858000000 : testbed_dwconv.sv(77)
2048 *Verdi* : Flush all FSDB Files at 858,000,000 ps.
2049 sps_call_fsdbDumpflush_vd_main at 859000000 : testbed_dwconv.sv(77)
2050 *Verdi* : Flush all FSDB Files at 859,000,000 ps.
2051 sps_call_fsdbDumpflush_vd_main at 860000000 : testbed_dwconv.sv(77)
2052 *Verdi* : Flush all FSDB Files at 860,000,000 ps.
2053 sps_call_fsdbDumpflush_vd_main at 861000000 : testbed_dwconv.sv(77)
2054 *Verdi* : Flush all FSDB Files at 861,000,000 ps.
2055 sps_call_fsdbDumpflush_vd_main at 862000000 : testbed_dwconv.sv(77)
2056 *Verdi* : Flush all FSDB Files at 862,000,000 ps.
2057 sps_call_fsdbDumpflush_vd_main at 863000000 : testbed_dwconv.sv(77)
2058 *Verdi* : Flush all FSDB Files at 863,000,000 ps.
2059 sps_call_fsdbDumpflush_vd_main at 864000000 : testbed_dwconv.sv(77)
2060 *Verdi* : Flush all FSDB Files at 864,000,000 ps.
2061 sps_call_fsdbDumpflush_vd_main at 865000000 : testbed_dwconv.sv(77)
2062 *Verdi* : Flush all FSDB Files at 865,000,000 ps.
2063 sps_call_fsdbDumpflush_vd_main at 866000000 : testbed_dwconv.sv(77)
2064 *Verdi* : Flush all FSDB Files at 866,000,000 ps.
2065 sps_call_fsdbDumpflush_vd_main at 867000000 : testbed_dwconv.sv(77)
2066 *Verdi* : Flush all FSDB Files at 867,000,000 ps.
2067 sps_call_fsdbDumpflush_vd_main at 868000000 : testbed_dwconv.sv(77)
2068 *Verdi* : Flush all FSDB Files at 868,000,000 ps.
2069 sps_call_fsdbDumpflush_vd_main at 869000000 : testbed_dwconv.sv(77)
2070 *Verdi* : Flush all FSDB Files at 869,000,000 ps.
2071 sps_call_fsdbDumpflush_vd_main at 870000000 : testbed_dwconv.sv(77)
2072 *Verdi* : Flush all FSDB Files at 870,000,000 ps.
2073 sps_call_fsdbDumpflush_vd_main at 871000000 : testbed_dwconv.sv(77)
2074 *Verdi* : Flush all FSDB Files at 871,000,000 ps.
2075 sps_call_fsdbDumpflush_vd_main at 872000000 : testbed_dwconv.sv(77)
2076 *Verdi* : Flush all FSDB Files at 872,000,000 ps.
2077 sps_call_fsdbDumpflush_vd_main at 873000000 : testbed_dwconv.sv(77)
2078 *Verdi* : Flush all FSDB Files at 873,000,000 ps.
2079 sps_call_fsdbDumpflush_vd_main at 874000000 : testbed_dwconv.sv(77)
2080 *Verdi* : Flush all FSDB Files at 874,000,000 ps.
2081 sps_call_fsdbDumpflush_vd_main at 875000000 : testbed_dwconv.sv(77)
2082 *Verdi* : Flush all FSDB Files at 875,000,000 ps.
2083 sps_call_fsdbDumpflush_vd_main at 876000000 : testbed_dwconv.sv(77)
2084 *Verdi* : Flush all FSDB Files at 876,000,000 ps.
2085 sps_call_fsdbDumpflush_vd_main at 877000000 : testbed_dwconv.sv(77)
2086 *Verdi* : Flush all FSDB Files at 877,000,000 ps.
2087 sps_call_fsdbDumpflush_vd_main at 878000000 : testbed_dwconv.sv(77)
2088 *Verdi* : Flush all FSDB Files at 878,000,000 ps.
2089 sps_call_fsdbDumpflush_vd_main at 879000000 : testbed_dwconv.sv(77)
2090 *Verdi* : Flush all FSDB Files at 879,000,000 ps.
2091 sps_call_fsdbDumpflush_vd_main at 880000000 : testbed_dwconv.sv(77)
2092 *Verdi* : Flush all FSDB Files at 880,000,000 ps.
2093 sps_call_fsdbDumpflush_vd_main at 881000000 : testbed_dwconv.sv(77)
2094 *Verdi* : Flush all FSDB Files at 881,000,000 ps.
2095 sps_call_fsdbDumpflush_vd_main at 882000000 : testbed_dwconv.sv(77)
2096 *Verdi* : Flush all FSDB Files at 882,000,000 ps.
2097 sps_call_fsdbDumpflush_vd_main at 883000000 : testbed_dwconv.sv(77)
2098 *Verdi* : Flush all FSDB Files at 883,000,000 ps.
2099 sps_call_fsdbDumpflush_vd_main at 884000000 : testbed_dwconv.sv(77)
2100 *Verdi* : Flush all FSDB Files at 884,000,000 ps.
2101 sps_call_fsdbDumpflush_vd_main at 885000000 : testbed_dwconv.sv(77)
2102 *Verdi* : Flush all FSDB Files at 885,000,000 ps.
2103 sps_call_fsdbDumpflush_vd_main at 886000000 : testbed_dwconv.sv(77)
2104 *Verdi* : Flush all FSDB Files at 886,000,000 ps.
2105 sps_call_fsdbDumpflush_vd_main at 887000000 : testbed_dwconv.sv(77)
2106 *Verdi* : Flush all FSDB Files at 887,000,000 ps.
2107 sps_call_fsdbDumpflush_vd_main at 888000000 : testbed_dwconv.sv(77)
2108 *Verdi* : Flush all FSDB Files at 888,000,000 ps.
2109 sps_call_fsdbDumpflush_vd_main at 889000000 : testbed_dwconv.sv(77)
2110 *Verdi* : Flush all FSDB Files at 889,000,000 ps.
2111 sps_call_fsdbDumpflush_vd_main at 890000000 : testbed_dwconv.sv(77)
2112 *Verdi* : Flush all FSDB Files at 890,000,000 ps.
2113 sps_call_fsdbDumpflush_vd_main at 891000000 : testbed_dwconv.sv(77)
2114 *Verdi* : Flush all FSDB Files at 891,000,000 ps.
2115 sps_call_fsdbDumpflush_vd_main at 892000000 : testbed_dwconv.sv(77)
2116 *Verdi* : Flush all FSDB Files at 892,000,000 ps.
2117 sps_call_fsdbDumpflush_vd_main at 893000000 : testbed_dwconv.sv(77)
2118 *Verdi* : Flush all FSDB Files at 893,000,000 ps.
2119 sps_call_fsdbDumpflush_vd_main at 894000000 : testbed_dwconv.sv(77)
2120 *Verdi* : Flush all FSDB Files at 894,000,000 ps.
2121 sps_call_fsdbDumpflush_vd_main at 895000000 : testbed_dwconv.sv(77)
2122 *Verdi* : Flush all FSDB Files at 895,000,000 ps.
2123 sps_call_fsdbDumpflush_vd_main at 896000000 : testbed_dwconv.sv(77)
2124 *Verdi* : Flush all FSDB Files at 896,000,000 ps.
2125 sps_call_fsdbDumpflush_vd_main at 897000000 : testbed_dwconv.sv(77)
2126 *Verdi* : Flush all FSDB Files at 897,000,000 ps.
2127 sps_call_fsdbDumpflush_vd_main at 898000000 : testbed_dwconv.sv(77)
2128 *Verdi* : Flush all FSDB Files at 898,000,000 ps.
2129 sps_call_fsdbDumpflush_vd_main at 899000000 : testbed_dwconv.sv(77)
2130 *Verdi* : Flush all FSDB Files at 899,000,000 ps.
2131 sps_call_fsdbDumpflush_vd_main at 900000000 : testbed_dwconv.sv(77)
2132 *Verdi* : Flush all FSDB Files at 900,000,000 ps.
2133 sps_call_fsdbDumpflush_vd_main at 901000000 : testbed_dwconv.sv(77)
2134 *Verdi* : Flush all FSDB Files at 901,000,000 ps.
2135 sps_call_fsdbDumpflush_vd_main at 902000000 : testbed_dwconv.sv(77)
2136 *Verdi* : Flush all FSDB Files at 902,000,000 ps.
2137 sps_call_fsdbDumpflush_vd_main at 903000000 : testbed_dwconv.sv(77)
2138 *Verdi* : Flush all FSDB Files at 903,000,000 ps.
2139 sps_call_fsdbDumpflush_vd_main at 904000000 : testbed_dwconv.sv(77)
2140 *Verdi* : Flush all FSDB Files at 904,000,000 ps.
2141 sps_call_fsdbDumpflush_vd_main at 905000000 : testbed_dwconv.sv(77)
2142 *Verdi* : Flush all FSDB Files at 905,000,000 ps.
2143 sps_call_fsdbDumpflush_vd_main at 906000000 : testbed_dwconv.sv(77)
2144 *Verdi* : Flush all FSDB Files at 906,000,000 ps.
2145 sps_call_fsdbDumpflush_vd_main at 907000000 : testbed_dwconv.sv(77)
2146 *Verdi* : Flush all FSDB Files at 907,000,000 ps.
2147 sps_call_fsdbDumpflush_vd_main at 908000000 : testbed_dwconv.sv(77)
2148 *Verdi* : Flush all FSDB Files at 908,000,000 ps.
2149 sps_call_fsdbDumpflush_vd_main at 909000000 : testbed_dwconv.sv(77)
2150 *Verdi* : Flush all FSDB Files at 909,000,000 ps.
2151 sps_call_fsdbDumpflush_vd_main at 910000000 : testbed_dwconv.sv(77)
2152 *Verdi* : Flush all FSDB Files at 910,000,000 ps.
2153 sps_call_fsdbDumpflush_vd_main at 911000000 : testbed_dwconv.sv(77)
2154 *Verdi* : Flush all FSDB Files at 911,000,000 ps.
2155 sps_call_fsdbDumpflush_vd_main at 912000000 : testbed_dwconv.sv(77)
2156 *Verdi* : Flush all FSDB Files at 912,000,000 ps.
2157 sps_call_fsdbDumpflush_vd_main at 913000000 : testbed_dwconv.sv(77)
2158 *Verdi* : Flush all FSDB Files at 913,000,000 ps.
2159 sps_call_fsdbDumpflush_vd_main at 914000000 : testbed_dwconv.sv(77)
2160 *Verdi* : Flush all FSDB Files at 914,000,000 ps.
2161 sps_call_fsdbDumpflush_vd_main at 915000000 : testbed_dwconv.sv(77)
2162 *Verdi* : Flush all FSDB Files at 915,000,000 ps.
2163 sps_call_fsdbDumpflush_vd_main at 916000000 : testbed_dwconv.sv(77)
2164 *Verdi* : Flush all FSDB Files at 916,000,000 ps.
2165 sps_call_fsdbDumpflush_vd_main at 917000000 : testbed_dwconv.sv(77)
2166 *Verdi* : Flush all FSDB Files at 917,000,000 ps.
2167 sps_call_fsdbDumpflush_vd_main at 918000000 : testbed_dwconv.sv(77)
2168 *Verdi* : Flush all FSDB Files at 918,000,000 ps.
2169 sps_call_fsdbDumpflush_vd_main at 919000000 : testbed_dwconv.sv(77)
2170 *Verdi* : Flush all FSDB Files at 919,000,000 ps.
2171 sps_call_fsdbDumpflush_vd_main at 920000000 : testbed_dwconv.sv(77)
2172 *Verdi* : Flush all FSDB Files at 920,000,000 ps.
2173 sps_call_fsdbDumpflush_vd_main at 921000000 : testbed_dwconv.sv(77)
2174 *Verdi* : Flush all FSDB Files at 921,000,000 ps.
2175 sps_call_fsdbDumpflush_vd_main at 922000000 : testbed_dwconv.sv(77)
2176 *Verdi* : Flush all FSDB Files at 922,000,000 ps.
2177 sps_call_fsdbDumpflush_vd_main at 923000000 : testbed_dwconv.sv(77)
2178 *Verdi* : Flush all FSDB Files at 923,000,000 ps.
2179 sps_call_fsdbDumpflush_vd_main at 924000000 : testbed_dwconv.sv(77)
2180 *Verdi* : Flush all FSDB Files at 924,000,000 ps.
2181 sps_call_fsdbDumpflush_vd_main at 925000000 : testbed_dwconv.sv(77)
2182 *Verdi* : Flush all FSDB Files at 925,000,000 ps.
2183 sps_call_fsdbDumpflush_vd_main at 926000000 : testbed_dwconv.sv(77)
2184 *Verdi* : Flush all FSDB Files at 926,000,000 ps.
2185 sps_call_fsdbDumpflush_vd_main at 927000000 : testbed_dwconv.sv(77)
2186 *Verdi* : Flush all FSDB Files at 927,000,000 ps.
2187 sps_call_fsdbDumpflush_vd_main at 928000000 : testbed_dwconv.sv(77)
2188 *Verdi* : Flush all FSDB Files at 928,000,000 ps.
2189 sps_call_fsdbDumpflush_vd_main at 929000000 : testbed_dwconv.sv(77)
2190 *Verdi* : Flush all FSDB Files at 929,000,000 ps.
2191 sps_call_fsdbDumpflush_vd_main at 930000000 : testbed_dwconv.sv(77)
2192 *Verdi* : Flush all FSDB Files at 930,000,000 ps.
2193 sps_call_fsdbDumpflush_vd_main at 931000000 : testbed_dwconv.sv(77)
2194 *Verdi* : Flush all FSDB Files at 931,000,000 ps.
2195 sps_call_fsdbDumpflush_vd_main at 932000000 : testbed_dwconv.sv(77)
2196 *Verdi* : Flush all FSDB Files at 932,000,000 ps.
2197 sps_call_fsdbDumpflush_vd_main at 933000000 : testbed_dwconv.sv(77)
2198 *Verdi* : Flush all FSDB Files at 933,000,000 ps.
2199 sps_call_fsdbDumpflush_vd_main at 934000000 : testbed_dwconv.sv(77)
2200 *Verdi* : Flush all FSDB Files at 934,000,000 ps.
2201 sps_call_fsdbDumpflush_vd_main at 935000000 : testbed_dwconv.sv(77)
2202 *Verdi* : Flush all FSDB Files at 935,000,000 ps.
2203 sps_call_fsdbDumpflush_vd_main at 936000000 : testbed_dwconv.sv(77)
2204 *Verdi* : Flush all FSDB Files at 936,000,000 ps.
2205 sps_call_fsdbDumpflush_vd_main at 937000000 : testbed_dwconv.sv(77)
2206 *Verdi* : Flush all FSDB Files at 937,000,000 ps.
2207 sps_call_fsdbDumpflush_vd_main at 938000000 : testbed_dwconv.sv(77)
2208 *Verdi* : Flush all FSDB Files at 938,000,000 ps.
2209 sps_call_fsdbDumpflush_vd_main at 939000000 : testbed_dwconv.sv(77)
2210 *Verdi* : Flush all FSDB Files at 939,000,000 ps.
2211 sps_call_fsdbDumpflush_vd_main at 940000000 : testbed_dwconv.sv(77)
2212 *Verdi* : Flush all FSDB Files at 940,000,000 ps.
2213 sps_call_fsdbDumpflush_vd_main at 941000000 : testbed_dwconv.sv(77)
2214 *Verdi* : Flush all FSDB Files at 941,000,000 ps.
2215 sps_call_fsdbDumpflush_vd_main at 942000000 : testbed_dwconv.sv(77)
2216 *Verdi* : Flush all FSDB Files at 942,000,000 ps.
2217 sps_call_fsdbDumpflush_vd_main at 943000000 : testbed_dwconv.sv(77)
2218 *Verdi* : Flush all FSDB Files at 943,000,000 ps.
2219 sps_call_fsdbDumpflush_vd_main at 944000000 : testbed_dwconv.sv(77)
2220 *Verdi* : Flush all FSDB Files at 944,000,000 ps.
2221 sps_call_fsdbDumpflush_vd_main at 945000000 : testbed_dwconv.sv(77)
2222 *Verdi* : Flush all FSDB Files at 945,000,000 ps.
2223 sps_call_fsdbDumpflush_vd_main at 946000000 : testbed_dwconv.sv(77)
2224 *Verdi* : Flush all FSDB Files at 946,000,000 ps.
2225 sps_call_fsdbDumpflush_vd_main at 947000000 : testbed_dwconv.sv(77)
2226 *Verdi* : Flush all FSDB Files at 947,000,000 ps.
2227 sps_call_fsdbDumpflush_vd_main at 948000000 : testbed_dwconv.sv(77)
2228 *Verdi* : Flush all FSDB Files at 948,000,000 ps.
2229 sps_call_fsdbDumpflush_vd_main at 949000000 : testbed_dwconv.sv(77)
2230 *Verdi* : Flush all FSDB Files at 949,000,000 ps.
2231 sps_call_fsdbDumpflush_vd_main at 950000000 : testbed_dwconv.sv(77)
2232 *Verdi* : Flush all FSDB Files at 950,000,000 ps.
2233 sps_call_fsdbDumpflush_vd_main at 951000000 : testbed_dwconv.sv(77)
2234 *Verdi* : Flush all FSDB Files at 951,000,000 ps.
2235 sps_call_fsdbDumpflush_vd_main at 952000000 : testbed_dwconv.sv(77)
2236 *Verdi* : Flush all FSDB Files at 952,000,000 ps.
2237 sps_call_fsdbDumpflush_vd_main at 953000000 : testbed_dwconv.sv(77)
2238 *Verdi* : Flush all FSDB Files at 953,000,000 ps.
2239 sps_call_fsdbDumpflush_vd_main at 954000000 : testbed_dwconv.sv(77)
2240 *Verdi* : Flush all FSDB Files at 954,000,000 ps.
2241 sps_call_fsdbDumpflush_vd_main at 955000000 : testbed_dwconv.sv(77)
2242 *Verdi* : Flush all FSDB Files at 955,000,000 ps.
2243 sps_call_fsdbDumpflush_vd_main at 956000000 : testbed_dwconv.sv(77)
2244 *Verdi* : Flush all FSDB Files at 956,000,000 ps.
2245 sps_call_fsdbDumpflush_vd_main at 957000000 : testbed_dwconv.sv(77)
2246 *Verdi* : Flush all FSDB Files at 957,000,000 ps.
2247 sps_call_fsdbDumpflush_vd_main at 958000000 : testbed_dwconv.sv(77)
2248 *Verdi* : Flush all FSDB Files at 958,000,000 ps.
2249 sps_call_fsdbDumpflush_vd_main at 959000000 : testbed_dwconv.sv(77)
2250 *Verdi* : Flush all FSDB Files at 959,000,000 ps.
2251 sps_call_fsdbDumpflush_vd_main at 960000000 : testbed_dwconv.sv(77)
2252 *Verdi* : Flush all FSDB Files at 960,000,000 ps.
2253 sps_call_fsdbDumpflush_vd_main at 961000000 : testbed_dwconv.sv(77)
2254 *Verdi* : Flush all FSDB Files at 961,000,000 ps.
2255 sps_call_fsdbDumpflush_vd_main at 962000000 : testbed_dwconv.sv(77)
2256 *Verdi* : Flush all FSDB Files at 962,000,000 ps.
2257 sps_call_fsdbDumpflush_vd_main at 963000000 : testbed_dwconv.sv(77)
2258 *Verdi* : Flush all FSDB Files at 963,000,000 ps.
2259 sps_call_fsdbDumpflush_vd_main at 964000000 : testbed_dwconv.sv(77)
2260 *Verdi* : Flush all FSDB Files at 964,000,000 ps.
2261 sps_call_fsdbDumpflush_vd_main at 965000000 : testbed_dwconv.sv(77)
2262 *Verdi* : Flush all FSDB Files at 965,000,000 ps.
2263 sps_call_fsdbDumpflush_vd_main at 966000000 : testbed_dwconv.sv(77)
2264 *Verdi* : Flush all FSDB Files at 966,000,000 ps.
2265 sps_call_fsdbDumpflush_vd_main at 967000000 : testbed_dwconv.sv(77)
2266 *Verdi* : Flush all FSDB Files at 967,000,000 ps.
2267 sps_call_fsdbDumpflush_vd_main at 968000000 : testbed_dwconv.sv(77)
2268 *Verdi* : Flush all FSDB Files at 968,000,000 ps.
2269 sps_call_fsdbDumpflush_vd_main at 969000000 : testbed_dwconv.sv(77)
2270 *Verdi* : Flush all FSDB Files at 969,000,000 ps.
2271 sps_call_fsdbDumpflush_vd_main at 970000000 : testbed_dwconv.sv(77)
2272 *Verdi* : Flush all FSDB Files at 970,000,000 ps.
2273 sps_call_fsdbDumpflush_vd_main at 971000000 : testbed_dwconv.sv(77)
2274 *Verdi* : Flush all FSDB Files at 971,000,000 ps.
2275 sps_call_fsdbDumpflush_vd_main at 972000000 : testbed_dwconv.sv(77)
2276 *Verdi* : Flush all FSDB Files at 972,000,000 ps.
2277 sps_call_fsdbDumpflush_vd_main at 973000000 : testbed_dwconv.sv(77)
2278 *Verdi* : Flush all FSDB Files at 973,000,000 ps.
2279 sps_call_fsdbDumpflush_vd_main at 974000000 : testbed_dwconv.sv(77)
2280 *Verdi* : Flush all FSDB Files at 974,000,000 ps.
2281 sps_call_fsdbDumpflush_vd_main at 975000000 : testbed_dwconv.sv(77)
2282 *Verdi* : Flush all FSDB Files at 975,000,000 ps.
2283 sps_call_fsdbDumpflush_vd_main at 976000000 : testbed_dwconv.sv(77)
2284 *Verdi* : Flush all FSDB Files at 976,000,000 ps.
2285 sps_call_fsdbDumpflush_vd_main at 977000000 : testbed_dwconv.sv(77)
2286 *Verdi* : Flush all FSDB Files at 977,000,000 ps.
2287 sps_call_fsdbDumpflush_vd_main at 978000000 : testbed_dwconv.sv(77)
2288 *Verdi* : Flush all FSDB Files at 978,000,000 ps.
2289 sps_call_fsdbDumpflush_vd_main at 979000000 : testbed_dwconv.sv(77)
2290 *Verdi* : Flush all FSDB Files at 979,000,000 ps.
2291 sps_call_fsdbDumpflush_vd_main at 980000000 : testbed_dwconv.sv(77)
2292 *Verdi* : Flush all FSDB Files at 980,000,000 ps.
2293 sps_call_fsdbDumpflush_vd_main at 981000000 : testbed_dwconv.sv(77)
2294 *Verdi* : Flush all FSDB Files at 981,000,000 ps.
2295 sps_call_fsdbDumpflush_vd_main at 982000000 : testbed_dwconv.sv(77)
2296 *Verdi* : Flush all FSDB Files at 982,000,000 ps.
2297 sps_call_fsdbDumpflush_vd_main at 983000000 : testbed_dwconv.sv(77)
2298 *Verdi* : Flush all FSDB Files at 983,000,000 ps.
2299 sps_call_fsdbDumpflush_vd_main at 984000000 : testbed_dwconv.sv(77)
2300 *Verdi* : Flush all FSDB Files at 984,000,000 ps.
2301 sps_call_fsdbDumpflush_vd_main at 985000000 : testbed_dwconv.sv(77)
2302 *Verdi* : Flush all FSDB Files at 985,000,000 ps.
2303 sps_call_fsdbDumpflush_vd_main at 986000000 : testbed_dwconv.sv(77)
2304 *Verdi* : Flush all FSDB Files at 986,000,000 ps.
2305 sps_call_fsdbDumpflush_vd_main at 987000000 : testbed_dwconv.sv(77)
2306 *Verdi* : Flush all FSDB Files at 987,000,000 ps.
2307 sps_call_fsdbDumpflush_vd_main at 988000000 : testbed_dwconv.sv(77)
2308 *Verdi* : Flush all FSDB Files at 988,000,000 ps.
2309 sps_call_fsdbDumpflush_vd_main at 989000000 : testbed_dwconv.sv(77)
2310 *Verdi* : Flush all FSDB Files at 989,000,000 ps.
2311 sps_call_fsdbDumpflush_vd_main at 990000000 : testbed_dwconv.sv(77)
2312 *Verdi* : Flush all FSDB Files at 990,000,000 ps.
2313 sps_call_fsdbDumpflush_vd_main at 991000000 : testbed_dwconv.sv(77)
2314 *Verdi* : Flush all FSDB Files at 991,000,000 ps.
2315 sps_call_fsdbDumpflush_vd_main at 992000000 : testbed_dwconv.sv(77)
2316 *Verdi* : Flush all FSDB Files at 992,000,000 ps.
2317 sps_call_fsdbDumpflush_vd_main at 993000000 : testbed_dwconv.sv(77)
2318 *Verdi* : Flush all FSDB Files at 993,000,000 ps.
2319 sps_call_fsdbDumpflush_vd_main at 994000000 : testbed_dwconv.sv(77)
2320 *Verdi* : Flush all FSDB Files at 994,000,000 ps.
2321 sps_call_fsdbDumpflush_vd_main at 995000000 : testbed_dwconv.sv(77)
2322 *Verdi* : Flush all FSDB Files at 995,000,000 ps.
2323 sps_call_fsdbDumpflush_vd_main at 996000000 : testbed_dwconv.sv(77)
2324 *Verdi* : Flush all FSDB Files at 996,000,000 ps.
2325 sps_call_fsdbDumpflush_vd_main at 997000000 : testbed_dwconv.sv(77)
2326 *Verdi* : Flush all FSDB Files at 997,000,000 ps.
2327 sps_call_fsdbDumpflush_vd_main at 998000000 : testbed_dwconv.sv(77)
2328 *Verdi* : Flush all FSDB Files at 998,000,000 ps.
2329 sps_call_fsdbDumpflush_vd_main at 999000000 : testbed_dwconv.sv(77)
2330 *Verdi* : Flush all FSDB Files at 999,000,000 ps.
2331 sps_call_fsdbDumpflush_vd_main at 1000000000 : testbed_dwconv.sv(77)
2332 *Verdi* : Flush all FSDB Files at 1,000,000,000 ps.
2333 sps_call_fsdbDumpflush_vd_main at 1001000000 : testbed_dwconv.sv(77)
2334 *Verdi* : Flush all FSDB Files at 1,001,000,000 ps.
2335 sps_call_fsdbDumpflush_vd_main at 1002000000 : testbed_dwconv.sv(77)
2336 *Verdi* : Flush all FSDB Files at 1,002,000,000 ps.
2337 sps_call_fsdbDumpflush_vd_main at 1003000000 : testbed_dwconv.sv(77)
2338 *Verdi* : Flush all FSDB Files at 1,003,000,000 ps.
2339 sps_call_fsdbDumpflush_vd_main at 1004000000 : testbed_dwconv.sv(77)
2340 *Verdi* : Flush all FSDB Files at 1,004,000,000 ps.
2341 sps_call_fsdbDumpflush_vd_main at 1005000000 : testbed_dwconv.sv(77)
2342 *Verdi* : Flush all FSDB Files at 1,005,000,000 ps.
2343 sps_call_fsdbDumpflush_vd_main at 1006000000 : testbed_dwconv.sv(77)
2344 *Verdi* : Flush all FSDB Files at 1,006,000,000 ps.
2345 sps_call_fsdbDumpflush_vd_main at 1007000000 : testbed_dwconv.sv(77)
2346 *Verdi* : Flush all FSDB Files at 1,007,000,000 ps.
2347 sps_call_fsdbDumpflush_vd_main at 1008000000 : testbed_dwconv.sv(77)
2348 *Verdi* : Flush all FSDB Files at 1,008,000,000 ps.
2349 sps_call_fsdbDumpflush_vd_main at 1009000000 : testbed_dwconv.sv(77)
2350 *Verdi* : Flush all FSDB Files at 1,009,000,000 ps.
2351 sps_call_fsdbDumpflush_vd_main at 1010000000 : testbed_dwconv.sv(77)
2352 *Verdi* : Flush all FSDB Files at 1,010,000,000 ps.
2353 sps_call_fsdbDumpflush_vd_main at 1011000000 : testbed_dwconv.sv(77)
2354 *Verdi* : Flush all FSDB Files at 1,011,000,000 ps.
2355 sps_call_fsdbDumpflush_vd_main at 1012000000 : testbed_dwconv.sv(77)
2356 *Verdi* : Flush all FSDB Files at 1,012,000,000 ps.
2357 sps_call_fsdbDumpflush_vd_main at 1013000000 : testbed_dwconv.sv(77)
2358 *Verdi* : Flush all FSDB Files at 1,013,000,000 ps.
2359 sps_call_fsdbDumpflush_vd_main at 1014000000 : testbed_dwconv.sv(77)
2360 *Verdi* : Flush all FSDB Files at 1,014,000,000 ps.
2361 sps_call_fsdbDumpflush_vd_main at 1015000000 : testbed_dwconv.sv(77)
2362 *Verdi* : Flush all FSDB Files at 1,015,000,000 ps.
2363 sps_call_fsdbDumpflush_vd_main at 1016000000 : testbed_dwconv.sv(77)
2364 *Verdi* : Flush all FSDB Files at 1,016,000,000 ps.
2365 sps_call_fsdbDumpflush_vd_main at 1017000000 : testbed_dwconv.sv(77)
2366 *Verdi* : Flush all FSDB Files at 1,017,000,000 ps.
2367 sps_call_fsdbDumpflush_vd_main at 1018000000 : testbed_dwconv.sv(77)
2368 *Verdi* : Flush all FSDB Files at 1,018,000,000 ps.
2369 sps_call_fsdbDumpflush_vd_main at 1019000000 : testbed_dwconv.sv(77)
2370 *Verdi* : Flush all FSDB Files at 1,019,000,000 ps.
2371 sps_call_fsdbDumpflush_vd_main at 1020000000 : testbed_dwconv.sv(77)
2372 *Verdi* : Flush all FSDB Files at 1,020,000,000 ps.
2373 sps_call_fsdbDumpflush_vd_main at 1021000000 : testbed_dwconv.sv(77)
2374 *Verdi* : Flush all FSDB Files at 1,021,000,000 ps.
2375 sps_call_fsdbDumpflush_vd_main at 1022000000 : testbed_dwconv.sv(77)
2376 *Verdi* : Flush all FSDB Files at 1,022,000,000 ps.
2377 sps_call_fsdbDumpflush_vd_main at 1023000000 : testbed_dwconv.sv(77)
2378 *Verdi* : Flush all FSDB Files at 1,023,000,000 ps.
2379 sps_call_fsdbDumpflush_vd_main at 1024000000 : testbed_dwconv.sv(77)
2380 *Verdi* : Flush all FSDB Files at 1,024,000,000 ps.
2381 sps_call_fsdbDumpflush_vd_main at 1025000000 : testbed_dwconv.sv(77)
2382 *Verdi* : Flush all FSDB Files at 1,025,000,000 ps.
2383 sps_call_fsdbDumpflush_vd_main at 1026000000 : testbed_dwconv.sv(77)
2384 *Verdi* : Flush all FSDB Files at 1,026,000,000 ps.
2385 sps_call_fsdbDumpflush_vd_main at 1027000000 : testbed_dwconv.sv(77)
2386 *Verdi* : Flush all FSDB Files at 1,027,000,000 ps.
2387 sps_call_fsdbDumpflush_vd_main at 1028000000 : testbed_dwconv.sv(77)
2388 *Verdi* : Flush all FSDB Files at 1,028,000,000 ps.
2389 sps_call_fsdbDumpflush_vd_main at 1029000000 : testbed_dwconv.sv(77)
2390 *Verdi* : Flush all FSDB Files at 1,029,000,000 ps.
2391 sps_call_fsdbDumpflush_vd_main at 1030000000 : testbed_dwconv.sv(77)
2392 *Verdi* : Flush all FSDB Files at 1,030,000,000 ps.
2393 sps_call_fsdbDumpflush_vd_main at 1031000000 : testbed_dwconv.sv(77)
2394 *Verdi* : Flush all FSDB Files at 1,031,000,000 ps.
2395 sps_call_fsdbDumpflush_vd_main at 1032000000 : testbed_dwconv.sv(77)
2396 *Verdi* : Flush all FSDB Files at 1,032,000,000 ps.
2397 sps_call_fsdbDumpflush_vd_main at 1033000000 : testbed_dwconv.sv(77)
2398 *Verdi* : Flush all FSDB Files at 1,033,000,000 ps.
2399 sps_call_fsdbDumpflush_vd_main at 1034000000 : testbed_dwconv.sv(77)
2400 *Verdi* : Flush all FSDB Files at 1,034,000,000 ps.
2401 sps_call_fsdbDumpflush_vd_main at 1035000000 : testbed_dwconv.sv(77)
2402 *Verdi* : Flush all FSDB Files at 1,035,000,000 ps.
2403 sps_call_fsdbDumpflush_vd_main at 1036000000 : testbed_dwconv.sv(77)
2404 *Verdi* : Flush all FSDB Files at 1,036,000,000 ps.
2405 sps_call_fsdbDumpflush_vd_main at 1037000000 : testbed_dwconv.sv(77)
2406 *Verdi* : Flush all FSDB Files at 1,037,000,000 ps.
2407 sps_call_fsdbDumpflush_vd_main at 1038000000 : testbed_dwconv.sv(77)
2408 *Verdi* : Flush all FSDB Files at 1,038,000,000 ps.
2409 sps_call_fsdbDumpflush_vd_main at 1039000000 : testbed_dwconv.sv(77)
2410 *Verdi* : Flush all FSDB Files at 1,039,000,000 ps.
2411 sps_call_fsdbDumpflush_vd_main at 1040000000 : testbed_dwconv.sv(77)
2412 *Verdi* : Flush all FSDB Files at 1,040,000,000 ps.
2413 sps_call_fsdbDumpflush_vd_main at 1041000000 : testbed_dwconv.sv(77)
2414 *Verdi* : Flush all FSDB Files at 1,041,000,000 ps.
2415 sps_call_fsdbDumpflush_vd_main at 1042000000 : testbed_dwconv.sv(77)
2416 *Verdi* : Flush all FSDB Files at 1,042,000,000 ps.
2417 sps_call_fsdbDumpflush_vd_main at 1043000000 : testbed_dwconv.sv(77)
2418 *Verdi* : Flush all FSDB Files at 1,043,000,000 ps.
2419 sps_call_fsdbDumpflush_vd_main at 1044000000 : testbed_dwconv.sv(77)
2420 *Verdi* : Flush all FSDB Files at 1,044,000,000 ps.
2421 sps_call_fsdbDumpflush_vd_main at 1045000000 : testbed_dwconv.sv(77)
2422 *Verdi* : Flush all FSDB Files at 1,045,000,000 ps.
2423 sps_call_fsdbDumpflush_vd_main at 1046000000 : testbed_dwconv.sv(77)
2424 *Verdi* : Flush all FSDB Files at 1,046,000,000 ps.
2425 sps_call_fsdbDumpflush_vd_main at 1047000000 : testbed_dwconv.sv(77)
2426 *Verdi* : Flush all FSDB Files at 1,047,000,000 ps.
2427 sps_call_fsdbDumpflush_vd_main at 1048000000 : testbed_dwconv.sv(77)
2428 *Verdi* : Flush all FSDB Files at 1,048,000,000 ps.
2429 sps_call_fsdbDumpflush_vd_main at 1049000000 : testbed_dwconv.sv(77)
2430 *Verdi* : Flush all FSDB Files at 1,049,000,000 ps.
2431 sps_call_fsdbDumpflush_vd_main at 1050000000 : testbed_dwconv.sv(77)
2432 *Verdi* : Flush all FSDB Files at 1,050,000,000 ps.
2433 sps_call_fsdbDumpflush_vd_main at 1051000000 : testbed_dwconv.sv(77)
2434 *Verdi* : Flush all FSDB Files at 1,051,000,000 ps.
2435 sps_call_fsdbDumpflush_vd_main at 1052000000 : testbed_dwconv.sv(77)
2436 *Verdi* : Flush all FSDB Files at 1,052,000,000 ps.
2437 sps_call_fsdbDumpflush_vd_main at 1053000000 : testbed_dwconv.sv(77)
2438 *Verdi* : Flush all FSDB Files at 1,053,000,000 ps.
2439 sps_call_fsdbDumpflush_vd_main at 1054000000 : testbed_dwconv.sv(77)
2440 *Verdi* : Flush all FSDB Files at 1,054,000,000 ps.
2441 sps_call_fsdbDumpflush_vd_main at 1055000000 : testbed_dwconv.sv(77)
2442 *Verdi* : Flush all FSDB Files at 1,055,000,000 ps.
2443 sps_call_fsdbDumpflush_vd_main at 1056000000 : testbed_dwconv.sv(77)
2444 *Verdi* : Flush all FSDB Files at 1,056,000,000 ps.
2445 sps_call_fsdbDumpflush_vd_main at 1057000000 : testbed_dwconv.sv(77)
2446 *Verdi* : Flush all FSDB Files at 1,057,000,000 ps.
2447 sps_call_fsdbDumpflush_vd_main at 1058000000 : testbed_dwconv.sv(77)
2448 *Verdi* : Flush all FSDB Files at 1,058,000,000 ps.
2449 sps_call_fsdbDumpflush_vd_main at 1059000000 : testbed_dwconv.sv(77)
2450 *Verdi* : Flush all FSDB Files at 1,059,000,000 ps.
2451 sps_call_fsdbDumpflush_vd_main at 1060000000 : testbed_dwconv.sv(77)
2452 *Verdi* : Flush all FSDB Files at 1,060,000,000 ps.
2453 sps_call_fsdbDumpflush_vd_main at 1061000000 : testbed_dwconv.sv(77)
2454 *Verdi* : Flush all FSDB Files at 1,061,000,000 ps.
2455 sps_call_fsdbDumpflush_vd_main at 1062000000 : testbed_dwconv.sv(77)
2456 *Verdi* : Flush all FSDB Files at 1,062,000,000 ps.
2457 sps_call_fsdbDumpflush_vd_main at 1063000000 : testbed_dwconv.sv(77)
2458 *Verdi* : Flush all FSDB Files at 1,063,000,000 ps.
2459 sps_call_fsdbDumpflush_vd_main at 1064000000 : testbed_dwconv.sv(77)
2460 *Verdi* : Flush all FSDB Files at 1,064,000,000 ps.
2461 sps_call_fsdbDumpflush_vd_main at 1065000000 : testbed_dwconv.sv(77)
2462 *Verdi* : Flush all FSDB Files at 1,065,000,000 ps.
2463 sps_call_fsdbDumpflush_vd_main at 1066000000 : testbed_dwconv.sv(77)
2464 *Verdi* : Flush all FSDB Files at 1,066,000,000 ps.
2465 sps_call_fsdbDumpflush_vd_main at 1067000000 : testbed_dwconv.sv(77)
2466 *Verdi* : Flush all FSDB Files at 1,067,000,000 ps.
2467 sps_call_fsdbDumpflush_vd_main at 1068000000 : testbed_dwconv.sv(77)
2468 *Verdi* : Flush all FSDB Files at 1,068,000,000 ps.
2469 sps_call_fsdbDumpflush_vd_main at 1069000000 : testbed_dwconv.sv(77)
2470 *Verdi* : Flush all FSDB Files at 1,069,000,000 ps.
2471 sps_call_fsdbDumpflush_vd_main at 1070000000 : testbed_dwconv.sv(77)
2472 *Verdi* : Flush all FSDB Files at 1,070,000,000 ps.
2473 sps_call_fsdbDumpflush_vd_main at 1071000000 : testbed_dwconv.sv(77)
2474 *Verdi* : Flush all FSDB Files at 1,071,000,000 ps.
2475 sps_call_fsdbDumpflush_vd_main at 1072000000 : testbed_dwconv.sv(77)
2476 *Verdi* : Flush all FSDB Files at 1,072,000,000 ps.
2477 sps_call_fsdbDumpflush_vd_main at 1073000000 : testbed_dwconv.sv(77)
2478 *Verdi* : Flush all FSDB Files at 1,073,000,000 ps.
2479 sps_call_fsdbDumpflush_vd_main at 1074000000 : testbed_dwconv.sv(77)
2480 *Verdi* : Flush all FSDB Files at 1,074,000,000 ps.
2481 sps_call_fsdbDumpflush_vd_main at 1075000000 : testbed_dwconv.sv(77)
2482 *Verdi* : Flush all FSDB Files at 1,075,000,000 ps.
2483 sps_call_fsdbDumpflush_vd_main at 1076000000 : testbed_dwconv.sv(77)
2484 *Verdi* : Flush all FSDB Files at 1,076,000,000 ps.
2485 sps_call_fsdbDumpflush_vd_main at 1077000000 : testbed_dwconv.sv(77)
2486 *Verdi* : Flush all FSDB Files at 1,077,000,000 ps.
2487 sps_call_fsdbDumpflush_vd_main at 1078000000 : testbed_dwconv.sv(77)
2488 *Verdi* : Flush all FSDB Files at 1,078,000,000 ps.
2489 sps_call_fsdbDumpflush_vd_main at 1079000000 : testbed_dwconv.sv(77)
2490 *Verdi* : Flush all FSDB Files at 1,079,000,000 ps.
2491 sps_call_fsdbDumpflush_vd_main at 1080000000 : testbed_dwconv.sv(77)
2492 *Verdi* : Flush all FSDB Files at 1,080,000,000 ps.
2493 sps_call_fsdbDumpflush_vd_main at 1081000000 : testbed_dwconv.sv(77)
2494 *Verdi* : Flush all FSDB Files at 1,081,000,000 ps.
2495 sps_call_fsdbDumpflush_vd_main at 1082000000 : testbed_dwconv.sv(77)
2496 *Verdi* : Flush all FSDB Files at 1,082,000,000 ps.
2497 sps_call_fsdbDumpflush_vd_main at 1083000000 : testbed_dwconv.sv(77)
2498 *Verdi* : Flush all FSDB Files at 1,083,000,000 ps.
2499 sps_call_fsdbDumpflush_vd_main at 1084000000 : testbed_dwconv.sv(77)
2500 *Verdi* : Flush all FSDB Files at 1,084,000,000 ps.
2501 sps_call_fsdbDumpflush_vd_main at 1085000000 : testbed_dwconv.sv(77)
2502 *Verdi* : Flush all FSDB Files at 1,085,000,000 ps.
2503 sps_call_fsdbDumpflush_vd_main at 1086000000 : testbed_dwconv.sv(77)
2504 *Verdi* : Flush all FSDB Files at 1,086,000,000 ps.
2505 sps_call_fsdbDumpflush_vd_main at 1087000000 : testbed_dwconv.sv(77)
2506 *Verdi* : Flush all FSDB Files at 1,087,000,000 ps.
2507 sps_call_fsdbDumpflush_vd_main at 1088000000 : testbed_dwconv.sv(77)
2508 *Verdi* : Flush all FSDB Files at 1,088,000,000 ps.
2509 sps_call_fsdbDumpflush_vd_main at 1089000000 : testbed_dwconv.sv(77)
2510 *Verdi* : Flush all FSDB Files at 1,089,000,000 ps.
2511 sps_call_fsdbDumpflush_vd_main at 1090000000 : testbed_dwconv.sv(77)
2512 *Verdi* : Flush all FSDB Files at 1,090,000,000 ps.
2513 sps_call_fsdbDumpflush_vd_main at 1091000000 : testbed_dwconv.sv(77)
2514 *Verdi* : Flush all FSDB Files at 1,091,000,000 ps.
2515 sps_call_fsdbDumpflush_vd_main at 1092000000 : testbed_dwconv.sv(77)
2516 *Verdi* : Flush all FSDB Files at 1,092,000,000 ps.
2517 sps_call_fsdbDumpflush_vd_main at 1093000000 : testbed_dwconv.sv(77)
2518 *Verdi* : Flush all FSDB Files at 1,093,000,000 ps.
2519 sps_call_fsdbDumpflush_vd_main at 1094000000 : testbed_dwconv.sv(77)
2520 *Verdi* : Flush all FSDB Files at 1,094,000,000 ps.
2521 sps_call_fsdbDumpflush_vd_main at 1095000000 : testbed_dwconv.sv(77)
2522 *Verdi* : Flush all FSDB Files at 1,095,000,000 ps.
2523 sps_call_fsdbDumpflush_vd_main at 1096000000 : testbed_dwconv.sv(77)
2524 *Verdi* : Flush all FSDB Files at 1,096,000,000 ps.
2525 sps_call_fsdbDumpflush_vd_main at 1097000000 : testbed_dwconv.sv(77)
2526 *Verdi* : Flush all FSDB Files at 1,097,000,000 ps.
2527 sps_call_fsdbDumpflush_vd_main at 1098000000 : testbed_dwconv.sv(77)
2528 *Verdi* : Flush all FSDB Files at 1,098,000,000 ps.
2529 sps_call_fsdbDumpflush_vd_main at 1099000000 : testbed_dwconv.sv(77)
2530 *Verdi* : Flush all FSDB Files at 1,099,000,000 ps.
2531 sps_call_fsdbDumpflush_vd_main at 1100000000 : testbed_dwconv.sv(77)
2532 *Verdi* : Flush all FSDB Files at 1,100,000,000 ps.
2533 sps_call_fsdbDumpflush_vd_main at 1101000000 : testbed_dwconv.sv(77)
2534 *Verdi* : Flush all FSDB Files at 1,101,000,000 ps.
2535 sps_call_fsdbDumpflush_vd_main at 1102000000 : testbed_dwconv.sv(77)
2536 *Verdi* : Flush all FSDB Files at 1,102,000,000 ps.
2537 sps_call_fsdbDumpflush_vd_main at 1103000000 : testbed_dwconv.sv(77)
2538 *Verdi* : Flush all FSDB Files at 1,103,000,000 ps.
2539 sps_call_fsdbDumpflush_vd_main at 1104000000 : testbed_dwconv.sv(77)
2540 *Verdi* : Flush all FSDB Files at 1,104,000,000 ps.
2541 sps_call_fsdbDumpflush_vd_main at 1105000000 : testbed_dwconv.sv(77)
2542 *Verdi* : Flush all FSDB Files at 1,105,000,000 ps.
2543 sps_call_fsdbDumpflush_vd_main at 1106000000 : testbed_dwconv.sv(77)
2544 *Verdi* : Flush all FSDB Files at 1,106,000,000 ps.
2545 sps_call_fsdbDumpflush_vd_main at 1107000000 : testbed_dwconv.sv(77)
2546 *Verdi* : Flush all FSDB Files at 1,107,000,000 ps.
2547 sps_call_fsdbDumpflush_vd_main at 1108000000 : testbed_dwconv.sv(77)
2548 *Verdi* : Flush all FSDB Files at 1,108,000,000 ps.
2549 sps_call_fsdbDumpflush_vd_main at 1109000000 : testbed_dwconv.sv(77)
2550 *Verdi* : Flush all FSDB Files at 1,109,000,000 ps.
2551 sps_call_fsdbDumpflush_vd_main at 1110000000 : testbed_dwconv.sv(77)
2552 *Verdi* : Flush all FSDB Files at 1,110,000,000 ps.
2553 sps_call_fsdbDumpflush_vd_main at 1111000000 : testbed_dwconv.sv(77)
2554 *Verdi* : Flush all FSDB Files at 1,111,000,000 ps.
2555 sps_call_fsdbDumpflush_vd_main at 1112000000 : testbed_dwconv.sv(77)
2556 *Verdi* : Flush all FSDB Files at 1,112,000,000 ps.
2557 sps_call_fsdbDumpflush_vd_main at 1113000000 : testbed_dwconv.sv(77)
2558 *Verdi* : Flush all FSDB Files at 1,113,000,000 ps.
2559 sps_call_fsdbDumpflush_vd_main at 1114000000 : testbed_dwconv.sv(77)
2560 *Verdi* : Flush all FSDB Files at 1,114,000,000 ps.
2561 sps_call_fsdbDumpflush_vd_main at 1115000000 : testbed_dwconv.sv(77)
2562 *Verdi* : Flush all FSDB Files at 1,115,000,000 ps.
2563 sps_call_fsdbDumpflush_vd_main at 1116000000 : testbed_dwconv.sv(77)
2564 *Verdi* : Flush all FSDB Files at 1,116,000,000 ps.
2565 sps_call_fsdbDumpflush_vd_main at 1117000000 : testbed_dwconv.sv(77)
2566 *Verdi* : Flush all FSDB Files at 1,117,000,000 ps.
2567 sps_call_fsdbDumpflush_vd_main at 1118000000 : testbed_dwconv.sv(77)
2568 *Verdi* : Flush all FSDB Files at 1,118,000,000 ps.
2569 sps_call_fsdbDumpflush_vd_main at 1119000000 : testbed_dwconv.sv(77)
2570 *Verdi* : Flush all FSDB Files at 1,119,000,000 ps.
2571 sps_call_fsdbDumpflush_vd_main at 1120000000 : testbed_dwconv.sv(77)
2572 *Verdi* : Flush all FSDB Files at 1,120,000,000 ps.
2573 sps_call_fsdbDumpflush_vd_main at 1121000000 : testbed_dwconv.sv(77)
2574 *Verdi* : Flush all FSDB Files at 1,121,000,000 ps.
2575 sps_call_fsdbDumpflush_vd_main at 1122000000 : testbed_dwconv.sv(77)
2576 *Verdi* : Flush all FSDB Files at 1,122,000,000 ps.
2577 sps_call_fsdbDumpflush_vd_main at 1123000000 : testbed_dwconv.sv(77)
2578 *Verdi* : Flush all FSDB Files at 1,123,000,000 ps.
2579 sps_call_fsdbDumpflush_vd_main at 1124000000 : testbed_dwconv.sv(77)
2580 *Verdi* : Flush all FSDB Files at 1,124,000,000 ps.
2581 sps_call_fsdbDumpflush_vd_main at 1125000000 : testbed_dwconv.sv(77)
2582 *Verdi* : Flush all FSDB Files at 1,125,000,000 ps.
2583 sps_call_fsdbDumpflush_vd_main at 1126000000 : testbed_dwconv.sv(77)
2584 *Verdi* : Flush all FSDB Files at 1,126,000,000 ps.
2585 sps_call_fsdbDumpflush_vd_main at 1127000000 : testbed_dwconv.sv(77)
2586 *Verdi* : Flush all FSDB Files at 1,127,000,000 ps.
2587 sps_call_fsdbDumpflush_vd_main at 1128000000 : testbed_dwconv.sv(77)
2588 *Verdi* : Flush all FSDB Files at 1,128,000,000 ps.
2589 sps_call_fsdbDumpflush_vd_main at 1129000000 : testbed_dwconv.sv(77)
2590 *Verdi* : Flush all FSDB Files at 1,129,000,000 ps.
2591 sps_call_fsdbDumpflush_vd_main at 1130000000 : testbed_dwconv.sv(77)
2592 *Verdi* : Flush all FSDB Files at 1,130,000,000 ps.
2593 sps_call_fsdbDumpflush_vd_main at 1131000000 : testbed_dwconv.sv(77)
2594 *Verdi* : Flush all FSDB Files at 1,131,000,000 ps.
2595 sps_call_fsdbDumpflush_vd_main at 1132000000 : testbed_dwconv.sv(77)
2596 *Verdi* : Flush all FSDB Files at 1,132,000,000 ps.
2597 sps_call_fsdbDumpflush_vd_main at 1133000000 : testbed_dwconv.sv(77)
2598 *Verdi* : Flush all FSDB Files at 1,133,000,000 ps.
2599 sps_call_fsdbDumpflush_vd_main at 1134000000 : testbed_dwconv.sv(77)
2600 *Verdi* : Flush all FSDB Files at 1,134,000,000 ps.
2601 sps_call_fsdbDumpflush_vd_main at 1135000000 : testbed_dwconv.sv(77)
2602 *Verdi* : Flush all FSDB Files at 1,135,000,000 ps.
2603 sps_call_fsdbDumpflush_vd_main at 1136000000 : testbed_dwconv.sv(77)
2604 *Verdi* : Flush all FSDB Files at 1,136,000,000 ps.
2605 sps_call_fsdbDumpflush_vd_main at 1137000000 : testbed_dwconv.sv(77)
2606 *Verdi* : Flush all FSDB Files at 1,137,000,000 ps.
2607 sps_call_fsdbDumpflush_vd_main at 1138000000 : testbed_dwconv.sv(77)
2608 *Verdi* : Flush all FSDB Files at 1,138,000,000 ps.
2609 sps_call_fsdbDumpflush_vd_main at 1139000000 : testbed_dwconv.sv(77)
2610 *Verdi* : Flush all FSDB Files at 1,139,000,000 ps.
2611 sps_call_fsdbDumpflush_vd_main at 1140000000 : testbed_dwconv.sv(77)
2612 *Verdi* : Flush all FSDB Files at 1,140,000,000 ps.
2613 sps_call_fsdbDumpflush_vd_main at 1141000000 : testbed_dwconv.sv(77)
2614 *Verdi* : Flush all FSDB Files at 1,141,000,000 ps.
2615 sps_call_fsdbDumpflush_vd_main at 1142000000 : testbed_dwconv.sv(77)
2616 *Verdi* : Flush all FSDB Files at 1,142,000,000 ps.
2617 sps_call_fsdbDumpflush_vd_main at 1143000000 : testbed_dwconv.sv(77)
2618 *Verdi* : Flush all FSDB Files at 1,143,000,000 ps.
2619 sps_call_fsdbDumpflush_vd_main at 1144000000 : testbed_dwconv.sv(77)
2620 *Verdi* : Flush all FSDB Files at 1,144,000,000 ps.
2621 sps_call_fsdbDumpflush_vd_main at 1145000000 : testbed_dwconv.sv(77)
2622 *Verdi* : Flush all FSDB Files at 1,145,000,000 ps.
2623 sps_call_fsdbDumpflush_vd_main at 1146000000 : testbed_dwconv.sv(77)
2624 *Verdi* : Flush all FSDB Files at 1,146,000,000 ps.
2625 sps_call_fsdbDumpflush_vd_main at 1147000000 : testbed_dwconv.sv(77)
2626 *Verdi* : Flush all FSDB Files at 1,147,000,000 ps.
2627 sps_call_fsdbDumpflush_vd_main at 1148000000 : testbed_dwconv.sv(77)
2628 *Verdi* : Flush all FSDB Files at 1,148,000,000 ps.
2629 sps_call_fsdbDumpflush_vd_main at 1149000000 : testbed_dwconv.sv(77)
2630 *Verdi* : Flush all FSDB Files at 1,149,000,000 ps.
2631 sps_call_fsdbDumpflush_vd_main at 1150000000 : testbed_dwconv.sv(77)
2632 *Verdi* : Flush all FSDB Files at 1,150,000,000 ps.
2633 sps_call_fsdbDumpflush_vd_main at 1151000000 : testbed_dwconv.sv(77)
2634 *Verdi* : Flush all FSDB Files at 1,151,000,000 ps.
2635 sps_call_fsdbDumpflush_vd_main at 1152000000 : testbed_dwconv.sv(77)
2636 *Verdi* : Flush all FSDB Files at 1,152,000,000 ps.
2637 sps_call_fsdbDumpflush_vd_main at 1153000000 : testbed_dwconv.sv(77)
2638 *Verdi* : Flush all FSDB Files at 1,153,000,000 ps.
2639 sps_call_fsdbDumpflush_vd_main at 1154000000 : testbed_dwconv.sv(77)
2640 *Verdi* : Flush all FSDB Files at 1,154,000,000 ps.
2641 sps_call_fsdbDumpflush_vd_main at 1155000000 : testbed_dwconv.sv(77)
2642 *Verdi* : Flush all FSDB Files at 1,155,000,000 ps.
2643 sps_call_fsdbDumpflush_vd_main at 1156000000 : testbed_dwconv.sv(77)
2644 *Verdi* : Flush all FSDB Files at 1,156,000,000 ps.
2645 sps_call_fsdbDumpflush_vd_main at 1157000000 : testbed_dwconv.sv(77)
2646 *Verdi* : Flush all FSDB Files at 1,157,000,000 ps.
2647 sps_call_fsdbDumpflush_vd_main at 1158000000 : testbed_dwconv.sv(77)
2648 *Verdi* : Flush all FSDB Files at 1,158,000,000 ps.
2649 sps_call_fsdbDumpflush_vd_main at 1159000000 : testbed_dwconv.sv(77)
2650 *Verdi* : Flush all FSDB Files at 1,159,000,000 ps.
2651 sps_call_fsdbDumpflush_vd_main at 1160000000 : testbed_dwconv.sv(77)
2652 *Verdi* : Flush all FSDB Files at 1,160,000,000 ps.
2653 sps_call_fsdbDumpflush_vd_main at 1161000000 : testbed_dwconv.sv(77)
2654 *Verdi* : Flush all FSDB Files at 1,161,000,000 ps.
2655 sps_call_fsdbDumpflush_vd_main at 1162000000 : testbed_dwconv.sv(77)
2656 *Verdi* : Flush all FSDB Files at 1,162,000,000 ps.
2657 sps_call_fsdbDumpflush_vd_main at 1163000000 : testbed_dwconv.sv(77)
2658 *Verdi* : Flush all FSDB Files at 1,163,000,000 ps.
2659 sps_call_fsdbDumpflush_vd_main at 1164000000 : testbed_dwconv.sv(77)
2660 *Verdi* : Flush all FSDB Files at 1,164,000,000 ps.
2661 sps_call_fsdbDumpflush_vd_main at 1165000000 : testbed_dwconv.sv(77)
2662 *Verdi* : Flush all FSDB Files at 1,165,000,000 ps.
2663 sps_call_fsdbDumpflush_vd_main at 1166000000 : testbed_dwconv.sv(77)
2664 *Verdi* : Flush all FSDB Files at 1,166,000,000 ps.
2665 sps_call_fsdbDumpflush_vd_main at 1167000000 : testbed_dwconv.sv(77)
2666 *Verdi* : Flush all FSDB Files at 1,167,000,000 ps.
2667 sps_call_fsdbDumpflush_vd_main at 1168000000 : testbed_dwconv.sv(77)
2668 *Verdi* : Flush all FSDB Files at 1,168,000,000 ps.
2669 sps_call_fsdbDumpflush_vd_main at 1169000000 : testbed_dwconv.sv(77)
2670 *Verdi* : Flush all FSDB Files at 1,169,000,000 ps.
2671 sps_call_fsdbDumpflush_vd_main at 1170000000 : testbed_dwconv.sv(77)
2672 *Verdi* : Flush all FSDB Files at 1,170,000,000 ps.
2673 sps_call_fsdbDumpflush_vd_main at 1171000000 : testbed_dwconv.sv(77)
2674 *Verdi* : Flush all FSDB Files at 1,171,000,000 ps.
2675 sps_call_fsdbDumpflush_vd_main at 1172000000 : testbed_dwconv.sv(77)
2676 *Verdi* : Flush all FSDB Files at 1,172,000,000 ps.
2677 sps_call_fsdbDumpflush_vd_main at 1173000000 : testbed_dwconv.sv(77)
2678 *Verdi* : Flush all FSDB Files at 1,173,000,000 ps.
2679 sps_call_fsdbDumpflush_vd_main at 1174000000 : testbed_dwconv.sv(77)
2680 *Verdi* : Flush all FSDB Files at 1,174,000,000 ps.
2681 sps_call_fsdbDumpflush_vd_main at 1175000000 : testbed_dwconv.sv(77)
2682 *Verdi* : Flush all FSDB Files at 1,175,000,000 ps.
2683 sps_call_fsdbDumpflush_vd_main at 1176000000 : testbed_dwconv.sv(77)
2684 *Verdi* : Flush all FSDB Files at 1,176,000,000 ps.
2685 sps_call_fsdbDumpflush_vd_main at 1177000000 : testbed_dwconv.sv(77)
2686 *Verdi* : Flush all FSDB Files at 1,177,000,000 ps.
2687 sps_call_fsdbDumpflush_vd_main at 1178000000 : testbed_dwconv.sv(77)
2688 *Verdi* : Flush all FSDB Files at 1,178,000,000 ps.
2689 sps_call_fsdbDumpflush_vd_main at 1179000000 : testbed_dwconv.sv(77)
2690 *Verdi* : Flush all FSDB Files at 1,179,000,000 ps.
2691 sps_call_fsdbDumpflush_vd_main at 1180000000 : testbed_dwconv.sv(77)
2692 *Verdi* : Flush all FSDB Files at 1,180,000,000 ps.
2693 sps_call_fsdbDumpflush_vd_main at 1181000000 : testbed_dwconv.sv(77)
2694 *Verdi* : Flush all FSDB Files at 1,181,000,000 ps.
2695 sps_call_fsdbDumpflush_vd_main at 1182000000 : testbed_dwconv.sv(77)
2696 *Verdi* : Flush all FSDB Files at 1,182,000,000 ps.
2697 sps_call_fsdbDumpflush_vd_main at 1183000000 : testbed_dwconv.sv(77)
2698 *Verdi* : Flush all FSDB Files at 1,183,000,000 ps.
2699 sps_call_fsdbDumpflush_vd_main at 1184000000 : testbed_dwconv.sv(77)
2700 *Verdi* : Flush all FSDB Files at 1,184,000,000 ps.
2701 sps_call_fsdbDumpflush_vd_main at 1185000000 : testbed_dwconv.sv(77)
2702 *Verdi* : Flush all FSDB Files at 1,185,000,000 ps.
2703 sps_call_fsdbDumpflush_vd_main at 1186000000 : testbed_dwconv.sv(77)
2704 *Verdi* : Flush all FSDB Files at 1,186,000,000 ps.
2705 sps_call_fsdbDumpflush_vd_main at 1187000000 : testbed_dwconv.sv(77)
2706 *Verdi* : Flush all FSDB Files at 1,187,000,000 ps.
2707 sps_call_fsdbDumpflush_vd_main at 1188000000 : testbed_dwconv.sv(77)
2708 *Verdi* : Flush all FSDB Files at 1,188,000,000 ps.
2709 sps_call_fsdbDumpflush_vd_main at 1189000000 : testbed_dwconv.sv(77)
2710 *Verdi* : Flush all FSDB Files at 1,189,000,000 ps.
2711 sps_call_fsdbDumpflush_vd_main at 1190000000 : testbed_dwconv.sv(77)
2712 *Verdi* : Flush all FSDB Files at 1,190,000,000 ps.
2713 sps_call_fsdbDumpflush_vd_main at 1191000000 : testbed_dwconv.sv(77)
2714 *Verdi* : Flush all FSDB Files at 1,191,000,000 ps.
2715 sps_call_fsdbDumpflush_vd_main at 1192000000 : testbed_dwconv.sv(77)
2716 *Verdi* : Flush all FSDB Files at 1,192,000,000 ps.
2717 sps_call_fsdbDumpflush_vd_main at 1193000000 : testbed_dwconv.sv(77)
2718 *Verdi* : Flush all FSDB Files at 1,193,000,000 ps.
2719 sps_call_fsdbDumpflush_vd_main at 1194000000 : testbed_dwconv.sv(77)
2720 *Verdi* : Flush all FSDB Files at 1,194,000,000 ps.
2721 sps_call_fsdbDumpflush_vd_main at 1195000000 : testbed_dwconv.sv(77)
2722 *Verdi* : Flush all FSDB Files at 1,195,000,000 ps.
2723 sps_call_fsdbDumpflush_vd_main at 1196000000 : testbed_dwconv.sv(77)
2724 *Verdi* : Flush all FSDB Files at 1,196,000,000 ps.
2725 sps_call_fsdbDumpflush_vd_main at 1197000000 : testbed_dwconv.sv(77)
2726 *Verdi* : Flush all FSDB Files at 1,197,000,000 ps.
2727 sps_call_fsdbDumpflush_vd_main at 1198000000 : testbed_dwconv.sv(77)
2728 *Verdi* : Flush all FSDB Files at 1,198,000,000 ps.
2729 sps_call_fsdbDumpflush_vd_main at 1199000000 : testbed_dwconv.sv(77)
2730 *Verdi* : Flush all FSDB Files at 1,199,000,000 ps.
2731 sps_call_fsdbDumpflush_vd_main at 1200000000 : testbed_dwconv.sv(77)
2732 *Verdi* : Flush all FSDB Files at 1,200,000,000 ps.
2733 sps_call_fsdbDumpflush_vd_main at 1201000000 : testbed_dwconv.sv(77)
2734 *Verdi* : Flush all FSDB Files at 1,201,000,000 ps.
2735 sps_call_fsdbDumpflush_vd_main at 1202000000 : testbed_dwconv.sv(77)
2736 *Verdi* : Flush all FSDB Files at 1,202,000,000 ps.
2737 sps_call_fsdbDumpflush_vd_main at 1203000000 : testbed_dwconv.sv(77)
2738 *Verdi* : Flush all FSDB Files at 1,203,000,000 ps.
2739 sps_call_fsdbDumpflush_vd_main at 1204000000 : testbed_dwconv.sv(77)
2740 *Verdi* : Flush all FSDB Files at 1,204,000,000 ps.
2741 sps_call_fsdbDumpflush_vd_main at 1205000000 : testbed_dwconv.sv(77)
2742 *Verdi* : Flush all FSDB Files at 1,205,000,000 ps.
2743 sps_call_fsdbDumpflush_vd_main at 1206000000 : testbed_dwconv.sv(77)
2744 *Verdi* : Flush all FSDB Files at 1,206,000,000 ps.
2745 sps_call_fsdbDumpflush_vd_main at 1207000000 : testbed_dwconv.sv(77)
2746 *Verdi* : Flush all FSDB Files at 1,207,000,000 ps.
2747 sps_call_fsdbDumpflush_vd_main at 1208000000 : testbed_dwconv.sv(77)
2748 *Verdi* : Flush all FSDB Files at 1,208,000,000 ps.
2749 sps_call_fsdbDumpflush_vd_main at 1209000000 : testbed_dwconv.sv(77)
2750 *Verdi* : Flush all FSDB Files at 1,209,000,000 ps.
2751 sps_call_fsdbDumpflush_vd_main at 1210000000 : testbed_dwconv.sv(77)
2752 *Verdi* : Flush all FSDB Files at 1,210,000,000 ps.
2753 sps_call_fsdbDumpflush_vd_main at 1211000000 : testbed_dwconv.sv(77)
2754 *Verdi* : Flush all FSDB Files at 1,211,000,000 ps.
2755 sps_call_fsdbDumpflush_vd_main at 1212000000 : testbed_dwconv.sv(77)
2756 *Verdi* : Flush all FSDB Files at 1,212,000,000 ps.
2757 sps_call_fsdbDumpflush_vd_main at 1213000000 : testbed_dwconv.sv(77)
2758 *Verdi* : Flush all FSDB Files at 1,213,000,000 ps.
2759 sps_call_fsdbDumpflush_vd_main at 1214000000 : testbed_dwconv.sv(77)
2760 *Verdi* : Flush all FSDB Files at 1,214,000,000 ps.
2761 sps_call_fsdbDumpflush_vd_main at 1215000000 : testbed_dwconv.sv(77)
2762 *Verdi* : Flush all FSDB Files at 1,215,000,000 ps.
2763 sps_call_fsdbDumpflush_vd_main at 1216000000 : testbed_dwconv.sv(77)
2764 *Verdi* : Flush all FSDB Files at 1,216,000,000 ps.
2765 sps_call_fsdbDumpflush_vd_main at 1217000000 : testbed_dwconv.sv(77)
2766 *Verdi* : Flush all FSDB Files at 1,217,000,000 ps.
2767 sps_call_fsdbDumpflush_vd_main at 1218000000 : testbed_dwconv.sv(77)
2768 *Verdi* : Flush all FSDB Files at 1,218,000,000 ps.
2769 sps_call_fsdbDumpflush_vd_main at 1219000000 : testbed_dwconv.sv(77)
2770 *Verdi* : Flush all FSDB Files at 1,219,000,000 ps.
2771 sps_call_fsdbDumpflush_vd_main at 1220000000 : testbed_dwconv.sv(77)
2772 *Verdi* : Flush all FSDB Files at 1,220,000,000 ps.
2773 sps_call_fsdbDumpflush_vd_main at 1221000000 : testbed_dwconv.sv(77)
2774 *Verdi* : Flush all FSDB Files at 1,221,000,000 ps.
2775 sps_call_fsdbDumpflush_vd_main at 1222000000 : testbed_dwconv.sv(77)
2776 *Verdi* : Flush all FSDB Files at 1,222,000,000 ps.
2777 sps_call_fsdbDumpflush_vd_main at 1223000000 : testbed_dwconv.sv(77)
2778 *Verdi* : Flush all FSDB Files at 1,223,000,000 ps.
2779 sps_call_fsdbDumpflush_vd_main at 1224000000 : testbed_dwconv.sv(77)
2780 *Verdi* : Flush all FSDB Files at 1,224,000,000 ps.
2781 sps_call_fsdbDumpflush_vd_main at 1225000000 : testbed_dwconv.sv(77)
2782 *Verdi* : Flush all FSDB Files at 1,225,000,000 ps.
2783 sps_call_fsdbDumpflush_vd_main at 1226000000 : testbed_dwconv.sv(77)
2784 *Verdi* : Flush all FSDB Files at 1,226,000,000 ps.
2785 sps_call_fsdbDumpflush_vd_main at 1227000000 : testbed_dwconv.sv(77)
2786 *Verdi* : Flush all FSDB Files at 1,227,000,000 ps.
2787 sps_call_fsdbDumpflush_vd_main at 1228000000 : testbed_dwconv.sv(77)
2788 *Verdi* : Flush all FSDB Files at 1,228,000,000 ps.
2789 sps_call_fsdbDumpflush_vd_main at 1229000000 : testbed_dwconv.sv(77)
2790 *Verdi* : Flush all FSDB Files at 1,229,000,000 ps.
2791 sps_call_fsdbDumpflush_vd_main at 1230000000 : testbed_dwconv.sv(77)
2792 *Verdi* : Flush all FSDB Files at 1,230,000,000 ps.
2793 sps_call_fsdbDumpflush_vd_main at 1231000000 : testbed_dwconv.sv(77)
2794 *Verdi* : Flush all FSDB Files at 1,231,000,000 ps.
2795 sps_call_fsdbDumpflush_vd_main at 1232000000 : testbed_dwconv.sv(77)
2796 *Verdi* : Flush all FSDB Files at 1,232,000,000 ps.
2797 sps_call_fsdbDumpflush_vd_main at 1233000000 : testbed_dwconv.sv(77)
2798 *Verdi* : Flush all FSDB Files at 1,233,000,000 ps.
2799 sps_call_fsdbDumpflush_vd_main at 1234000000 : testbed_dwconv.sv(77)
2800 *Verdi* : Flush all FSDB Files at 1,234,000,000 ps.
2801 sps_call_fsdbDumpflush_vd_main at 1235000000 : testbed_dwconv.sv(77)
2802 *Verdi* : Flush all FSDB Files at 1,235,000,000 ps.
2803 sps_call_fsdbDumpflush_vd_main at 1236000000 : testbed_dwconv.sv(77)
2804 *Verdi* : Flush all FSDB Files at 1,236,000,000 ps.
2805 sps_call_fsdbDumpflush_vd_main at 1237000000 : testbed_dwconv.sv(77)
2806 *Verdi* : Flush all FSDB Files at 1,237,000,000 ps.
2807 sps_call_fsdbDumpflush_vd_main at 1238000000 : testbed_dwconv.sv(77)
2808 *Verdi* : Flush all FSDB Files at 1,238,000,000 ps.
2809 sps_call_fsdbDumpflush_vd_main at 1239000000 : testbed_dwconv.sv(77)
2810 *Verdi* : Flush all FSDB Files at 1,239,000,000 ps.
2811 sps_call_fsdbDumpflush_vd_main at 1240000000 : testbed_dwconv.sv(77)
2812 *Verdi* : Flush all FSDB Files at 1,240,000,000 ps.
2813 sps_call_fsdbDumpflush_vd_main at 1241000000 : testbed_dwconv.sv(77)
2814 *Verdi* : Flush all FSDB Files at 1,241,000,000 ps.
2815 sps_call_fsdbDumpflush_vd_main at 1242000000 : testbed_dwconv.sv(77)
2816 *Verdi* : Flush all FSDB Files at 1,242,000,000 ps.
2817 sps_call_fsdbDumpflush_vd_main at 1243000000 : testbed_dwconv.sv(77)
2818 *Verdi* : Flush all FSDB Files at 1,243,000,000 ps.
2819 sps_call_fsdbDumpflush_vd_main at 1244000000 : testbed_dwconv.sv(77)
2820 *Verdi* : Flush all FSDB Files at 1,244,000,000 ps.
2821 sps_call_fsdbDumpflush_vd_main at 1245000000 : testbed_dwconv.sv(77)
2822 *Verdi* : Flush all FSDB Files at 1,245,000,000 ps.
2823 sps_call_fsdbDumpflush_vd_main at 1246000000 : testbed_dwconv.sv(77)
2824 *Verdi* : Flush all FSDB Files at 1,246,000,000 ps.
2825 sps_call_fsdbDumpflush_vd_main at 1247000000 : testbed_dwconv.sv(77)
2826 *Verdi* : Flush all FSDB Files at 1,247,000,000 ps.
2827 sps_call_fsdbDumpflush_vd_main at 1248000000 : testbed_dwconv.sv(77)
2828 *Verdi* : Flush all FSDB Files at 1,248,000,000 ps.
2829 sps_call_fsdbDumpflush_vd_main at 1249000000 : testbed_dwconv.sv(77)
2830 *Verdi* : Flush all FSDB Files at 1,249,000,000 ps.
2831 sps_call_fsdbDumpflush_vd_main at 1250000000 : testbed_dwconv.sv(77)
2832 *Verdi* : Flush all FSDB Files at 1,250,000,000 ps.
2833 sps_call_fsdbDumpflush_vd_main at 1251000000 : testbed_dwconv.sv(77)
2834 *Verdi* : Flush all FSDB Files at 1,251,000,000 ps.
2835 sps_call_fsdbDumpflush_vd_main at 1252000000 : testbed_dwconv.sv(77)
2836 *Verdi* : Flush all FSDB Files at 1,252,000,000 ps.
2837 sps_call_fsdbDumpflush_vd_main at 1253000000 : testbed_dwconv.sv(77)
2838 *Verdi* : Flush all FSDB Files at 1,253,000,000 ps.
2839 sps_call_fsdbDumpflush_vd_main at 1254000000 : testbed_dwconv.sv(77)
2840 *Verdi* : Flush all FSDB Files at 1,254,000,000 ps.
2841 sps_call_fsdbDumpflush_vd_main at 1255000000 : testbed_dwconv.sv(77)
2842 *Verdi* : Flush all FSDB Files at 1,255,000,000 ps.
2843 sps_call_fsdbDumpflush_vd_main at 1256000000 : testbed_dwconv.sv(77)
2844 *Verdi* : Flush all FSDB Files at 1,256,000,000 ps.
2845 sps_call_fsdbDumpflush_vd_main at 1257000000 : testbed_dwconv.sv(77)
2846 *Verdi* : Flush all FSDB Files at 1,257,000,000 ps.
2847 sps_call_fsdbDumpflush_vd_main at 1258000000 : testbed_dwconv.sv(77)
2848 *Verdi* : Flush all FSDB Files at 1,258,000,000 ps.
2849 sps_call_fsdbDumpflush_vd_main at 1259000000 : testbed_dwconv.sv(77)
2850 *Verdi* : Flush all FSDB Files at 1,259,000,000 ps.
2851 sps_call_fsdbDumpflush_vd_main at 1260000000 : testbed_dwconv.sv(77)
2852 *Verdi* : Flush all FSDB Files at 1,260,000,000 ps.
2853 sps_call_fsdbDumpflush_vd_main at 1261000000 : testbed_dwconv.sv(77)
2854 *Verdi* : Flush all FSDB Files at 1,261,000,000 ps.
2855 sps_call_fsdbDumpflush_vd_main at 1262000000 : testbed_dwconv.sv(77)
2856 *Verdi* : Flush all FSDB Files at 1,262,000,000 ps.
2857 sps_call_fsdbDumpflush_vd_main at 1263000000 : testbed_dwconv.sv(77)
2858 *Verdi* : Flush all FSDB Files at 1,263,000,000 ps.
2859 sps_call_fsdbDumpflush_vd_main at 1264000000 : testbed_dwconv.sv(77)
2860 *Verdi* : Flush all FSDB Files at 1,264,000,000 ps.
2861 sps_call_fsdbDumpflush_vd_main at 1265000000 : testbed_dwconv.sv(77)
2862 *Verdi* : Flush all FSDB Files at 1,265,000,000 ps.
2863 sps_call_fsdbDumpflush_vd_main at 1266000000 : testbed_dwconv.sv(77)
2864 *Verdi* : Flush all FSDB Files at 1,266,000,000 ps.
2865 sps_call_fsdbDumpflush_vd_main at 1267000000 : testbed_dwconv.sv(77)
2866 *Verdi* : Flush all FSDB Files at 1,267,000,000 ps.
2867 sps_call_fsdbDumpflush_vd_main at 1268000000 : testbed_dwconv.sv(77)
2868 *Verdi* : Flush all FSDB Files at 1,268,000,000 ps.
2869 sps_call_fsdbDumpflush_vd_main at 1269000000 : testbed_dwconv.sv(77)
2870 *Verdi* : Flush all FSDB Files at 1,269,000,000 ps.
2871 sps_call_fsdbDumpflush_vd_main at 1270000000 : testbed_dwconv.sv(77)
2872 *Verdi* : Flush all FSDB Files at 1,270,000,000 ps.
2873 sps_call_fsdbDumpflush_vd_main at 1271000000 : testbed_dwconv.sv(77)
2874 *Verdi* : Flush all FSDB Files at 1,271,000,000 ps.
2875 sps_call_fsdbDumpflush_vd_main at 1272000000 : testbed_dwconv.sv(77)
2876 *Verdi* : Flush all FSDB Files at 1,272,000,000 ps.
2877 sps_call_fsdbDumpflush_vd_main at 1273000000 : testbed_dwconv.sv(77)
2878 *Verdi* : Flush all FSDB Files at 1,273,000,000 ps.
2879 sps_call_fsdbDumpflush_vd_main at 1274000000 : testbed_dwconv.sv(77)
2880 *Verdi* : Flush all FSDB Files at 1,274,000,000 ps.
2881 sps_call_fsdbDumpflush_vd_main at 1275000000 : testbed_dwconv.sv(77)
2882 *Verdi* : Flush all FSDB Files at 1,275,000,000 ps.
2883 sps_call_fsdbDumpflush_vd_main at 1276000000 : testbed_dwconv.sv(77)
2884 *Verdi* : Flush all FSDB Files at 1,276,000,000 ps.
2885 sps_call_fsdbDumpflush_vd_main at 1277000000 : testbed_dwconv.sv(77)
2886 *Verdi* : Flush all FSDB Files at 1,277,000,000 ps.
2887 sps_call_fsdbDumpflush_vd_main at 1278000000 : testbed_dwconv.sv(77)
2888 *Verdi* : Flush all FSDB Files at 1,278,000,000 ps.
2889 sps_call_fsdbDumpflush_vd_main at 1279000000 : testbed_dwconv.sv(77)
2890 *Verdi* : Flush all FSDB Files at 1,279,000,000 ps.
2891 sps_call_fsdbDumpflush_vd_main at 1280000000 : testbed_dwconv.sv(77)
2892 *Verdi* : Flush all FSDB Files at 1,280,000,000 ps.
2893 sps_call_fsdbDumpflush_vd_main at 1281000000 : testbed_dwconv.sv(77)
2894 *Verdi* : Flush all FSDB Files at 1,281,000,000 ps.
2895 sps_call_fsdbDumpflush_vd_main at 1282000000 : testbed_dwconv.sv(77)
2896 *Verdi* : Flush all FSDB Files at 1,282,000,000 ps.
2897 sps_call_fsdbDumpflush_vd_main at 1283000000 : testbed_dwconv.sv(77)
2898 *Verdi* : Flush all FSDB Files at 1,283,000,000 ps.
2899 sps_call_fsdbDumpflush_vd_main at 1284000000 : testbed_dwconv.sv(77)
2900 *Verdi* : Flush all FSDB Files at 1,284,000,000 ps.
2901 sps_call_fsdbDumpflush_vd_main at 1285000000 : testbed_dwconv.sv(77)
2902 *Verdi* : Flush all FSDB Files at 1,285,000,000 ps.
2903 sps_call_fsdbDumpflush_vd_main at 1286000000 : testbed_dwconv.sv(77)
2904 *Verdi* : Flush all FSDB Files at 1,286,000,000 ps.
2905 sps_call_fsdbDumpflush_vd_main at 1287000000 : testbed_dwconv.sv(77)
2906 *Verdi* : Flush all FSDB Files at 1,287,000,000 ps.
2907 sps_call_fsdbDumpflush_vd_main at 1288000000 : testbed_dwconv.sv(77)
2908 *Verdi* : Flush all FSDB Files at 1,288,000,000 ps.
2909 sps_call_fsdbDumpflush_vd_main at 1289000000 : testbed_dwconv.sv(77)
2910 *Verdi* : Flush all FSDB Files at 1,289,000,000 ps.
2911 sps_call_fsdbDumpflush_vd_main at 1290000000 : testbed_dwconv.sv(77)
2912 *Verdi* : Flush all FSDB Files at 1,290,000,000 ps.
2913 sps_call_fsdbDumpflush_vd_main at 1291000000 : testbed_dwconv.sv(77)
2914 *Verdi* : Flush all FSDB Files at 1,291,000,000 ps.
2915 sps_call_fsdbDumpflush_vd_main at 1292000000 : testbed_dwconv.sv(77)
2916 *Verdi* : Flush all FSDB Files at 1,292,000,000 ps.
2917 sps_call_fsdbDumpflush_vd_main at 1293000000 : testbed_dwconv.sv(77)
2918 *Verdi* : Flush all FSDB Files at 1,293,000,000 ps.
2919 sps_call_fsdbDumpflush_vd_main at 1294000000 : testbed_dwconv.sv(77)
2920 *Verdi* : Flush all FSDB Files at 1,294,000,000 ps.
2921 sps_call_fsdbDumpflush_vd_main at 1295000000 : testbed_dwconv.sv(77)
2922 *Verdi* : Flush all FSDB Files at 1,295,000,000 ps.
2923 sps_call_fsdbDumpflush_vd_main at 1296000000 : testbed_dwconv.sv(77)
2924 *Verdi* : Flush all FSDB Files at 1,296,000,000 ps.
2925 sps_call_fsdbDumpflush_vd_main at 1297000000 : testbed_dwconv.sv(77)
2926 *Verdi* : Flush all FSDB Files at 1,297,000,000 ps.
2927 sps_call_fsdbDumpflush_vd_main at 1298000000 : testbed_dwconv.sv(77)
2928 *Verdi* : Flush all FSDB Files at 1,298,000,000 ps.
2929 sps_call_fsdbDumpflush_vd_main at 1299000000 : testbed_dwconv.sv(77)
2930 *Verdi* : Flush all FSDB Files at 1,299,000,000 ps.
2931 sps_call_fsdbDumpflush_vd_main at 1300000000 : testbed_dwconv.sv(77)
2932 *Verdi* : Flush all FSDB Files at 1,300,000,000 ps.
2933 sps_call_fsdbDumpflush_vd_main at 1301000000 : testbed_dwconv.sv(77)
2934 *Verdi* : Flush all FSDB Files at 1,301,000,000 ps.
2935 sps_call_fsdbDumpflush_vd_main at 1302000000 : testbed_dwconv.sv(77)
2936 *Verdi* : Flush all FSDB Files at 1,302,000,000 ps.
2937 sps_call_fsdbDumpflush_vd_main at 1303000000 : testbed_dwconv.sv(77)
2938 *Verdi* : Flush all FSDB Files at 1,303,000,000 ps.
2939 sps_call_fsdbDumpflush_vd_main at 1304000000 : testbed_dwconv.sv(77)
2940 *Verdi* : Flush all FSDB Files at 1,304,000,000 ps.
2941 sps_call_fsdbDumpflush_vd_main at 1305000000 : testbed_dwconv.sv(77)
2942 *Verdi* : Flush all FSDB Files at 1,305,000,000 ps.
2943 sps_call_fsdbDumpflush_vd_main at 1306000000 : testbed_dwconv.sv(77)
2944 *Verdi* : Flush all FSDB Files at 1,306,000,000 ps.
2945 sps_call_fsdbDumpflush_vd_main at 1307000000 : testbed_dwconv.sv(77)
2946 *Verdi* : Flush all FSDB Files at 1,307,000,000 ps.
2947 sps_call_fsdbDumpflush_vd_main at 1308000000 : testbed_dwconv.sv(77)
2948 *Verdi* : Flush all FSDB Files at 1,308,000,000 ps.
2949 sps_call_fsdbDumpflush_vd_main at 1309000000 : testbed_dwconv.sv(77)
2950 *Verdi* : Flush all FSDB Files at 1,309,000,000 ps.
2951 sps_call_fsdbDumpflush_vd_main at 1310000000 : testbed_dwconv.sv(77)
2952 *Verdi* : Flush all FSDB Files at 1,310,000,000 ps.
2953 sps_call_fsdbDumpflush_vd_main at 1311000000 : testbed_dwconv.sv(77)
2954 *Verdi* : Flush all FSDB Files at 1,311,000,000 ps.
2955 sps_call_fsdbDumpflush_vd_main at 1312000000 : testbed_dwconv.sv(77)
2956 *Verdi* : Flush all FSDB Files at 1,312,000,000 ps.
2957 sps_call_fsdbDumpflush_vd_main at 1313000000 : testbed_dwconv.sv(77)
2958 *Verdi* : Flush all FSDB Files at 1,313,000,000 ps.
2959 sps_call_fsdbDumpflush_vd_main at 1314000000 : testbed_dwconv.sv(77)
2960 *Verdi* : Flush all FSDB Files at 1,314,000,000 ps.
2961 sps_call_fsdbDumpflush_vd_main at 1315000000 : testbed_dwconv.sv(77)
2962 *Verdi* : Flush all FSDB Files at 1,315,000,000 ps.
2963 sps_call_fsdbDumpflush_vd_main at 1316000000 : testbed_dwconv.sv(77)
2964 *Verdi* : Flush all FSDB Files at 1,316,000,000 ps.
2965 sps_call_fsdbDumpflush_vd_main at 1317000000 : testbed_dwconv.sv(77)
2966 *Verdi* : Flush all FSDB Files at 1,317,000,000 ps.
2967 sps_call_fsdbDumpflush_vd_main at 1318000000 : testbed_dwconv.sv(77)
2968 *Verdi* : Flush all FSDB Files at 1,318,000,000 ps.
2969 sps_call_fsdbDumpflush_vd_main at 1319000000 : testbed_dwconv.sv(77)
2970 *Verdi* : Flush all FSDB Files at 1,319,000,000 ps.
2971 sps_call_fsdbDumpflush_vd_main at 1320000000 : testbed_dwconv.sv(77)
2972 *Verdi* : Flush all FSDB Files at 1,320,000,000 ps.
2973 sps_call_fsdbDumpflush_vd_main at 1321000000 : testbed_dwconv.sv(77)
2974 *Verdi* : Flush all FSDB Files at 1,321,000,000 ps.
2975 sps_call_fsdbDumpflush_vd_main at 1322000000 : testbed_dwconv.sv(77)
2976 *Verdi* : Flush all FSDB Files at 1,322,000,000 ps.
2977 sps_call_fsdbDumpflush_vd_main at 1323000000 : testbed_dwconv.sv(77)
2978 *Verdi* : Flush all FSDB Files at 1,323,000,000 ps.
2979 sps_call_fsdbDumpflush_vd_main at 1324000000 : testbed_dwconv.sv(77)
2980 *Verdi* : Flush all FSDB Files at 1,324,000,000 ps.
2981 sps_call_fsdbDumpflush_vd_main at 1325000000 : testbed_dwconv.sv(77)
2982 *Verdi* : Flush all FSDB Files at 1,325,000,000 ps.
2983 sps_call_fsdbDumpflush_vd_main at 1326000000 : testbed_dwconv.sv(77)
2984 *Verdi* : Flush all FSDB Files at 1,326,000,000 ps.
2985 sps_call_fsdbDumpflush_vd_main at 1327000000 : testbed_dwconv.sv(77)
2986 *Verdi* : Flush all FSDB Files at 1,327,000,000 ps.
2987 sps_call_fsdbDumpflush_vd_main at 1328000000 : testbed_dwconv.sv(77)
2988 *Verdi* : Flush all FSDB Files at 1,328,000,000 ps.
2989 sps_call_fsdbDumpflush_vd_main at 1329000000 : testbed_dwconv.sv(77)
2990 *Verdi* : Flush all FSDB Files at 1,329,000,000 ps.
2991 sps_call_fsdbDumpflush_vd_main at 1330000000 : testbed_dwconv.sv(77)
2992 *Verdi* : Flush all FSDB Files at 1,330,000,000 ps.
2993 sps_call_fsdbDumpflush_vd_main at 1331000000 : testbed_dwconv.sv(77)
2994 *Verdi* : Flush all FSDB Files at 1,331,000,000 ps.
2995 sps_call_fsdbDumpflush_vd_main at 1332000000 : testbed_dwconv.sv(77)
2996 *Verdi* : Flush all FSDB Files at 1,332,000,000 ps.
2997 sps_call_fsdbDumpflush_vd_main at 1333000000 : testbed_dwconv.sv(77)
2998 *Verdi* : Flush all FSDB Files at 1,333,000,000 ps.
2999 sps_call_fsdbDumpflush_vd_main at 1334000000 : testbed_dwconv.sv(77)
3000 *Verdi* : Flush all FSDB Files at 1,334,000,000 ps.
3001 sps_call_fsdbDumpflush_vd_main at 1335000000 : testbed_dwconv.sv(77)
3002 *Verdi* : Flush all FSDB Files at 1,335,000,000 ps.
3003 sps_call_fsdbDumpflush_vd_main at 1336000000 : testbed_dwconv.sv(77)
3004 *Verdi* : Flush all FSDB Files at 1,336,000,000 ps.
3005 sps_call_fsdbDumpflush_vd_main at 1337000000 : testbed_dwconv.sv(77)
3006 *Verdi* : Flush all FSDB Files at 1,337,000,000 ps.
3007 sps_call_fsdbDumpflush_vd_main at 1338000000 : testbed_dwconv.sv(77)
3008 *Verdi* : Flush all FSDB Files at 1,338,000,000 ps.
3009 sps_call_fsdbDumpflush_vd_main at 1339000000 : testbed_dwconv.sv(77)
3010 *Verdi* : Flush all FSDB Files at 1,339,000,000 ps.
3011 sps_call_fsdbDumpflush_vd_main at 1340000000 : testbed_dwconv.sv(77)
3012 *Verdi* : Flush all FSDB Files at 1,340,000,000 ps.
3013 sps_call_fsdbDumpflush_vd_main at 1341000000 : testbed_dwconv.sv(77)
3014 *Verdi* : Flush all FSDB Files at 1,341,000,000 ps.
3015 sps_call_fsdbDumpflush_vd_main at 1342000000 : testbed_dwconv.sv(77)
3016 *Verdi* : Flush all FSDB Files at 1,342,000,000 ps.
3017 sps_call_fsdbDumpflush_vd_main at 1343000000 : testbed_dwconv.sv(77)
3018 *Verdi* : Flush all FSDB Files at 1,343,000,000 ps.
3019 sps_call_fsdbDumpflush_vd_main at 1344000000 : testbed_dwconv.sv(77)
3020 *Verdi* : Flush all FSDB Files at 1,344,000,000 ps.
3021 sps_call_fsdbDumpflush_vd_main at 1345000000 : testbed_dwconv.sv(77)
3022 *Verdi* : Flush all FSDB Files at 1,345,000,000 ps.
3023 sps_call_fsdbDumpflush_vd_main at 1346000000 : testbed_dwconv.sv(77)
3024 *Verdi* : Flush all FSDB Files at 1,346,000,000 ps.
3025 sps_call_fsdbDumpflush_vd_main at 1347000000 : testbed_dwconv.sv(77)
3026 *Verdi* : Flush all FSDB Files at 1,347,000,000 ps.
3027 sps_call_fsdbDumpflush_vd_main at 1348000000 : testbed_dwconv.sv(77)
3028 *Verdi* : Flush all FSDB Files at 1,348,000,000 ps.
3029 sps_call_fsdbDumpflush_vd_main at 1349000000 : testbed_dwconv.sv(77)
3030 *Verdi* : Flush all FSDB Files at 1,349,000,000 ps.
3031 sps_call_fsdbDumpflush_vd_main at 1350000000 : testbed_dwconv.sv(77)
3032 *Verdi* : Flush all FSDB Files at 1,350,000,000 ps.
3033 sps_call_fsdbDumpflush_vd_main at 1351000000 : testbed_dwconv.sv(77)
3034 *Verdi* : Flush all FSDB Files at 1,351,000,000 ps.
3035 sps_call_fsdbDumpflush_vd_main at 1352000000 : testbed_dwconv.sv(77)
3036 *Verdi* : Flush all FSDB Files at 1,352,000,000 ps.
3037 sps_call_fsdbDumpflush_vd_main at 1353000000 : testbed_dwconv.sv(77)
3038 *Verdi* : Flush all FSDB Files at 1,353,000,000 ps.
3039 sps_call_fsdbDumpflush_vd_main at 1354000000 : testbed_dwconv.sv(77)
3040 *Verdi* : Flush all FSDB Files at 1,354,000,000 ps.
3041 sps_call_fsdbDumpflush_vd_main at 1355000000 : testbed_dwconv.sv(77)
3042 *Verdi* : Flush all FSDB Files at 1,355,000,000 ps.
3043 sps_call_fsdbDumpflush_vd_main at 1356000000 : testbed_dwconv.sv(77)
3044 *Verdi* : Flush all FSDB Files at 1,356,000,000 ps.
3045 sps_call_fsdbDumpflush_vd_main at 1357000000 : testbed_dwconv.sv(77)
3046 *Verdi* : Flush all FSDB Files at 1,357,000,000 ps.
3047 sps_call_fsdbDumpflush_vd_main at 1358000000 : testbed_dwconv.sv(77)
3048 *Verdi* : Flush all FSDB Files at 1,358,000,000 ps.
3049 sps_call_fsdbDumpflush_vd_main at 1359000000 : testbed_dwconv.sv(77)
3050 *Verdi* : Flush all FSDB Files at 1,359,000,000 ps.
3051 sps_call_fsdbDumpflush_vd_main at 1360000000 : testbed_dwconv.sv(77)
3052 *Verdi* : Flush all FSDB Files at 1,360,000,000 ps.
3053 sps_call_fsdbDumpflush_vd_main at 1361000000 : testbed_dwconv.sv(77)
3054 *Verdi* : Flush all FSDB Files at 1,361,000,000 ps.
3055 sps_call_fsdbDumpflush_vd_main at 1362000000 : testbed_dwconv.sv(77)
3056 *Verdi* : Flush all FSDB Files at 1,362,000,000 ps.
3057 sps_call_fsdbDumpflush_vd_main at 1363000000 : testbed_dwconv.sv(77)
3058 *Verdi* : Flush all FSDB Files at 1,363,000,000 ps.
3059 sps_call_fsdbDumpflush_vd_main at 1364000000 : testbed_dwconv.sv(77)
3060 *Verdi* : Flush all FSDB Files at 1,364,000,000 ps.
3061 sps_call_fsdbDumpflush_vd_main at 1365000000 : testbed_dwconv.sv(77)
3062 *Verdi* : Flush all FSDB Files at 1,365,000,000 ps.
3063 sps_call_fsdbDumpflush_vd_main at 1366000000 : testbed_dwconv.sv(77)
3064 *Verdi* : Flush all FSDB Files at 1,366,000,000 ps.
3065 sps_call_fsdbDumpflush_vd_main at 1367000000 : testbed_dwconv.sv(77)
3066 *Verdi* : Flush all FSDB Files at 1,367,000,000 ps.
3067 sps_call_fsdbDumpflush_vd_main at 1368000000 : testbed_dwconv.sv(77)
3068 *Verdi* : Flush all FSDB Files at 1,368,000,000 ps.
3069 sps_call_fsdbDumpflush_vd_main at 1369000000 : testbed_dwconv.sv(77)
3070 *Verdi* : Flush all FSDB Files at 1,369,000,000 ps.
3071 sps_call_fsdbDumpflush_vd_main at 1370000000 : testbed_dwconv.sv(77)
3072 *Verdi* : Flush all FSDB Files at 1,370,000,000 ps.
3073 sps_call_fsdbDumpflush_vd_main at 1371000000 : testbed_dwconv.sv(77)
3074 *Verdi* : Flush all FSDB Files at 1,371,000,000 ps.
3075 sps_call_fsdbDumpflush_vd_main at 1372000000 : testbed_dwconv.sv(77)
3076 *Verdi* : Flush all FSDB Files at 1,372,000,000 ps.
3077 sps_call_fsdbDumpflush_vd_main at 1373000000 : testbed_dwconv.sv(77)
3078 *Verdi* : Flush all FSDB Files at 1,373,000,000 ps.
3079 sps_call_fsdbDumpflush_vd_main at 1374000000 : testbed_dwconv.sv(77)
3080 *Verdi* : Flush all FSDB Files at 1,374,000,000 ps.
3081 sps_call_fsdbDumpflush_vd_main at 1375000000 : testbed_dwconv.sv(77)
3082 *Verdi* : Flush all FSDB Files at 1,375,000,000 ps.
3083 sps_call_fsdbDumpflush_vd_main at 1376000000 : testbed_dwconv.sv(77)
3084 *Verdi* : Flush all FSDB Files at 1,376,000,000 ps.
3085 sps_call_fsdbDumpflush_vd_main at 1377000000 : testbed_dwconv.sv(77)
3086 *Verdi* : Flush all FSDB Files at 1,377,000,000 ps.
3087 sps_call_fsdbDumpflush_vd_main at 1378000000 : testbed_dwconv.sv(77)
3088 *Verdi* : Flush all FSDB Files at 1,378,000,000 ps.
3089 sps_call_fsdbDumpflush_vd_main at 1379000000 : testbed_dwconv.sv(77)
3090 *Verdi* : Flush all FSDB Files at 1,379,000,000 ps.
3091 sps_call_fsdbDumpflush_vd_main at 1380000000 : testbed_dwconv.sv(77)
3092 *Verdi* : Flush all FSDB Files at 1,380,000,000 ps.
3093 sps_call_fsdbDumpflush_vd_main at 1381000000 : testbed_dwconv.sv(77)
3094 *Verdi* : Flush all FSDB Files at 1,381,000,000 ps.
3095 sps_call_fsdbDumpflush_vd_main at 1382000000 : testbed_dwconv.sv(77)
3096 *Verdi* : Flush all FSDB Files at 1,382,000,000 ps.
3097 sps_call_fsdbDumpflush_vd_main at 1383000000 : testbed_dwconv.sv(77)
3098 *Verdi* : Flush all FSDB Files at 1,383,000,000 ps.
3099 sps_call_fsdbDumpflush_vd_main at 1384000000 : testbed_dwconv.sv(77)
3100 *Verdi* : Flush all FSDB Files at 1,384,000,000 ps.
3101 sps_call_fsdbDumpflush_vd_main at 1385000000 : testbed_dwconv.sv(77)
3102 *Verdi* : Flush all FSDB Files at 1,385,000,000 ps.
3103 sps_call_fsdbDumpflush_vd_main at 1386000000 : testbed_dwconv.sv(77)
3104 *Verdi* : Flush all FSDB Files at 1,386,000,000 ps.
3105 sps_call_fsdbDumpflush_vd_main at 1387000000 : testbed_dwconv.sv(77)
3106 *Verdi* : Flush all FSDB Files at 1,387,000,000 ps.
3107 sps_call_fsdbDumpflush_vd_main at 1388000000 : testbed_dwconv.sv(77)
3108 *Verdi* : Flush all FSDB Files at 1,388,000,000 ps.
3109 sps_call_fsdbDumpflush_vd_main at 1389000000 : testbed_dwconv.sv(77)
3110 *Verdi* : Flush all FSDB Files at 1,389,000,000 ps.
3111 sps_call_fsdbDumpflush_vd_main at 1390000000 : testbed_dwconv.sv(77)
3112 *Verdi* : Flush all FSDB Files at 1,390,000,000 ps.
3113 sps_call_fsdbDumpflush_vd_main at 1391000000 : testbed_dwconv.sv(77)
3114 *Verdi* : Flush all FSDB Files at 1,391,000,000 ps.
3115 sps_call_fsdbDumpflush_vd_main at 1392000000 : testbed_dwconv.sv(77)
3116 *Verdi* : Flush all FSDB Files at 1,392,000,000 ps.
3117 sps_call_fsdbDumpflush_vd_main at 1393000000 : testbed_dwconv.sv(77)
3118 *Verdi* : Flush all FSDB Files at 1,393,000,000 ps.
3119 sps_call_fsdbDumpflush_vd_main at 1394000000 : testbed_dwconv.sv(77)
3120 *Verdi* : Flush all FSDB Files at 1,394,000,000 ps.
3121 sps_call_fsdbDumpflush_vd_main at 1395000000 : testbed_dwconv.sv(77)
3122 *Verdi* : Flush all FSDB Files at 1,395,000,000 ps.
3123 sps_call_fsdbDumpflush_vd_main at 1396000000 : testbed_dwconv.sv(77)
3124 *Verdi* : Flush all FSDB Files at 1,396,000,000 ps.
3125 sps_call_fsdbDumpflush_vd_main at 1397000000 : testbed_dwconv.sv(77)
3126 *Verdi* : Flush all FSDB Files at 1,397,000,000 ps.
3127 sps_call_fsdbDumpflush_vd_main at 1398000000 : testbed_dwconv.sv(77)
3128 *Verdi* : Flush all FSDB Files at 1,398,000,000 ps.
3129 sps_call_fsdbDumpflush_vd_main at 1399000000 : testbed_dwconv.sv(77)
3130 *Verdi* : Flush all FSDB Files at 1,399,000,000 ps.
3131 sps_call_fsdbDumpflush_vd_main at 1400000000 : testbed_dwconv.sv(77)
3132 *Verdi* : Flush all FSDB Files at 1,400,000,000 ps.
3133 sps_call_fsdbDumpflush_vd_main at 1401000000 : testbed_dwconv.sv(77)
3134 *Verdi* : Flush all FSDB Files at 1,401,000,000 ps.
3135 sps_call_fsdbDumpflush_vd_main at 1402000000 : testbed_dwconv.sv(77)
3136 *Verdi* : Flush all FSDB Files at 1,402,000,000 ps.
3137 sps_call_fsdbDumpflush_vd_main at 1403000000 : testbed_dwconv.sv(77)
3138 *Verdi* : Flush all FSDB Files at 1,403,000,000 ps.
3139 sps_call_fsdbDumpflush_vd_main at 1404000000 : testbed_dwconv.sv(77)
3140 *Verdi* : Flush all FSDB Files at 1,404,000,000 ps.
3141 sps_call_fsdbDumpflush_vd_main at 1405000000 : testbed_dwconv.sv(77)
3142 *Verdi* : Flush all FSDB Files at 1,405,000,000 ps.
3143 sps_call_fsdbDumpflush_vd_main at 1406000000 : testbed_dwconv.sv(77)
3144 *Verdi* : Flush all FSDB Files at 1,406,000,000 ps.
3145 sps_call_fsdbDumpflush_vd_main at 1407000000 : testbed_dwconv.sv(77)
3146 *Verdi* : Flush all FSDB Files at 1,407,000,000 ps.
3147 sps_call_fsdbDumpflush_vd_main at 1408000000 : testbed_dwconv.sv(77)
3148 *Verdi* : Flush all FSDB Files at 1,408,000,000 ps.
3149 sps_call_fsdbDumpflush_vd_main at 1409000000 : testbed_dwconv.sv(77)
3150 *Verdi* : Flush all FSDB Files at 1,409,000,000 ps.
3151 sps_call_fsdbDumpflush_vd_main at 1410000000 : testbed_dwconv.sv(77)
3152 *Verdi* : Flush all FSDB Files at 1,410,000,000 ps.
3153 sps_call_fsdbDumpflush_vd_main at 1411000000 : testbed_dwconv.sv(77)
3154 *Verdi* : Flush all FSDB Files at 1,411,000,000 ps.
3155 sps_call_fsdbDumpflush_vd_main at 1412000000 : testbed_dwconv.sv(77)
3156 *Verdi* : Flush all FSDB Files at 1,412,000,000 ps.
3157 sps_call_fsdbDumpflush_vd_main at 1413000000 : testbed_dwconv.sv(77)
3158 *Verdi* : Flush all FSDB Files at 1,413,000,000 ps.
3159 sps_call_fsdbDumpflush_vd_main at 1414000000 : testbed_dwconv.sv(77)
3160 *Verdi* : Flush all FSDB Files at 1,414,000,000 ps.
3161 sps_call_fsdbDumpflush_vd_main at 1415000000 : testbed_dwconv.sv(77)
3162 *Verdi* : Flush all FSDB Files at 1,415,000,000 ps.
3163 sps_call_fsdbDumpflush_vd_main at 1416000000 : testbed_dwconv.sv(77)
3164 *Verdi* : Flush all FSDB Files at 1,416,000,000 ps.
3165 sps_call_fsdbDumpflush_vd_main at 1417000000 : testbed_dwconv.sv(77)
3166 *Verdi* : Flush all FSDB Files at 1,417,000,000 ps.
3167 sps_call_fsdbDumpflush_vd_main at 1418000000 : testbed_dwconv.sv(77)
3168 *Verdi* : Flush all FSDB Files at 1,418,000,000 ps.
3169 sps_call_fsdbDumpflush_vd_main at 1419000000 : testbed_dwconv.sv(77)
3170 *Verdi* : Flush all FSDB Files at 1,419,000,000 ps.
3171 sps_call_fsdbDumpflush_vd_main at 1420000000 : testbed_dwconv.sv(77)
3172 *Verdi* : Flush all FSDB Files at 1,420,000,000 ps.
3173 sps_call_fsdbDumpflush_vd_main at 1421000000 : testbed_dwconv.sv(77)
3174 *Verdi* : Flush all FSDB Files at 1,421,000,000 ps.
3175 sps_call_fsdbDumpflush_vd_main at 1422000000 : testbed_dwconv.sv(77)
3176 *Verdi* : Flush all FSDB Files at 1,422,000,000 ps.
3177 sps_call_fsdbDumpflush_vd_main at 1423000000 : testbed_dwconv.sv(77)
3178 *Verdi* : Flush all FSDB Files at 1,423,000,000 ps.
3179 sps_call_fsdbDumpflush_vd_main at 1424000000 : testbed_dwconv.sv(77)
3180 *Verdi* : Flush all FSDB Files at 1,424,000,000 ps.
3181 sps_call_fsdbDumpflush_vd_main at 1425000000 : testbed_dwconv.sv(77)
3182 *Verdi* : Flush all FSDB Files at 1,425,000,000 ps.
3183 sps_call_fsdbDumpflush_vd_main at 1426000000 : testbed_dwconv.sv(77)
3184 *Verdi* : Flush all FSDB Files at 1,426,000,000 ps.
3185 sps_call_fsdbDumpflush_vd_main at 1427000000 : testbed_dwconv.sv(77)
3186 *Verdi* : Flush all FSDB Files at 1,427,000,000 ps.
3187 sps_call_fsdbDumpflush_vd_main at 1428000000 : testbed_dwconv.sv(77)
3188 *Verdi* : Flush all FSDB Files at 1,428,000,000 ps.
3189 sps_call_fsdbDumpflush_vd_main at 1429000000 : testbed_dwconv.sv(77)
3190 *Verdi* : Flush all FSDB Files at 1,429,000,000 ps.
3191 sps_call_fsdbDumpflush_vd_main at 1430000000 : testbed_dwconv.sv(77)
3192 *Verdi* : Flush all FSDB Files at 1,430,000,000 ps.
3193 sps_call_fsdbDumpflush_vd_main at 1431000000 : testbed_dwconv.sv(77)
3194 *Verdi* : Flush all FSDB Files at 1,431,000,000 ps.
3195 sps_call_fsdbDumpflush_vd_main at 1432000000 : testbed_dwconv.sv(77)
3196 *Verdi* : Flush all FSDB Files at 1,432,000,000 ps.
3197 sps_call_fsdbDumpflush_vd_main at 1433000000 : testbed_dwconv.sv(77)
3198 *Verdi* : Flush all FSDB Files at 1,433,000,000 ps.
3199 sps_call_fsdbDumpflush_vd_main at 1434000000 : testbed_dwconv.sv(77)
3200 *Verdi* : Flush all FSDB Files at 1,434,000,000 ps.
3201 sps_call_fsdbDumpflush_vd_main at 1435000000 : testbed_dwconv.sv(77)
3202 *Verdi* : Flush all FSDB Files at 1,435,000,000 ps.
3203 sps_call_fsdbDumpflush_vd_main at 1436000000 : testbed_dwconv.sv(77)
3204 *Verdi* : Flush all FSDB Files at 1,436,000,000 ps.
3205 sps_call_fsdbDumpflush_vd_main at 1437000000 : testbed_dwconv.sv(77)
3206 *Verdi* : Flush all FSDB Files at 1,437,000,000 ps.
3207 sps_call_fsdbDumpflush_vd_main at 1438000000 : testbed_dwconv.sv(77)
3208 *Verdi* : Flush all FSDB Files at 1,438,000,000 ps.
3209 sps_call_fsdbDumpflush_vd_main at 1439000000 : testbed_dwconv.sv(77)
3210 *Verdi* : Flush all FSDB Files at 1,439,000,000 ps.
3211 sps_call_fsdbDumpflush_vd_main at 1440000000 : testbed_dwconv.sv(77)
3212 *Verdi* : Flush all FSDB Files at 1,440,000,000 ps.
3213 sps_call_fsdbDumpflush_vd_main at 1441000000 : testbed_dwconv.sv(77)
3214 *Verdi* : Flush all FSDB Files at 1,441,000,000 ps.
3215 sps_call_fsdbDumpflush_vd_main at 1442000000 : testbed_dwconv.sv(77)
3216 *Verdi* : Flush all FSDB Files at 1,442,000,000 ps.
3217 sps_call_fsdbDumpflush_vd_main at 1443000000 : testbed_dwconv.sv(77)
3218 *Verdi* : Flush all FSDB Files at 1,443,000,000 ps.
3219 sps_call_fsdbDumpflush_vd_main at 1444000000 : testbed_dwconv.sv(77)
3220 *Verdi* : Flush all FSDB Files at 1,444,000,000 ps.
3221 sps_call_fsdbDumpflush_vd_main at 1445000000 : testbed_dwconv.sv(77)
3222 *Verdi* : Flush all FSDB Files at 1,445,000,000 ps.
3223 sps_call_fsdbDumpflush_vd_main at 1446000000 : testbed_dwconv.sv(77)
3224 *Verdi* : Flush all FSDB Files at 1,446,000,000 ps.
3225 sps_call_fsdbDumpflush_vd_main at 1447000000 : testbed_dwconv.sv(77)
3226 *Verdi* : Flush all FSDB Files at 1,447,000,000 ps.
3227 sps_call_fsdbDumpflush_vd_main at 1448000000 : testbed_dwconv.sv(77)
3228 *Verdi* : Flush all FSDB Files at 1,448,000,000 ps.
3229 sps_call_fsdbDumpflush_vd_main at 1449000000 : testbed_dwconv.sv(77)
3230 *Verdi* : Flush all FSDB Files at 1,449,000,000 ps.
3231 sps_call_fsdbDumpflush_vd_main at 1450000000 : testbed_dwconv.sv(77)
3232 *Verdi* : Flush all FSDB Files at 1,450,000,000 ps.
3233 sps_call_fsdbDumpflush_vd_main at 1451000000 : testbed_dwconv.sv(77)
3234 *Verdi* : Flush all FSDB Files at 1,451,000,000 ps.
3235 sps_call_fsdbDumpflush_vd_main at 1452000000 : testbed_dwconv.sv(77)
3236 *Verdi* : Flush all FSDB Files at 1,452,000,000 ps.
3237 sps_call_fsdbDumpflush_vd_main at 1453000000 : testbed_dwconv.sv(77)
3238 *Verdi* : Flush all FSDB Files at 1,453,000,000 ps.
3239 sps_call_fsdbDumpflush_vd_main at 1454000000 : testbed_dwconv.sv(77)
3240 *Verdi* : Flush all FSDB Files at 1,454,000,000 ps.
3241 sps_call_fsdbDumpflush_vd_main at 1455000000 : testbed_dwconv.sv(77)
3242 *Verdi* : Flush all FSDB Files at 1,455,000,000 ps.
3243 sps_call_fsdbDumpflush_vd_main at 1456000000 : testbed_dwconv.sv(77)
3244 *Verdi* : Flush all FSDB Files at 1,456,000,000 ps.
3245 sps_call_fsdbDumpflush_vd_main at 1457000000 : testbed_dwconv.sv(77)
3246 *Verdi* : Flush all FSDB Files at 1,457,000,000 ps.
3247 sps_call_fsdbDumpflush_vd_main at 1458000000 : testbed_dwconv.sv(77)
3248 *Verdi* : Flush all FSDB Files at 1,458,000,000 ps.
3249 sps_call_fsdbDumpflush_vd_main at 1459000000 : testbed_dwconv.sv(77)
3250 *Verdi* : Flush all FSDB Files at 1,459,000,000 ps.
3251 sps_call_fsdbDumpflush_vd_main at 1460000000 : testbed_dwconv.sv(77)
3252 *Verdi* : Flush all FSDB Files at 1,460,000,000 ps.
3253 sps_call_fsdbDumpflush_vd_main at 1461000000 : testbed_dwconv.sv(77)
3254 *Verdi* : Flush all FSDB Files at 1,461,000,000 ps.
3255 sps_call_fsdbDumpflush_vd_main at 1462000000 : testbed_dwconv.sv(77)
3256 *Verdi* : Flush all FSDB Files at 1,462,000,000 ps.
3257 sps_call_fsdbDumpflush_vd_main at 1463000000 : testbed_dwconv.sv(77)
3258 *Verdi* : Flush all FSDB Files at 1,463,000,000 ps.
3259 sps_call_fsdbDumpflush_vd_main at 1464000000 : testbed_dwconv.sv(77)
3260 *Verdi* : Flush all FSDB Files at 1,464,000,000 ps.
3261 sps_call_fsdbDumpflush_vd_main at 1465000000 : testbed_dwconv.sv(77)
3262 *Verdi* : Flush all FSDB Files at 1,465,000,000 ps.
3263 sps_call_fsdbDumpflush_vd_main at 1466000000 : testbed_dwconv.sv(77)
3264 *Verdi* : Flush all FSDB Files at 1,466,000,000 ps.
3265 sps_call_fsdbDumpflush_vd_main at 1467000000 : testbed_dwconv.sv(77)
3266 *Verdi* : Flush all FSDB Files at 1,467,000,000 ps.
3267 sps_call_fsdbDumpflush_vd_main at 1468000000 : testbed_dwconv.sv(77)
3268 *Verdi* : Flush all FSDB Files at 1,468,000,000 ps.
3269 sps_call_fsdbDumpflush_vd_main at 1469000000 : testbed_dwconv.sv(77)
3270 *Verdi* : Flush all FSDB Files at 1,469,000,000 ps.
3271 sps_call_fsdbDumpflush_vd_main at 1470000000 : testbed_dwconv.sv(77)
3272 *Verdi* : Flush all FSDB Files at 1,470,000,000 ps.
3273 sps_call_fsdbDumpflush_vd_main at 1471000000 : testbed_dwconv.sv(77)
3274 *Verdi* : Flush all FSDB Files at 1,471,000,000 ps.
3275 sps_call_fsdbDumpflush_vd_main at 1472000000 : testbed_dwconv.sv(77)
3276 *Verdi* : Flush all FSDB Files at 1,472,000,000 ps.
3277 sps_call_fsdbDumpflush_vd_main at 1473000000 : testbed_dwconv.sv(77)
3278 *Verdi* : Flush all FSDB Files at 1,473,000,000 ps.
3279 sps_call_fsdbDumpflush_vd_main at 1474000000 : testbed_dwconv.sv(77)
3280 *Verdi* : Flush all FSDB Files at 1,474,000,000 ps.
3281 sps_call_fsdbDumpflush_vd_main at 1475000000 : testbed_dwconv.sv(77)
3282 *Verdi* : Flush all FSDB Files at 1,475,000,000 ps.
3283 sps_call_fsdbDumpflush_vd_main at 1476000000 : testbed_dwconv.sv(77)
3284 *Verdi* : Flush all FSDB Files at 1,476,000,000 ps.
3285 sps_call_fsdbDumpflush_vd_main at 1477000000 : testbed_dwconv.sv(77)
3286 *Verdi* : Flush all FSDB Files at 1,477,000,000 ps.
3287 sps_call_fsdbDumpflush_vd_main at 1478000000 : testbed_dwconv.sv(77)
3288 *Verdi* : Flush all FSDB Files at 1,478,000,000 ps.
3289 sps_call_fsdbDumpflush_vd_main at 1479000000 : testbed_dwconv.sv(77)
3290 *Verdi* : Flush all FSDB Files at 1,479,000,000 ps.
3291 sps_call_fsdbDumpflush_vd_main at 1480000000 : testbed_dwconv.sv(77)
3292 *Verdi* : Flush all FSDB Files at 1,480,000,000 ps.
3293 sps_call_fsdbDumpflush_vd_main at 1481000000 : testbed_dwconv.sv(77)
3294 *Verdi* : Flush all FSDB Files at 1,481,000,000 ps.
3295 sps_call_fsdbDumpflush_vd_main at 1482000000 : testbed_dwconv.sv(77)
3296 *Verdi* : Flush all FSDB Files at 1,482,000,000 ps.
3297 sps_call_fsdbDumpflush_vd_main at 1483000000 : testbed_dwconv.sv(77)
3298 *Verdi* : Flush all FSDB Files at 1,483,000,000 ps.
3299 sps_call_fsdbDumpflush_vd_main at 1484000000 : testbed_dwconv.sv(77)
3300 *Verdi* : Flush all FSDB Files at 1,484,000,000 ps.
3301 sps_call_fsdbDumpflush_vd_main at 1485000000 : testbed_dwconv.sv(77)
3302 *Verdi* : Flush all FSDB Files at 1,485,000,000 ps.
3303 sps_call_fsdbDumpflush_vd_main at 1486000000 : testbed_dwconv.sv(77)
3304 *Verdi* : Flush all FSDB Files at 1,486,000,000 ps.
3305 sps_call_fsdbDumpflush_vd_main at 1487000000 : testbed_dwconv.sv(77)
3306 *Verdi* : Flush all FSDB Files at 1,487,000,000 ps.
3307 sps_call_fsdbDumpflush_vd_main at 1488000000 : testbed_dwconv.sv(77)
3308 *Verdi* : Flush all FSDB Files at 1,488,000,000 ps.
3309 sps_call_fsdbDumpflush_vd_main at 1489000000 : testbed_dwconv.sv(77)
3310 *Verdi* : Flush all FSDB Files at 1,489,000,000 ps.
3311 sps_call_fsdbDumpflush_vd_main at 1490000000 : testbed_dwconv.sv(77)
3312 *Verdi* : Flush all FSDB Files at 1,490,000,000 ps.
3313 sps_call_fsdbDumpflush_vd_main at 1491000000 : testbed_dwconv.sv(77)
3314 *Verdi* : Flush all FSDB Files at 1,491,000,000 ps.
3315 sps_call_fsdbDumpflush_vd_main at 1492000000 : testbed_dwconv.sv(77)
3316 *Verdi* : Flush all FSDB Files at 1,492,000,000 ps.
3317 sps_call_fsdbDumpflush_vd_main at 1493000000 : testbed_dwconv.sv(77)
3318 *Verdi* : Flush all FSDB Files at 1,493,000,000 ps.
3319 sps_call_fsdbDumpflush_vd_main at 1494000000 : testbed_dwconv.sv(77)
3320 *Verdi* : Flush all FSDB Files at 1,494,000,000 ps.
3321 sps_call_fsdbDumpflush_vd_main at 1495000000 : testbed_dwconv.sv(77)
3322 *Verdi* : Flush all FSDB Files at 1,495,000,000 ps.
3323 sps_call_fsdbDumpflush_vd_main at 1496000000 : testbed_dwconv.sv(77)
3324 *Verdi* : Flush all FSDB Files at 1,496,000,000 ps.
3325 sps_call_fsdbDumpflush_vd_main at 1497000000 : testbed_dwconv.sv(77)
3326 *Verdi* : Flush all FSDB Files at 1,497,000,000 ps.
3327 sps_call_fsdbDumpflush_vd_main at 1498000000 : testbed_dwconv.sv(77)
3328 *Verdi* : Flush all FSDB Files at 1,498,000,000 ps.
3329 sps_call_fsdbDumpflush_vd_main at 1499000000 : testbed_dwconv.sv(77)
3330 *Verdi* : Flush all FSDB Files at 1,499,000,000 ps.
3331 sps_call_fsdbDumpflush_vd_main at 1500000000 : testbed_dwconv.sv(77)
3332 *Verdi* : Flush all FSDB Files at 1,500,000,000 ps.
3333 sps_call_fsdbDumpflush_vd_main at 1501000000 : testbed_dwconv.sv(77)
3334 *Verdi* : Flush all FSDB Files at 1,501,000,000 ps.
3335 sps_call_fsdbDumpflush_vd_main at 1502000000 : testbed_dwconv.sv(77)
3336 *Verdi* : Flush all FSDB Files at 1,502,000,000 ps.
3337 sps_call_fsdbDumpflush_vd_main at 1503000000 : testbed_dwconv.sv(77)
3338 *Verdi* : Flush all FSDB Files at 1,503,000,000 ps.
3339 sps_call_fsdbDumpflush_vd_main at 1504000000 : testbed_dwconv.sv(77)
3340 *Verdi* : Flush all FSDB Files at 1,504,000,000 ps.
3341 sps_call_fsdbDumpflush_vd_main at 1505000000 : testbed_dwconv.sv(77)
3342 *Verdi* : Flush all FSDB Files at 1,505,000,000 ps.
3343 sps_call_fsdbDumpflush_vd_main at 1506000000 : testbed_dwconv.sv(77)
3344 *Verdi* : Flush all FSDB Files at 1,506,000,000 ps.
3345 sps_call_fsdbDumpflush_vd_main at 1507000000 : testbed_dwconv.sv(77)
3346 *Verdi* : Flush all FSDB Files at 1,507,000,000 ps.
3347 sps_call_fsdbDumpflush_vd_main at 1508000000 : testbed_dwconv.sv(77)
3348 *Verdi* : Flush all FSDB Files at 1,508,000,000 ps.
3349 sps_call_fsdbDumpflush_vd_main at 1509000000 : testbed_dwconv.sv(77)
3350 *Verdi* : Flush all FSDB Files at 1,509,000,000 ps.
3351 sps_call_fsdbDumpflush_vd_main at 1510000000 : testbed_dwconv.sv(77)
3352 *Verdi* : Flush all FSDB Files at 1,510,000,000 ps.
3353 sps_call_fsdbDumpflush_vd_main at 1511000000 : testbed_dwconv.sv(77)
3354 *Verdi* : Flush all FSDB Files at 1,511,000,000 ps.
3355 sps_call_fsdbDumpflush_vd_main at 1512000000 : testbed_dwconv.sv(77)
3356 *Verdi* : Flush all FSDB Files at 1,512,000,000 ps.
3357 sps_call_fsdbDumpflush_vd_main at 1513000000 : testbed_dwconv.sv(77)
3358 *Verdi* : Flush all FSDB Files at 1,513,000,000 ps.
3359 sps_call_fsdbDumpflush_vd_main at 1514000000 : testbed_dwconv.sv(77)
3360 *Verdi* : Flush all FSDB Files at 1,514,000,000 ps.
3361 sps_call_fsdbDumpflush_vd_main at 1515000000 : testbed_dwconv.sv(77)
3362 *Verdi* : Flush all FSDB Files at 1,515,000,000 ps.
3363 sps_call_fsdbDumpflush_vd_main at 1516000000 : testbed_dwconv.sv(77)
3364 *Verdi* : Flush all FSDB Files at 1,516,000,000 ps.
3365 sps_call_fsdbDumpflush_vd_main at 1517000000 : testbed_dwconv.sv(77)
3366 *Verdi* : Flush all FSDB Files at 1,517,000,000 ps.
3367 sps_call_fsdbDumpflush_vd_main at 1518000000 : testbed_dwconv.sv(77)
3368 *Verdi* : Flush all FSDB Files at 1,518,000,000 ps.
3369 sps_call_fsdbDumpflush_vd_main at 1519000000 : testbed_dwconv.sv(77)
3370 *Verdi* : Flush all FSDB Files at 1,519,000,000 ps.
3371 sps_call_fsdbDumpflush_vd_main at 1520000000 : testbed_dwconv.sv(77)
3372 *Verdi* : Flush all FSDB Files at 1,520,000,000 ps.
3373 sps_call_fsdbDumpflush_vd_main at 1521000000 : testbed_dwconv.sv(77)
3374 *Verdi* : Flush all FSDB Files at 1,521,000,000 ps.
3375 sps_call_fsdbDumpflush_vd_main at 1522000000 : testbed_dwconv.sv(77)
3376 *Verdi* : Flush all FSDB Files at 1,522,000,000 ps.
3377 sps_call_fsdbDumpflush_vd_main at 1523000000 : testbed_dwconv.sv(77)
3378 *Verdi* : Flush all FSDB Files at 1,523,000,000 ps.
3379 sps_call_fsdbDumpflush_vd_main at 1524000000 : testbed_dwconv.sv(77)
3380 *Verdi* : Flush all FSDB Files at 1,524,000,000 ps.
3381 sps_call_fsdbDumpflush_vd_main at 1525000000 : testbed_dwconv.sv(77)
3382 *Verdi* : Flush all FSDB Files at 1,525,000,000 ps.
3383 sps_call_fsdbDumpflush_vd_main at 1526000000 : testbed_dwconv.sv(77)
3384 *Verdi* : Flush all FSDB Files at 1,526,000,000 ps.
3385 sps_call_fsdbDumpflush_vd_main at 1527000000 : testbed_dwconv.sv(77)
3386 *Verdi* : Flush all FSDB Files at 1,527,000,000 ps.
3387 sps_call_fsdbDumpflush_vd_main at 1528000000 : testbed_dwconv.sv(77)
3388 *Verdi* : Flush all FSDB Files at 1,528,000,000 ps.
3389 sps_call_fsdbDumpflush_vd_main at 1529000000 : testbed_dwconv.sv(77)
3390 *Verdi* : Flush all FSDB Files at 1,529,000,000 ps.
3391 sps_call_fsdbDumpflush_vd_main at 1530000000 : testbed_dwconv.sv(77)
3392 *Verdi* : Flush all FSDB Files at 1,530,000,000 ps.
3393 sps_call_fsdbDumpflush_vd_main at 1531000000 : testbed_dwconv.sv(77)
3394 *Verdi* : Flush all FSDB Files at 1,531,000,000 ps.
3395 sps_call_fsdbDumpflush_vd_main at 1532000000 : testbed_dwconv.sv(77)
3396 *Verdi* : Flush all FSDB Files at 1,532,000,000 ps.
3397 sps_call_fsdbDumpflush_vd_main at 1533000000 : testbed_dwconv.sv(77)
3398 *Verdi* : Flush all FSDB Files at 1,533,000,000 ps.
3399 sps_call_fsdbDumpflush_vd_main at 1534000000 : testbed_dwconv.sv(77)
3400 *Verdi* : Flush all FSDB Files at 1,534,000,000 ps.
3401 sps_call_fsdbDumpflush_vd_main at 1535000000 : testbed_dwconv.sv(77)
3402 *Verdi* : Flush all FSDB Files at 1,535,000,000 ps.
3403 sps_call_fsdbDumpflush_vd_main at 1536000000 : testbed_dwconv.sv(77)
3404 *Verdi* : Flush all FSDB Files at 1,536,000,000 ps.
3405 sps_call_fsdbDumpflush_vd_main at 1537000000 : testbed_dwconv.sv(77)
3406 *Verdi* : Flush all FSDB Files at 1,537,000,000 ps.
3407 sps_call_fsdbDumpflush_vd_main at 1538000000 : testbed_dwconv.sv(77)
3408 *Verdi* : Flush all FSDB Files at 1,538,000,000 ps.
3409 sps_call_fsdbDumpflush_vd_main at 1539000000 : testbed_dwconv.sv(77)
3410 *Verdi* : Flush all FSDB Files at 1,539,000,000 ps.
3411 sps_call_fsdbDumpflush_vd_main at 1540000000 : testbed_dwconv.sv(77)
3412 *Verdi* : Flush all FSDB Files at 1,540,000,000 ps.
3413 sps_call_fsdbDumpflush_vd_main at 1541000000 : testbed_dwconv.sv(77)
3414 *Verdi* : Flush all FSDB Files at 1,541,000,000 ps.
3415 sps_call_fsdbDumpflush_vd_main at 1542000000 : testbed_dwconv.sv(77)
3416 *Verdi* : Flush all FSDB Files at 1,542,000,000 ps.
3417 sps_call_fsdbDumpflush_vd_main at 1543000000 : testbed_dwconv.sv(77)
3418 *Verdi* : Flush all FSDB Files at 1,543,000,000 ps.
3419 sps_call_fsdbDumpflush_vd_main at 1544000000 : testbed_dwconv.sv(77)
3420 *Verdi* : Flush all FSDB Files at 1,544,000,000 ps.
3421 sps_call_fsdbDumpflush_vd_main at 1545000000 : testbed_dwconv.sv(77)
3422 *Verdi* : Flush all FSDB Files at 1,545,000,000 ps.
3423 sps_call_fsdbDumpflush_vd_main at 1546000000 : testbed_dwconv.sv(77)
3424 *Verdi* : Flush all FSDB Files at 1,546,000,000 ps.
3425 sps_call_fsdbDumpflush_vd_main at 1547000000 : testbed_dwconv.sv(77)
3426 *Verdi* : Flush all FSDB Files at 1,547,000,000 ps.
3427 sps_call_fsdbDumpflush_vd_main at 1548000000 : testbed_dwconv.sv(77)
3428 *Verdi* : Flush all FSDB Files at 1,548,000,000 ps.
3429 sps_call_fsdbDumpflush_vd_main at 1549000000 : testbed_dwconv.sv(77)
3430 *Verdi* : Flush all FSDB Files at 1,549,000,000 ps.
3431 sps_call_fsdbDumpflush_vd_main at 1550000000 : testbed_dwconv.sv(77)
3432 *Verdi* : Flush all FSDB Files at 1,550,000,000 ps.
3433 sps_call_fsdbDumpflush_vd_main at 1551000000 : testbed_dwconv.sv(77)
3434 *Verdi* : Flush all FSDB Files at 1,551,000,000 ps.
3435 sps_call_fsdbDumpflush_vd_main at 1552000000 : testbed_dwconv.sv(77)
3436 *Verdi* : Flush all FSDB Files at 1,552,000,000 ps.
3437 sps_call_fsdbDumpflush_vd_main at 1553000000 : testbed_dwconv.sv(77)
3438 *Verdi* : Flush all FSDB Files at 1,553,000,000 ps.
3439 sps_call_fsdbDumpflush_vd_main at 1554000000 : testbed_dwconv.sv(77)
3440 *Verdi* : Flush all FSDB Files at 1,554,000,000 ps.
3441 sps_call_fsdbDumpflush_vd_main at 1555000000 : testbed_dwconv.sv(77)
3442 *Verdi* : Flush all FSDB Files at 1,555,000,000 ps.
3443 sps_call_fsdbDumpflush_vd_main at 1556000000 : testbed_dwconv.sv(77)
3444 *Verdi* : Flush all FSDB Files at 1,556,000,000 ps.
3445 sps_call_fsdbDumpflush_vd_main at 1557000000 : testbed_dwconv.sv(77)
3446 *Verdi* : Flush all FSDB Files at 1,557,000,000 ps.
3447 sps_call_fsdbDumpflush_vd_main at 1558000000 : testbed_dwconv.sv(77)
3448 *Verdi* : Flush all FSDB Files at 1,558,000,000 ps.
3449 sps_call_fsdbDumpflush_vd_main at 1559000000 : testbed_dwconv.sv(77)
3450 *Verdi* : Flush all FSDB Files at 1,559,000,000 ps.
3451 sps_call_fsdbDumpflush_vd_main at 1560000000 : testbed_dwconv.sv(77)
3452 *Verdi* : Flush all FSDB Files at 1,560,000,000 ps.
3453 sps_call_fsdbDumpflush_vd_main at 1561000000 : testbed_dwconv.sv(77)
3454 *Verdi* : Flush all FSDB Files at 1,561,000,000 ps.
3455 sps_call_fsdbDumpflush_vd_main at 1562000000 : testbed_dwconv.sv(77)
3456 *Verdi* : Flush all FSDB Files at 1,562,000,000 ps.
3457 sps_call_fsdbDumpflush_vd_main at 1563000000 : testbed_dwconv.sv(77)
3458 *Verdi* : Flush all FSDB Files at 1,563,000,000 ps.
3459 sps_call_fsdbDumpflush_vd_main at 1564000000 : testbed_dwconv.sv(77)
3460 *Verdi* : Flush all FSDB Files at 1,564,000,000 ps.
3461 sps_call_fsdbDumpflush_vd_main at 1565000000 : testbed_dwconv.sv(77)
3462 *Verdi* : Flush all FSDB Files at 1,565,000,000 ps.
3463 sps_call_fsdbDumpflush_vd_main at 1566000000 : testbed_dwconv.sv(77)
3464 *Verdi* : Flush all FSDB Files at 1,566,000,000 ps.
3465 sps_call_fsdbDumpflush_vd_main at 1567000000 : testbed_dwconv.sv(77)
3466 *Verdi* : Flush all FSDB Files at 1,567,000,000 ps.
3467 sps_call_fsdbDumpflush_vd_main at 1568000000 : testbed_dwconv.sv(77)
3468 *Verdi* : Flush all FSDB Files at 1,568,000,000 ps.
3469 sps_call_fsdbDumpflush_vd_main at 1569000000 : testbed_dwconv.sv(77)
3470 *Verdi* : Flush all FSDB Files at 1,569,000,000 ps.
3471 sps_call_fsdbDumpflush_vd_main at 1570000000 : testbed_dwconv.sv(77)
3472 *Verdi* : Flush all FSDB Files at 1,570,000,000 ps.
3473 sps_call_fsdbDumpflush_vd_main at 1571000000 : testbed_dwconv.sv(77)
3474 *Verdi* : Flush all FSDB Files at 1,571,000,000 ps.
3475 sps_call_fsdbDumpflush_vd_main at 1572000000 : testbed_dwconv.sv(77)
3476 *Verdi* : Flush all FSDB Files at 1,572,000,000 ps.
3477 sps_call_fsdbDumpflush_vd_main at 1573000000 : testbed_dwconv.sv(77)
3478 *Verdi* : Flush all FSDB Files at 1,573,000,000 ps.
3479 sps_call_fsdbDumpflush_vd_main at 1574000000 : testbed_dwconv.sv(77)
3480 *Verdi* : Flush all FSDB Files at 1,574,000,000 ps.
3481 sps_call_fsdbDumpflush_vd_main at 1575000000 : testbed_dwconv.sv(77)
3482 *Verdi* : Flush all FSDB Files at 1,575,000,000 ps.
3483 sps_call_fsdbDumpflush_vd_main at 1576000000 : testbed_dwconv.sv(77)
3484 *Verdi* : Flush all FSDB Files at 1,576,000,000 ps.
3485 sps_call_fsdbDumpflush_vd_main at 1577000000 : testbed_dwconv.sv(77)
3486 *Verdi* : Flush all FSDB Files at 1,577,000,000 ps.
3487 sps_call_fsdbDumpflush_vd_main at 1578000000 : testbed_dwconv.sv(77)
3488 *Verdi* : Flush all FSDB Files at 1,578,000,000 ps.
3489 sps_call_fsdbDumpflush_vd_main at 1579000000 : testbed_dwconv.sv(77)
3490 *Verdi* : Flush all FSDB Files at 1,579,000,000 ps.
3491 sps_call_fsdbDumpflush_vd_main at 1580000000 : testbed_dwconv.sv(77)
3492 *Verdi* : Flush all FSDB Files at 1,580,000,000 ps.
3493 sps_call_fsdbDumpflush_vd_main at 1581000000 : testbed_dwconv.sv(77)
3494 *Verdi* : Flush all FSDB Files at 1,581,000,000 ps.
3495 sps_call_fsdbDumpflush_vd_main at 1582000000 : testbed_dwconv.sv(77)
3496 *Verdi* : Flush all FSDB Files at 1,582,000,000 ps.
3497 sps_call_fsdbDumpflush_vd_main at 1583000000 : testbed_dwconv.sv(77)
3498 *Verdi* : Flush all FSDB Files at 1,583,000,000 ps.
3499 sps_call_fsdbDumpflush_vd_main at 1584000000 : testbed_dwconv.sv(77)
3500 *Verdi* : Flush all FSDB Files at 1,584,000,000 ps.
3501 sps_call_fsdbDumpflush_vd_main at 1585000000 : testbed_dwconv.sv(77)
3502 *Verdi* : Flush all FSDB Files at 1,585,000,000 ps.
3503 sps_call_fsdbDumpflush_vd_main at 1586000000 : testbed_dwconv.sv(77)
3504 *Verdi* : Flush all FSDB Files at 1,586,000,000 ps.
3505 sps_call_fsdbDumpflush_vd_main at 1587000000 : testbed_dwconv.sv(77)
3506 *Verdi* : Flush all FSDB Files at 1,587,000,000 ps.
3507 sps_call_fsdbDumpflush_vd_main at 1588000000 : testbed_dwconv.sv(77)
3508 *Verdi* : Flush all FSDB Files at 1,588,000,000 ps.
3509 sps_call_fsdbDumpflush_vd_main at 1589000000 : testbed_dwconv.sv(77)
3510 *Verdi* : Flush all FSDB Files at 1,589,000,000 ps.
3511 sps_call_fsdbDumpflush_vd_main at 1590000000 : testbed_dwconv.sv(77)
3512 *Verdi* : Flush all FSDB Files at 1,590,000,000 ps.
3513 sps_call_fsdbDumpflush_vd_main at 1591000000 : testbed_dwconv.sv(77)
3514 *Verdi* : Flush all FSDB Files at 1,591,000,000 ps.
3515 sps_call_fsdbDumpflush_vd_main at 1592000000 : testbed_dwconv.sv(77)
3516 *Verdi* : Flush all FSDB Files at 1,592,000,000 ps.
3517 sps_call_fsdbDumpflush_vd_main at 1593000000 : testbed_dwconv.sv(77)
3518 *Verdi* : Flush all FSDB Files at 1,593,000,000 ps.
3519 sps_call_fsdbDumpflush_vd_main at 1594000000 : testbed_dwconv.sv(77)
3520 *Verdi* : Flush all FSDB Files at 1,594,000,000 ps.
3521 sps_call_fsdbDumpflush_vd_main at 1595000000 : testbed_dwconv.sv(77)
3522 *Verdi* : Flush all FSDB Files at 1,595,000,000 ps.
3523 sps_call_fsdbDumpflush_vd_main at 1596000000 : testbed_dwconv.sv(77)
3524 *Verdi* : Flush all FSDB Files at 1,596,000,000 ps.
3525 sps_call_fsdbDumpflush_vd_main at 1597000000 : testbed_dwconv.sv(77)
3526 *Verdi* : Flush all FSDB Files at 1,597,000,000 ps.
3527 sps_call_fsdbDumpflush_vd_main at 1598000000 : testbed_dwconv.sv(77)
3528 *Verdi* : Flush all FSDB Files at 1,598,000,000 ps.
3529 sps_call_fsdbDumpflush_vd_main at 1599000000 : testbed_dwconv.sv(77)
3530 *Verdi* : Flush all FSDB Files at 1,599,000,000 ps.
3531 sps_call_fsdbDumpflush_vd_main at 1600000000 : testbed_dwconv.sv(77)
3532 *Verdi* : Flush all FSDB Files at 1,600,000,000 ps.
3533 sps_call_fsdbDumpflush_vd_main at 1601000000 : testbed_dwconv.sv(77)
3534 *Verdi* : Flush all FSDB Files at 1,601,000,000 ps.
3535 sps_call_fsdbDumpflush_vd_main at 1602000000 : testbed_dwconv.sv(77)
3536 *Verdi* : Flush all FSDB Files at 1,602,000,000 ps.
3537 sps_call_fsdbDumpflush_vd_main at 1603000000 : testbed_dwconv.sv(77)
3538 *Verdi* : Flush all FSDB Files at 1,603,000,000 ps.
3539 sps_call_fsdbDumpflush_vd_main at 1604000000 : testbed_dwconv.sv(77)
3540 *Verdi* : Flush all FSDB Files at 1,604,000,000 ps.
3541 sps_call_fsdbDumpflush_vd_main at 1605000000 : testbed_dwconv.sv(77)
3542 *Verdi* : Flush all FSDB Files at 1,605,000,000 ps.
3543 sps_call_fsdbDumpflush_vd_main at 1606000000 : testbed_dwconv.sv(77)
3544 *Verdi* : Flush all FSDB Files at 1,606,000,000 ps.
3545 sps_call_fsdbDumpflush_vd_main at 1607000000 : testbed_dwconv.sv(77)
3546 *Verdi* : Flush all FSDB Files at 1,607,000,000 ps.
3547 sps_call_fsdbDumpflush_vd_main at 1608000000 : testbed_dwconv.sv(77)
3548 *Verdi* : Flush all FSDB Files at 1,608,000,000 ps.
3549 sps_call_fsdbDumpflush_vd_main at 1609000000 : testbed_dwconv.sv(77)
3550 *Verdi* : Flush all FSDB Files at 1,609,000,000 ps.
3551 sps_call_fsdbDumpflush_vd_main at 1610000000 : testbed_dwconv.sv(77)
3552 *Verdi* : Flush all FSDB Files at 1,610,000,000 ps.
3553 sps_call_fsdbDumpflush_vd_main at 1611000000 : testbed_dwconv.sv(77)
3554 *Verdi* : Flush all FSDB Files at 1,611,000,000 ps.
3555 sps_call_fsdbDumpflush_vd_main at 1612000000 : testbed_dwconv.sv(77)
3556 *Verdi* : Flush all FSDB Files at 1,612,000,000 ps.
3557 sps_call_fsdbDumpflush_vd_main at 1613000000 : testbed_dwconv.sv(77)
3558 *Verdi* : Flush all FSDB Files at 1,613,000,000 ps.
3559 sps_call_fsdbDumpflush_vd_main at 1614000000 : testbed_dwconv.sv(77)
3560 *Verdi* : Flush all FSDB Files at 1,614,000,000 ps.
3561 sps_call_fsdbDumpflush_vd_main at 1615000000 : testbed_dwconv.sv(77)
3562 *Verdi* : Flush all FSDB Files at 1,615,000,000 ps.
3563 sps_call_fsdbDumpflush_vd_main at 1616000000 : testbed_dwconv.sv(77)
3564 *Verdi* : Flush all FSDB Files at 1,616,000,000 ps.
3565 sps_call_fsdbDumpflush_vd_main at 1617000000 : testbed_dwconv.sv(77)
3566 *Verdi* : Flush all FSDB Files at 1,617,000,000 ps.
3567 sps_call_fsdbDumpflush_vd_main at 1618000000 : testbed_dwconv.sv(77)
3568 *Verdi* : Flush all FSDB Files at 1,618,000,000 ps.
3569 sps_call_fsdbDumpflush_vd_main at 1619000000 : testbed_dwconv.sv(77)
3570 *Verdi* : Flush all FSDB Files at 1,619,000,000 ps.
3571 sps_call_fsdbDumpflush_vd_main at 1620000000 : testbed_dwconv.sv(77)
3572 *Verdi* : Flush all FSDB Files at 1,620,000,000 ps.
3573 sps_call_fsdbDumpflush_vd_main at 1621000000 : testbed_dwconv.sv(77)
3574 *Verdi* : Flush all FSDB Files at 1,621,000,000 ps.
3575 sps_call_fsdbDumpflush_vd_main at 1622000000 : testbed_dwconv.sv(77)
3576 *Verdi* : Flush all FSDB Files at 1,622,000,000 ps.
3577 sps_call_fsdbDumpflush_vd_main at 1623000000 : testbed_dwconv.sv(77)
3578 *Verdi* : Flush all FSDB Files at 1,623,000,000 ps.
3579 sps_call_fsdbDumpflush_vd_main at 1624000000 : testbed_dwconv.sv(77)
3580 *Verdi* : Flush all FSDB Files at 1,624,000,000 ps.
3581 sps_call_fsdbDumpflush_vd_main at 1625000000 : testbed_dwconv.sv(77)
3582 *Verdi* : Flush all FSDB Files at 1,625,000,000 ps.
3583 sps_call_fsdbDumpflush_vd_main at 1626000000 : testbed_dwconv.sv(77)
3584 *Verdi* : Flush all FSDB Files at 1,626,000,000 ps.
3585 sps_call_fsdbDumpflush_vd_main at 1627000000 : testbed_dwconv.sv(77)
3586 *Verdi* : Flush all FSDB Files at 1,627,000,000 ps.
3587 sps_call_fsdbDumpflush_vd_main at 1628000000 : testbed_dwconv.sv(77)
3588 *Verdi* : Flush all FSDB Files at 1,628,000,000 ps.
3589 sps_call_fsdbDumpflush_vd_main at 1629000000 : testbed_dwconv.sv(77)
3590 *Verdi* : Flush all FSDB Files at 1,629,000,000 ps.
3591 sps_call_fsdbDumpflush_vd_main at 1630000000 : testbed_dwconv.sv(77)
3592 *Verdi* : Flush all FSDB Files at 1,630,000,000 ps.
3593 sps_call_fsdbDumpflush_vd_main at 1631000000 : testbed_dwconv.sv(77)
3594 *Verdi* : Flush all FSDB Files at 1,631,000,000 ps.
3595 sps_call_fsdbDumpflush_vd_main at 1632000000 : testbed_dwconv.sv(77)
3596 *Verdi* : Flush all FSDB Files at 1,632,000,000 ps.
3597 sps_call_fsdbDumpflush_vd_main at 1633000000 : testbed_dwconv.sv(77)
3598 *Verdi* : Flush all FSDB Files at 1,633,000,000 ps.
3599 sps_call_fsdbDumpflush_vd_main at 1634000000 : testbed_dwconv.sv(77)
3600 *Verdi* : Flush all FSDB Files at 1,634,000,000 ps.
3601 sps_call_fsdbDumpflush_vd_main at 1635000000 : testbed_dwconv.sv(77)
3602 *Verdi* : Flush all FSDB Files at 1,635,000,000 ps.
3603 sps_call_fsdbDumpflush_vd_main at 1636000000 : testbed_dwconv.sv(77)
3604 *Verdi* : Flush all FSDB Files at 1,636,000,000 ps.
3605 sps_call_fsdbDumpflush_vd_main at 1637000000 : testbed_dwconv.sv(77)
3606 *Verdi* : Flush all FSDB Files at 1,637,000,000 ps.
3607 sps_call_fsdbDumpflush_vd_main at 1638000000 : testbed_dwconv.sv(77)
3608 *Verdi* : Flush all FSDB Files at 1,638,000,000 ps.
3609 sps_call_fsdbDumpflush_vd_main at 1639000000 : testbed_dwconv.sv(77)
3610 *Verdi* : Flush all FSDB Files at 1,639,000,000 ps.
3611 sps_call_fsdbDumpflush_vd_main at 1640000000 : testbed_dwconv.sv(77)
3612 *Verdi* : Flush all FSDB Files at 1,640,000,000 ps.
3613 sps_call_fsdbDumpflush_vd_main at 1641000000 : testbed_dwconv.sv(77)
3614 *Verdi* : Flush all FSDB Files at 1,641,000,000 ps.
3615 sps_call_fsdbDumpflush_vd_main at 1642000000 : testbed_dwconv.sv(77)
3616 *Verdi* : Flush all FSDB Files at 1,642,000,000 ps.
3617 sps_call_fsdbDumpflush_vd_main at 1643000000 : testbed_dwconv.sv(77)
3618 *Verdi* : Flush all FSDB Files at 1,643,000,000 ps.
3619 sps_call_fsdbDumpflush_vd_main at 1644000000 : testbed_dwconv.sv(77)
3620 *Verdi* : Flush all FSDB Files at 1,644,000,000 ps.
3621 sps_call_fsdbDumpflush_vd_main at 1645000000 : testbed_dwconv.sv(77)
3622 *Verdi* : Flush all FSDB Files at 1,645,000,000 ps.
3623 sps_call_fsdbDumpflush_vd_main at 1646000000 : testbed_dwconv.sv(77)
3624 *Verdi* : Flush all FSDB Files at 1,646,000,000 ps.
3625 sps_call_fsdbDumpflush_vd_main at 1647000000 : testbed_dwconv.sv(77)
3626 *Verdi* : Flush all FSDB Files at 1,647,000,000 ps.
3627 sps_call_fsdbDumpflush_vd_main at 1648000000 : testbed_dwconv.sv(77)
3628 *Verdi* : Flush all FSDB Files at 1,648,000,000 ps.
3629 sps_call_fsdbDumpflush_vd_main at 1649000000 : testbed_dwconv.sv(77)
3630 *Verdi* : Flush all FSDB Files at 1,649,000,000 ps.
3631 sps_call_fsdbDumpflush_vd_main at 1650000000 : testbed_dwconv.sv(77)
3632 *Verdi* : Flush all FSDB Files at 1,650,000,000 ps.
3633 sps_call_fsdbDumpflush_vd_main at 1651000000 : testbed_dwconv.sv(77)
3634 *Verdi* : Flush all FSDB Files at 1,651,000,000 ps.
3635 sps_call_fsdbDumpflush_vd_main at 1652000000 : testbed_dwconv.sv(77)
3636 *Verdi* : Flush all FSDB Files at 1,652,000,000 ps.
3637 sps_call_fsdbDumpflush_vd_main at 1653000000 : testbed_dwconv.sv(77)
3638 *Verdi* : Flush all FSDB Files at 1,653,000,000 ps.
3639 sps_call_fsdbDumpflush_vd_main at 1654000000 : testbed_dwconv.sv(77)
3640 *Verdi* : Flush all FSDB Files at 1,654,000,000 ps.
3641 sps_call_fsdbDumpflush_vd_main at 1655000000 : testbed_dwconv.sv(77)
3642 *Verdi* : Flush all FSDB Files at 1,655,000,000 ps.
3643 sps_call_fsdbDumpflush_vd_main at 1656000000 : testbed_dwconv.sv(77)
3644 *Verdi* : Flush all FSDB Files at 1,656,000,000 ps.
3645 sps_call_fsdbDumpflush_vd_main at 1657000000 : testbed_dwconv.sv(77)
3646 *Verdi* : Flush all FSDB Files at 1,657,000,000 ps.
3647 sps_call_fsdbDumpflush_vd_main at 1658000000 : testbed_dwconv.sv(77)
3648 *Verdi* : Flush all FSDB Files at 1,658,000,000 ps.
3649 sps_call_fsdbDumpflush_vd_main at 1659000000 : testbed_dwconv.sv(77)
3650 *Verdi* : Flush all FSDB Files at 1,659,000,000 ps.
3651 sps_call_fsdbDumpflush_vd_main at 1660000000 : testbed_dwconv.sv(77)
3652 *Verdi* : Flush all FSDB Files at 1,660,000,000 ps.
3653 sps_call_fsdbDumpflush_vd_main at 1661000000 : testbed_dwconv.sv(77)
3654 *Verdi* : Flush all FSDB Files at 1,661,000,000 ps.
3655 sps_call_fsdbDumpflush_vd_main at 1662000000 : testbed_dwconv.sv(77)
3656 *Verdi* : Flush all FSDB Files at 1,662,000,000 ps.
3657 sps_call_fsdbDumpflush_vd_main at 1663000000 : testbed_dwconv.sv(77)
3658 *Verdi* : Flush all FSDB Files at 1,663,000,000 ps.
3659 sps_call_fsdbDumpflush_vd_main at 1664000000 : testbed_dwconv.sv(77)
3660 *Verdi* : Flush all FSDB Files at 1,664,000,000 ps.
3661 sps_call_fsdbDumpflush_vd_main at 1665000000 : testbed_dwconv.sv(77)
3662 *Verdi* : Flush all FSDB Files at 1,665,000,000 ps.
3663 sps_call_fsdbDumpflush_vd_main at 1666000000 : testbed_dwconv.sv(77)
3664 *Verdi* : Flush all FSDB Files at 1,666,000,000 ps.
3665 sps_call_fsdbDumpflush_vd_main at 1667000000 : testbed_dwconv.sv(77)
3666 *Verdi* : Flush all FSDB Files at 1,667,000,000 ps.
3667 sps_call_fsdbDumpflush_vd_main at 1668000000 : testbed_dwconv.sv(77)
3668 *Verdi* : Flush all FSDB Files at 1,668,000,000 ps.
3669 sps_call_fsdbDumpflush_vd_main at 1669000000 : testbed_dwconv.sv(77)
3670 *Verdi* : Flush all FSDB Files at 1,669,000,000 ps.
3671 sps_call_fsdbDumpflush_vd_main at 1670000000 : testbed_dwconv.sv(77)
3672 *Verdi* : Flush all FSDB Files at 1,670,000,000 ps.
3673 sps_call_fsdbDumpflush_vd_main at 1671000000 : testbed_dwconv.sv(77)
3674 *Verdi* : Flush all FSDB Files at 1,671,000,000 ps.
3675 sps_call_fsdbDumpflush_vd_main at 1672000000 : testbed_dwconv.sv(77)
3676 *Verdi* : Flush all FSDB Files at 1,672,000,000 ps.
3677 sps_call_fsdbDumpflush_vd_main at 1673000000 : testbed_dwconv.sv(77)
3678 *Verdi* : Flush all FSDB Files at 1,673,000,000 ps.
3679 sps_call_fsdbDumpflush_vd_main at 1674000000 : testbed_dwconv.sv(77)
3680 *Verdi* : Flush all FSDB Files at 1,674,000,000 ps.
3681 sps_call_fsdbDumpflush_vd_main at 1675000000 : testbed_dwconv.sv(77)
3682 *Verdi* : Flush all FSDB Files at 1,675,000,000 ps.
3683 sps_call_fsdbDumpflush_vd_main at 1676000000 : testbed_dwconv.sv(77)
3684 *Verdi* : Flush all FSDB Files at 1,676,000,000 ps.
3685 sps_call_fsdbDumpflush_vd_main at 1677000000 : testbed_dwconv.sv(77)
3686 *Verdi* : Flush all FSDB Files at 1,677,000,000 ps.
3687 sps_call_fsdbDumpflush_vd_main at 1678000000 : testbed_dwconv.sv(77)
3688 *Verdi* : Flush all FSDB Files at 1,678,000,000 ps.
3689 sps_call_fsdbDumpflush_vd_main at 1679000000 : testbed_dwconv.sv(77)
3690 *Verdi* : Flush all FSDB Files at 1,679,000,000 ps.
3691 sps_call_fsdbDumpflush_vd_main at 1680000000 : testbed_dwconv.sv(77)
3692 *Verdi* : Flush all FSDB Files at 1,680,000,000 ps.
3693 sps_call_fsdbDumpflush_vd_main at 1681000000 : testbed_dwconv.sv(77)
3694 *Verdi* : Flush all FSDB Files at 1,681,000,000 ps.
3695 sps_call_fsdbDumpflush_vd_main at 1682000000 : testbed_dwconv.sv(77)
3696 *Verdi* : Flush all FSDB Files at 1,682,000,000 ps.
3697 sps_call_fsdbDumpflush_vd_main at 1683000000 : testbed_dwconv.sv(77)
3698 *Verdi* : Flush all FSDB Files at 1,683,000,000 ps.
3699 sps_call_fsdbDumpflush_vd_main at 1684000000 : testbed_dwconv.sv(77)
3700 *Verdi* : Flush all FSDB Files at 1,684,000,000 ps.
3701 sps_call_fsdbDumpflush_vd_main at 1685000000 : testbed_dwconv.sv(77)
3702 *Verdi* : Flush all FSDB Files at 1,685,000,000 ps.
3703 sps_call_fsdbDumpflush_vd_main at 1686000000 : testbed_dwconv.sv(77)
3704 *Verdi* : Flush all FSDB Files at 1,686,000,000 ps.
3705 sps_call_fsdbDumpflush_vd_main at 1687000000 : testbed_dwconv.sv(77)
3706 *Verdi* : Flush all FSDB Files at 1,687,000,000 ps.
3707 sps_call_fsdbDumpflush_vd_main at 1688000000 : testbed_dwconv.sv(77)
3708 *Verdi* : Flush all FSDB Files at 1,688,000,000 ps.
3709 sps_call_fsdbDumpflush_vd_main at 1689000000 : testbed_dwconv.sv(77)
3710 *Verdi* : Flush all FSDB Files at 1,689,000,000 ps.
3711 sps_call_fsdbDumpflush_vd_main at 1690000000 : testbed_dwconv.sv(77)
3712 *Verdi* : Flush all FSDB Files at 1,690,000,000 ps.
3713 sps_call_fsdbDumpflush_vd_main at 1691000000 : testbed_dwconv.sv(77)
3714 *Verdi* : Flush all FSDB Files at 1,691,000,000 ps.
3715 sps_call_fsdbDumpflush_vd_main at 1692000000 : testbed_dwconv.sv(77)
3716 *Verdi* : Flush all FSDB Files at 1,692,000,000 ps.
3717 sps_call_fsdbDumpflush_vd_main at 1693000000 : testbed_dwconv.sv(77)
3718 *Verdi* : Flush all FSDB Files at 1,693,000,000 ps.
3719 sps_call_fsdbDumpflush_vd_main at 1694000000 : testbed_dwconv.sv(77)
3720 *Verdi* : Flush all FSDB Files at 1,694,000,000 ps.
3721 sps_call_fsdbDumpflush_vd_main at 1695000000 : testbed_dwconv.sv(77)
3722 *Verdi* : Flush all FSDB Files at 1,695,000,000 ps.
3723 sps_call_fsdbDumpflush_vd_main at 1696000000 : testbed_dwconv.sv(77)
3724 *Verdi* : Flush all FSDB Files at 1,696,000,000 ps.
3725 sps_call_fsdbDumpflush_vd_main at 1697000000 : testbed_dwconv.sv(77)
3726 *Verdi* : Flush all FSDB Files at 1,697,000,000 ps.
3727 sps_call_fsdbDumpflush_vd_main at 1698000000 : testbed_dwconv.sv(77)
3728 *Verdi* : Flush all FSDB Files at 1,698,000,000 ps.
3729 sps_call_fsdbDumpflush_vd_main at 1699000000 : testbed_dwconv.sv(77)
3730 *Verdi* : Flush all FSDB Files at 1,699,000,000 ps.
3731 sps_call_fsdbDumpflush_vd_main at 1700000000 : testbed_dwconv.sv(77)
3732 *Verdi* : Flush all FSDB Files at 1,700,000,000 ps.
3733 sps_call_fsdbDumpflush_vd_main at 1701000000 : testbed_dwconv.sv(77)
3734 *Verdi* : Flush all FSDB Files at 1,701,000,000 ps.
3735 sps_call_fsdbDumpflush_vd_main at 1702000000 : testbed_dwconv.sv(77)
3736 *Verdi* : Flush all FSDB Files at 1,702,000,000 ps.
3737 sps_call_fsdbDumpflush_vd_main at 1703000000 : testbed_dwconv.sv(77)
3738 *Verdi* : Flush all FSDB Files at 1,703,000,000 ps.
3739 sps_call_fsdbDumpflush_vd_main at 1704000000 : testbed_dwconv.sv(77)
3740 *Verdi* : Flush all FSDB Files at 1,704,000,000 ps.
3741 sps_call_fsdbDumpflush_vd_main at 1705000000 : testbed_dwconv.sv(77)
3742 *Verdi* : Flush all FSDB Files at 1,705,000,000 ps.
3743 sps_call_fsdbDumpflush_vd_main at 1706000000 : testbed_dwconv.sv(77)
3744 *Verdi* : Flush all FSDB Files at 1,706,000,000 ps.
3745 sps_call_fsdbDumpflush_vd_main at 1707000000 : testbed_dwconv.sv(77)
3746 *Verdi* : Flush all FSDB Files at 1,707,000,000 ps.
3747 sps_call_fsdbDumpflush_vd_main at 1708000000 : testbed_dwconv.sv(77)
3748 *Verdi* : Flush all FSDB Files at 1,708,000,000 ps.
3749 sps_call_fsdbDumpflush_vd_main at 1709000000 : testbed_dwconv.sv(77)
3750 *Verdi* : Flush all FSDB Files at 1,709,000,000 ps.
3751 sps_call_fsdbDumpflush_vd_main at 1710000000 : testbed_dwconv.sv(77)
3752 *Verdi* : Flush all FSDB Files at 1,710,000,000 ps.
3753 sps_call_fsdbDumpflush_vd_main at 1711000000 : testbed_dwconv.sv(77)
3754 *Verdi* : Flush all FSDB Files at 1,711,000,000 ps.
3755 sps_call_fsdbDumpflush_vd_main at 1712000000 : testbed_dwconv.sv(77)
3756 *Verdi* : Flush all FSDB Files at 1,712,000,000 ps.
3757 sps_call_fsdbDumpflush_vd_main at 1713000000 : testbed_dwconv.sv(77)
3758 *Verdi* : Flush all FSDB Files at 1,713,000,000 ps.
3759 sps_call_fsdbDumpflush_vd_main at 1714000000 : testbed_dwconv.sv(77)
3760 *Verdi* : Flush all FSDB Files at 1,714,000,000 ps.
3761 sps_call_fsdbDumpflush_vd_main at 1715000000 : testbed_dwconv.sv(77)
3762 *Verdi* : Flush all FSDB Files at 1,715,000,000 ps.
3763 sps_call_fsdbDumpflush_vd_main at 1716000000 : testbed_dwconv.sv(77)
3764 *Verdi* : Flush all FSDB Files at 1,716,000,000 ps.
3765 sps_call_fsdbDumpflush_vd_main at 1717000000 : testbed_dwconv.sv(77)
3766 *Verdi* : Flush all FSDB Files at 1,717,000,000 ps.
3767 sps_call_fsdbDumpflush_vd_main at 1718000000 : testbed_dwconv.sv(77)
3768 *Verdi* : Flush all FSDB Files at 1,718,000,000 ps.
3769 sps_call_fsdbDumpflush_vd_main at 1719000000 : testbed_dwconv.sv(77)
3770 *Verdi* : Flush all FSDB Files at 1,719,000,000 ps.
3771 sps_call_fsdbDumpflush_vd_main at 1720000000 : testbed_dwconv.sv(77)
3772 *Verdi* : Flush all FSDB Files at 1,720,000,000 ps.
3773 sps_call_fsdbDumpflush_vd_main at 1721000000 : testbed_dwconv.sv(77)
3774 *Verdi* : Flush all FSDB Files at 1,721,000,000 ps.
3775 sps_call_fsdbDumpflush_vd_main at 1722000000 : testbed_dwconv.sv(77)
3776 *Verdi* : Flush all FSDB Files at 1,722,000,000 ps.
3777 sps_call_fsdbDumpflush_vd_main at 1723000000 : testbed_dwconv.sv(77)
3778 *Verdi* : Flush all FSDB Files at 1,723,000,000 ps.
3779 sps_call_fsdbDumpflush_vd_main at 1724000000 : testbed_dwconv.sv(77)
3780 *Verdi* : Flush all FSDB Files at 1,724,000,000 ps.
3781 sps_call_fsdbDumpflush_vd_main at 1725000000 : testbed_dwconv.sv(77)
3782 *Verdi* : Flush all FSDB Files at 1,725,000,000 ps.
3783 sps_call_fsdbDumpflush_vd_main at 1726000000 : testbed_dwconv.sv(77)
3784 *Verdi* : Flush all FSDB Files at 1,726,000,000 ps.
3785 sps_call_fsdbDumpflush_vd_main at 1727000000 : testbed_dwconv.sv(77)
3786 *Verdi* : Flush all FSDB Files at 1,727,000,000 ps.
3787 sps_call_fsdbDumpflush_vd_main at 1728000000 : testbed_dwconv.sv(77)
3788 *Verdi* : Flush all FSDB Files at 1,728,000,000 ps.
3789 sps_call_fsdbDumpflush_vd_main at 1729000000 : testbed_dwconv.sv(77)
3790 *Verdi* : Flush all FSDB Files at 1,729,000,000 ps.
3791 sps_call_fsdbDumpflush_vd_main at 1730000000 : testbed_dwconv.sv(77)
3792 *Verdi* : Flush all FSDB Files at 1,730,000,000 ps.
3793 End of simulation at 1730710000
3794 Elapsed time:    0:00:30    Mon Feb  9 23:06:29 2026
3795 Begin FSDB profile info:
3796 FSDB Writer : bc1(370737) bcn(16583639) mtf/stf(0/1730)
FSDB Writer elapsed time : flush(25.802555) io wait(0.000000) theadpool wait(0.000000) target functin(0.000000)
FSDB Writer cpu time : MT Compression : 0
3797 End FSDB profile info
3798 Parallel profile    -  Flush:1733 Expand:0 ProduceWait:0 ConsumerWait:0 BlockUsed:1
3799                        ProduceTime:7.680488528 ConsumerTime:0.000000000 Buffer:64MB
3800 SimExit
3801 Elapsed time:    0:00:30    Mon Feb  9 23:06:29 2026
3802 Sim process exit
