*** Using c compiler gcc instead of cc ...
                         Chronologic VCS (TM)
         Version T-2022.06_Full64 -- Mon Feb  9 22:55:08 2026

                    Copyright (c) 1991 - 2022 Synopsys, Inc.
   This software and the associated documentation are proprietary to Synopsys,
 Inc. This software may only be used in accordance with the terms and conditions
 of a written license agreement with Synopsys, Inc. All other use, reproduction,
   or distribution of this software is strictly prohibited.  Licensed Products
     communicate with Synopsys servers for the purpose of providing software
    updates, detecting software piracy and verifying that customers are using
    Licensed Products in conformity with the applicable License Key for such
  Licensed Products. Synopsys will use information gathered in connection with
    this process to deliver software updates and pursue software pirates and
                                   infringers.

 Inclusivity & Diversity - Visit SolvNetPlus to read the "Synopsys Statement on
            Inclusivity and Diversity" (Refer to article 000036315 at
                        https://solvnetplus.synopsys.com)

Parsing design file 'testbed_dwconv.sv'
Parsing included file 'pattern_dwconv.sv'.
Back to file 'testbed_dwconv.sv'.
Parsing included file 'sram_16x90881_simple.sv'.
Back to file 'testbed_dwconv.sv'.
Parsing included file 'dwconv.sv'.
Back to file 'testbed_dwconv.sv'.
Parsing included file 'dwconv_channel.sv'.
Back to file 'testbed_dwconv.sv'.
Top Level Modules:
       TESTBED
TimeScale is 1 ns / 1 ps

Warning-[PCWM-W] Port connection width mismatch
dwconv_channel.sv, 138
"sram_16x90881_simple #(16, 90881, 17) u_sram( .clk (clk),  .rst_n (rst_n),  .W (in_valid),  .A (addr),  .D (in_data),  .Q (sram_rdata));"
  The following 19-bit expression is connected to 17-bit port "A" of module 
  "sram_16x90881_simple", instance "u_sram".
  Expression: addr
  Instantiated module defined at: "sram_16x90881_simple.sv", 2
  Use +lint=PCWM for more details.


Warning-[PCWM-W] Port connection width mismatch
testbed_dwconv.sv, 86
"dwconv I_DUT( .clk (clk),  .rst_n (rst_n),  .in_valid (in_valid),  .in_data (in_data),  .weight (weight),  .bias (bias),  .out_valid (out_valid),  .sum (sum));"
  The following 16-bit expression is connected to 21-bit port "sum" of module 
  "dwconv", instance "I_DUT".
  Expression: sum
  Instantiated module defined at: "dwconv.sv", 1
  Use +lint=PCWM for more details.


Warning-[PCWM-W] Port connection width mismatch
testbed_dwconv.sv, 98
"PATTERN I_PATTERN( .clk (clk),  .rst_n (rst_n),  .in_valid (in_valid),  .in_data (in_data),  .weight (weight),  .bias (bias),  .out_valid (out_valid),  .sum (sum));"
  The following 16-bit expression is connected to 21-bit port "sum" of module 
  "PATTERN", instance "I_PATTERN".
  Expression: sum
  Instantiated module defined at: "pattern_dwconv.sv", 3
  Use +lint=PCWM for more details.

Starting vcs inline pass...

2 modules and 0 UDP read.
recompiling module dwconv
	However, due to incremental compilation, only 1 module needs to be compiled. 
rm -f _cuarc*.so _csrc*.so pre_vcsobj_*.so share_vcsobj_*.so
ld -shared  -Bsymbolic   -o .//../simv.daidir//_cuarc0.so objs/amcQw_d.o 
rm -f _cuarc0.so
if [ -x ../simv ]; then chmod a-x ../simv; fi
g++  -o ../simv      -rdynamic  -Wl,-rpath='$ORIGIN'/simv.daidir -Wl,-rpath=./simv.daidir -Wl,-rpath=/usr/cad/synopsys/vcs/2022.06/linux64/lib -L/usr/cad/synopsys/vcs/2022.06/linux64/lib  -Wl,-rpath-link=./  /usr/lib64/libnuma.so.1     _221792_archive_1.so _prev_archive_1.so _cuarc0.so  SIM_l.o      rmapats_mop.o rmapats.o rmar.o rmar_nd.o  rmar_llvm_0_1.o rmar_llvm_0_0.o           -lvirsim -lerrorinf -lsnpsmalloc -lvfs /usr/cad/synopsys/verdi/cur/share/PLI/VCS/LINUX64/pli.a    -lvcsnew -lsimprofile -luclinative /usr/cad/synopsys/vcs/2022.06/linux64/lib/vcs_tls.o   -Wl,-whole-archive  -lvcsucli    -Wl,-no-whole-archive        _vcs_pli_stub_.o   /usr/cad/synopsys/vcs/2022.06/linux64/lib/vcs_save_restore_new.o /usr/cad/synopsys/verdi/2019.06//share/PLI/VCS/LINUX64/pli.a -ldl -lm  -lc -lpthread -ldl 
../simv up to date
Chronologic VCS simulator copyright 1991-2022
Contains Synopsys proprietary information.
Compiler version T-2022.06_Full64; Runtime version T-2022.06_Full64;  Feb  9 22:55 2026
*Verdi* Loading libsscore_vcs201906.so
FSDB Dumper for VCS, Release Verdi_P-2019.06, Linux x86_64/64bit, 05/26/2019
(C) 1996 - 2019 by Synopsys, Inc.
***********************************************************************
*  ERROR -                                                            *
*  The simulator version is newer than the FSDB dumper version which  *
*  may cause abnormal behavior, please contact Synopsys support for   *
*  assistance.                                                        *
***********************************************************************
*Verdi* FSDB WARNING: The FSDB file already exists. Overwriting the FSDB file may crash the programs that are using this file.
*Verdi* : Create FSDB file 'waves.fsdb'
*Verdi* : Begin traversing the scope (TESTBED.I_DUT), layer (0).
*Verdi* : Enable +mda dumping.
*Verdi* : End of traversing.
[0] PATTERN: 測試激勵 (Burst Mode) 已啟動...
階段 0: 預先載入 2304 筆權重到 TB RAM...
權重預載入完成。
階段 0: 預先載入 256 筆 bias 到 TB RAM...
bias 預載入完成。
階段 1: 重置完成。
[110000] 階段 1.5: 開始傳送 90800 筆 Zero Padding (Valid=1, Data=0)...
*Verdi* : Flush all FSDB Files at 1,000,000 ps.
*Verdi* : Flush all FSDB Files at 2,000,000 ps.
*Verdi* : Flush all FSDB Files at 3,000,000 ps.
*Verdi* : Flush all FSDB Files at 4,000,000 ps.
*Verdi* : Flush all FSDB Files at 5,000,000 ps.
*Verdi* : Flush all FSDB Files at 6,000,000 ps.
*Verdi* : Flush all FSDB Files at 7,000,000 ps.
*Verdi* : Flush all FSDB Files at 8,000,000 ps.
*Verdi* : Flush all FSDB Files at 9,000,000 ps.
*Verdi* : Flush all FSDB Files at 10,000,000 ps.
*Verdi* : Flush all FSDB Files at 11,000,000 ps.
*Verdi* : Flush all FSDB Files at 12,000,000 ps.
*Verdi* : Flush all FSDB Files at 13,000,000 ps.
*Verdi* : Flush all FSDB Files at 14,000,000 ps.
*Verdi* : Flush all FSDB Files at 15,000,000 ps.
*Verdi* : Flush all FSDB Files at 16,000,000 ps.
*Verdi* : Flush all FSDB Files at 17,000,000 ps.
*Verdi* : Flush all FSDB Files at 18,000,000 ps.
*Verdi* : Flush all FSDB Files at 19,000,000 ps.
*Verdi* : Flush all FSDB Files at 20,000,000 ps.
*Verdi* : Flush all FSDB Files at 21,000,000 ps.
*Verdi* : Flush all FSDB Files at 22,000,000 ps.
*Verdi* : Flush all FSDB Files at 23,000,000 ps.
*Verdi* : Flush all FSDB Files at 24,000,000 ps.
*Verdi* : Flush all FSDB Files at 25,000,000 ps.
*Verdi* : Flush all FSDB Files at 26,000,000 ps.
*Verdi* : Flush all FSDB Files at 27,000,000 ps.
*Verdi* : Flush all FSDB Files at 28,000,000 ps.
*Verdi* : Flush all FSDB Files at 29,000,000 ps.
*Verdi* : Flush all FSDB Files at 30,000,000 ps.
*Verdi* : Flush all FSDB Files at 31,000,000 ps.
*Verdi* : Flush all FSDB Files at 32,000,000 ps.
*Verdi* : Flush all FSDB Files at 33,000,000 ps.
*Verdi* : Flush all FSDB Files at 34,000,000 ps.
*Verdi* : Flush all FSDB Files at 35,000,000 ps.
*Verdi* : Flush all FSDB Files at 36,000,000 ps.
*Verdi* : Flush all FSDB Files at 37,000,000 ps.
*Verdi* : Flush all FSDB Files at 38,000,000 ps.
*Verdi* : Flush all FSDB Files at 39,000,000 ps.
*Verdi* : Flush all FSDB Files at 40,000,000 ps.
*Verdi* : Flush all FSDB Files at 41,000,000 ps.
*Verdi* : Flush all FSDB Files at 42,000,000 ps.
*Verdi* : Flush all FSDB Files at 43,000,000 ps.
*Verdi* : Flush all FSDB Files at 44,000,000 ps.
*Verdi* : Flush all FSDB Files at 45,000,000 ps.
*Verdi* : Flush all FSDB Files at 46,000,000 ps.
*Verdi* : Flush all FSDB Files at 47,000,000 ps.
*Verdi* : Flush all FSDB Files at 48,000,000 ps.
*Verdi* : Flush all FSDB Files at 49,000,000 ps.
*Verdi* : Flush all FSDB Files at 50,000,000 ps.
*Verdi* : Flush all FSDB Files at 51,000,000 ps.
*Verdi* : Flush all FSDB Files at 52,000,000 ps.
*Verdi* : Flush all FSDB Files at 53,000,000 ps.
*Verdi* : Flush all FSDB Files at 54,000,000 ps.
*Verdi* : Flush all FSDB Files at 55,000,000 ps.
*Verdi* : Flush all FSDB Files at 56,000,000 ps.
*Verdi* : Flush all FSDB Files at 57,000,000 ps.
*Verdi* : Flush all FSDB Files at 58,000,000 ps.
*Verdi* : Flush all FSDB Files at 59,000,000 ps.
*Verdi* : Flush all FSDB Files at 60,000,000 ps.
*Verdi* : Flush all FSDB Files at 61,000,000 ps.
*Verdi* : Flush all FSDB Files at 62,000,000 ps.
*Verdi* : Flush all FSDB Files at 63,000,000 ps.
*Verdi* : Flush all FSDB Files at 64,000,000 ps.
*Verdi* : Flush all FSDB Files at 65,000,000 ps.
*Verdi* : Flush all FSDB Files at 66,000,000 ps.
*Verdi* : Flush all FSDB Files at 67,000,000 ps.
*Verdi* : Flush all FSDB Files at 68,000,000 ps.
*Verdi* : Flush all FSDB Files at 69,000,000 ps.
*Verdi* : Flush all FSDB Files at 70,000,000 ps.
*Verdi* : Flush all FSDB Files at 71,000,000 ps.
*Verdi* : Flush all FSDB Files at 72,000,000 ps.
*Verdi* : Flush all FSDB Files at 73,000,000 ps.
*Verdi* : Flush all FSDB Files at 74,000,000 ps.
*Verdi* : Flush all FSDB Files at 75,000,000 ps.
*Verdi* : Flush all FSDB Files at 76,000,000 ps.
*Verdi* : Flush all FSDB Files at 77,000,000 ps.
*Verdi* : Flush all FSDB Files at 78,000,000 ps.
*Verdi* : Flush all FSDB Files at 79,000,000 ps.
*Verdi* : Flush all FSDB Files at 80,000,000 ps.
*Verdi* : Flush all FSDB Files at 81,000,000 ps.
*Verdi* : Flush all FSDB Files at 82,000,000 ps.
*Verdi* : Flush all FSDB Files at 83,000,000 ps.
*Verdi* : Flush all FSDB Files at 84,000,000 ps.
*Verdi* : Flush all FSDB Files at 85,000,000 ps.
*Verdi* : Flush all FSDB Files at 86,000,000 ps.
*Verdi* : Flush all FSDB Files at 87,000,000 ps.
*Verdi* : Flush all FSDB Files at 88,000,000 ps.
*Verdi* : Flush all FSDB Files at 89,000,000 ps.
*Verdi* : Flush all FSDB Files at 90,000,000 ps.
*Verdi* : Flush all FSDB Files at 91,000,000 ps.
*Verdi* : Flush all FSDB Files at 92,000,000 ps.
*Verdi* : Flush all FSDB Files at 93,000,000 ps.
*Verdi* : Flush all FSDB Files at 94,000,000 ps.
*Verdi* : Flush all FSDB Files at 95,000,000 ps.
*Verdi* : Flush all FSDB Files at 96,000,000 ps.
*Verdi* : Flush all FSDB Files at 97,000,000 ps.
*Verdi* : Flush all FSDB Files at 98,000,000 ps.
*Verdi* : Flush all FSDB Files at 99,000,000 ps.
*Verdi* : Flush all FSDB Files at 100,000,000 ps.
*Verdi* : Flush all FSDB Files at 101,000,000 ps.
*Verdi* : Flush all FSDB Files at 102,000,000 ps.
*Verdi* : Flush all FSDB Files at 103,000,000 ps.
*Verdi* : Flush all FSDB Files at 104,000,000 ps.
*Verdi* : Flush all FSDB Files at 105,000,000 ps.
*Verdi* : Flush all FSDB Files at 106,000,000 ps.
*Verdi* : Flush all FSDB Files at 107,000,000 ps.
*Verdi* : Flush all FSDB Files at 108,000,000 ps.
*Verdi* : Flush all FSDB Files at 109,000,000 ps.
*Verdi* : Flush all FSDB Files at 110,000,000 ps.
*Verdi* : Flush all FSDB Files at 111,000,000 ps.
*Verdi* : Flush all FSDB Files at 112,000,000 ps.
*Verdi* : Flush all FSDB Files at 113,000,000 ps.
*Verdi* : Flush all FSDB Files at 114,000,000 ps.
*Verdi* : Flush all FSDB Files at 115,000,000 ps.
*Verdi* : Flush all FSDB Files at 116,000,000 ps.
*Verdi* : Flush all FSDB Files at 117,000,000 ps.
*Verdi* : Flush all FSDB Files at 118,000,000 ps.
*Verdi* : Flush all FSDB Files at 119,000,000 ps.
*Verdi* : Flush all FSDB Files at 120,000,000 ps.
*Verdi* : Flush all FSDB Files at 121,000,000 ps.
*Verdi* : Flush all FSDB Files at 122,000,000 ps.
*Verdi* : Flush all FSDB Files at 123,000,000 ps.
*Verdi* : Flush all FSDB Files at 124,000,000 ps.
*Verdi* : Flush all FSDB Files at 125,000,000 ps.
*Verdi* : Flush all FSDB Files at 126,000,000 ps.
*Verdi* : Flush all FSDB Files at 127,000,000 ps.
*Verdi* : Flush all FSDB Files at 128,000,000 ps.
*Verdi* : Flush all FSDB Files at 129,000,000 ps.
*Verdi* : Flush all FSDB Files at 130,000,000 ps.
*Verdi* : Flush all FSDB Files at 131,000,000 ps.
*Verdi* : Flush all FSDB Files at 132,000,000 ps.
*Verdi* : Flush all FSDB Files at 133,000,000 ps.
*Verdi* : Flush all FSDB Files at 134,000,000 ps.
*Verdi* : Flush all FSDB Files at 135,000,000 ps.
*Verdi* : Flush all FSDB Files at 136,000,000 ps.
*Verdi* : Flush all FSDB Files at 137,000,000 ps.
*Verdi* : Flush all FSDB Files at 138,000,000 ps.
*Verdi* : Flush all FSDB Files at 139,000,000 ps.
*Verdi* : Flush all FSDB Files at 140,000,000 ps.
*Verdi* : Flush all FSDB Files at 141,000,000 ps.
*Verdi* : Flush all FSDB Files at 142,000,000 ps.
*Verdi* : Flush all FSDB Files at 143,000,000 ps.
*Verdi* : Flush all FSDB Files at 144,000,000 ps.
*Verdi* : Flush all FSDB Files at 145,000,000 ps.
*Verdi* : Flush all FSDB Files at 146,000,000 ps.
*Verdi* : Flush all FSDB Files at 147,000,000 ps.
*Verdi* : Flush all FSDB Files at 148,000,000 ps.
*Verdi* : Flush all FSDB Files at 149,000,000 ps.
*Verdi* : Flush all FSDB Files at 150,000,000 ps.
*Verdi* : Flush all FSDB Files at 151,000,000 ps.
*Verdi* : Flush all FSDB Files at 152,000,000 ps.
*Verdi* : Flush all FSDB Files at 153,000,000 ps.
*Verdi* : Flush all FSDB Files at 154,000,000 ps.
*Verdi* : Flush all FSDB Files at 155,000,000 ps.
*Verdi* : Flush all FSDB Files at 156,000,000 ps.
*Verdi* : Flush all FSDB Files at 157,000,000 ps.
*Verdi* : Flush all FSDB Files at 158,000,000 ps.
*Verdi* : Flush all FSDB Files at 159,000,000 ps.
*Verdi* : Flush all FSDB Files at 160,000,000 ps.
*Verdi* : Flush all FSDB Files at 161,000,000 ps.
*Verdi* : Flush all FSDB Files at 162,000,000 ps.
*Verdi* : Flush all FSDB Files at 163,000,000 ps.
*Verdi* : Flush all FSDB Files at 164,000,000 ps.
*Verdi* : Flush all FSDB Files at 165,000,000 ps.
*Verdi* : Flush all FSDB Files at 166,000,000 ps.
*Verdi* : Flush all FSDB Files at 167,000,000 ps.
*Verdi* : Flush all FSDB Files at 168,000,000 ps.
*Verdi* : Flush all FSDB Files at 169,000,000 ps.
*Verdi* : Flush all FSDB Files at 170,000,000 ps.
*Verdi* : Flush all FSDB Files at 171,000,000 ps.
*Verdi* : Flush all FSDB Files at 172,000,000 ps.
*Verdi* : Flush all FSDB Files at 173,000,000 ps.
*Verdi* : Flush all FSDB Files at 174,000,000 ps.
*Verdi* : Flush all FSDB Files at 175,000,000 ps.
*Verdi* : Flush all FSDB Files at 176,000,000 ps.
*Verdi* : Flush all FSDB Files at 177,000,000 ps.
*Verdi* : Flush all FSDB Files at 178,000,000 ps.
*Verdi* : Flush all FSDB Files at 179,000,000 ps.
*Verdi* : Flush all FSDB Files at 180,000,000 ps.
*Verdi* : Flush all FSDB Files at 181,000,000 ps.
*Verdi* : Flush all FSDB Files at 182,000,000 ps.
*Verdi* : Flush all FSDB Files at 183,000,000 ps.
*Verdi* : Flush all FSDB Files at 184,000,000 ps.
*Verdi* : Flush all FSDB Files at 185,000,000 ps.
*Verdi* : Flush all FSDB Files at 186,000,000 ps.
*Verdi* : Flush all FSDB Files at 187,000,000 ps.
*Verdi* : Flush all FSDB Files at 188,000,000 ps.
*Verdi* : Flush all FSDB Files at 189,000,000 ps.
*Verdi* : Flush all FSDB Files at 190,000,000 ps.
*Verdi* : Flush all FSDB Files at 191,000,000 ps.
*Verdi* : Flush all FSDB Files at 192,000,000 ps.
*Verdi* : Flush all FSDB Files at 193,000,000 ps.
*Verdi* : Flush all FSDB Files at 194,000,000 ps.
*Verdi* : Flush all FSDB Files at 195,000,000 ps.
*Verdi* : Flush all FSDB Files at 196,000,000 ps.
*Verdi* : Flush all FSDB Files at 197,000,000 ps.
*Verdi* : Flush all FSDB Files at 198,000,000 ps.
*Verdi* : Flush all FSDB Files at 199,000,000 ps.
*Verdi* : Flush all FSDB Files at 200,000,000 ps.
*Verdi* : Flush all FSDB Files at 201,000,000 ps.
*Verdi* : Flush all FSDB Files at 202,000,000 ps.
*Verdi* : Flush all FSDB Files at 203,000,000 ps.
*Verdi* : Flush all FSDB Files at 204,000,000 ps.
*Verdi* : Flush all FSDB Files at 205,000,000 ps.
*Verdi* : Flush all FSDB Files at 206,000,000 ps.
*Verdi* : Flush all FSDB Files at 207,000,000 ps.
*Verdi* : Flush all FSDB Files at 208,000,000 ps.
*Verdi* : Flush all FSDB Files at 209,000,000 ps.
*Verdi* : Flush all FSDB Files at 210,000,000 ps.
*Verdi* : Flush all FSDB Files at 211,000,000 ps.
*Verdi* : Flush all FSDB Files at 212,000,000 ps.
*Verdi* : Flush all FSDB Files at 213,000,000 ps.
*Verdi* : Flush all FSDB Files at 214,000,000 ps.
*Verdi* : Flush all FSDB Files at 215,000,000 ps.
*Verdi* : Flush all FSDB Files at 216,000,000 ps.
*Verdi* : Flush all FSDB Files at 217,000,000 ps.
*Verdi* : Flush all FSDB Files at 218,000,000 ps.
*Verdi* : Flush all FSDB Files at 219,000,000 ps.
*Verdi* : Flush all FSDB Files at 220,000,000 ps.
*Verdi* : Flush all FSDB Files at 221,000,000 ps.
*Verdi* : Flush all FSDB Files at 222,000,000 ps.
*Verdi* : Flush all FSDB Files at 223,000,000 ps.
*Verdi* : Flush all FSDB Files at 224,000,000 ps.
*Verdi* : Flush all FSDB Files at 225,000,000 ps.
*Verdi* : Flush all FSDB Files at 226,000,000 ps.
*Verdi* : Flush all FSDB Files at 227,000,000 ps.
*Verdi* : Flush all FSDB Files at 228,000,000 ps.
*Verdi* : Flush all FSDB Files at 229,000,000 ps.
*Verdi* : Flush all FSDB Files at 230,000,000 ps.
*Verdi* : Flush all FSDB Files at 231,000,000 ps.
*Verdi* : Flush all FSDB Files at 232,000,000 ps.
*Verdi* : Flush all FSDB Files at 233,000,000 ps.
*Verdi* : Flush all FSDB Files at 234,000,000 ps.
*Verdi* : Flush all FSDB Files at 235,000,000 ps.
*Verdi* : Flush all FSDB Files at 236,000,000 ps.
*Verdi* : Flush all FSDB Files at 237,000,000 ps.
*Verdi* : Flush all FSDB Files at 238,000,000 ps.
*Verdi* : Flush all FSDB Files at 239,000,000 ps.
*Verdi* : Flush all FSDB Files at 240,000,000 ps.
*Verdi* : Flush all FSDB Files at 241,000,000 ps.
*Verdi* : Flush all FSDB Files at 242,000,000 ps.
*Verdi* : Flush all FSDB Files at 243,000,000 ps.
*Verdi* : Flush all FSDB Files at 244,000,000 ps.
*Verdi* : Flush all FSDB Files at 245,000,000 ps.
*Verdi* : Flush all FSDB Files at 246,000,000 ps.
*Verdi* : Flush all FSDB Files at 247,000,000 ps.
*Verdi* : Flush all FSDB Files at 248,000,000 ps.
*Verdi* : Flush all FSDB Files at 249,000,000 ps.
*Verdi* : Flush all FSDB Files at 250,000,000 ps.
*Verdi* : Flush all FSDB Files at 251,000,000 ps.
*Verdi* : Flush all FSDB Files at 252,000,000 ps.
*Verdi* : Flush all FSDB Files at 253,000,000 ps.
*Verdi* : Flush all FSDB Files at 254,000,000 ps.
*Verdi* : Flush all FSDB Files at 255,000,000 ps.
*Verdi* : Flush all FSDB Files at 256,000,000 ps.
*Verdi* : Flush all FSDB Files at 257,000,000 ps.
*Verdi* : Flush all FSDB Files at 258,000,000 ps.
*Verdi* : Flush all FSDB Files at 259,000,000 ps.
*Verdi* : Flush all FSDB Files at 260,000,000 ps.
*Verdi* : Flush all FSDB Files at 261,000,000 ps.
*Verdi* : Flush all FSDB Files at 262,000,000 ps.
*Verdi* : Flush all FSDB Files at 263,000,000 ps.
*Verdi* : Flush all FSDB Files at 264,000,000 ps.
*Verdi* : Flush all FSDB Files at 265,000,000 ps.
*Verdi* : Flush all FSDB Files at 266,000,000 ps.
*Verdi* : Flush all FSDB Files at 267,000,000 ps.
*Verdi* : Flush all FSDB Files at 268,000,000 ps.
*Verdi* : Flush all FSDB Files at 269,000,000 ps.
*Verdi* : Flush all FSDB Files at 270,000,000 ps.
*Verdi* : Flush all FSDB Files at 271,000,000 ps.
*Verdi* : Flush all FSDB Files at 272,000,000 ps.
*Verdi* : Flush all FSDB Files at 273,000,000 ps.
*Verdi* : Flush all FSDB Files at 274,000,000 ps.
*Verdi* : Flush all FSDB Files at 275,000,000 ps.
*Verdi* : Flush all FSDB Files at 276,000,000 ps.
*Verdi* : Flush all FSDB Files at 277,000,000 ps.
*Verdi* : Flush all FSDB Files at 278,000,000 ps.
*Verdi* : Flush all FSDB Files at 279,000,000 ps.
*Verdi* : Flush all FSDB Files at 280,000,000 ps.
*Verdi* : Flush all FSDB Files at 281,000,000 ps.
*Verdi* : Flush all FSDB Files at 282,000,000 ps.
*Verdi* : Flush all FSDB Files at 283,000,000 ps.
*Verdi* : Flush all FSDB Files at 284,000,000 ps.
*Verdi* : Flush all FSDB Files at 285,000,000 ps.
*Verdi* : Flush all FSDB Files at 286,000,000 ps.
*Verdi* : Flush all FSDB Files at 287,000,000 ps.
*Verdi* : Flush all FSDB Files at 288,000,000 ps.
*Verdi* : Flush all FSDB Files at 289,000,000 ps.
*Verdi* : Flush all FSDB Files at 290,000,000 ps.
*Verdi* : Flush all FSDB Files at 291,000,000 ps.
*Verdi* : Flush all FSDB Files at 292,000,000 ps.
*Verdi* : Flush all FSDB Files at 293,000,000 ps.
*Verdi* : Flush all FSDB Files at 294,000,000 ps.
*Verdi* : Flush all FSDB Files at 295,000,000 ps.
*Verdi* : Flush all FSDB Files at 296,000,000 ps.
*Verdi* : Flush all FSDB Files at 297,000,000 ps.
*Verdi* : Flush all FSDB Files at 298,000,000 ps.
*Verdi* : Flush all FSDB Files at 299,000,000 ps.
*Verdi* : Flush all FSDB Files at 300,000,000 ps.
*Verdi* : Flush all FSDB Files at 301,000,000 ps.
*Verdi* : Flush all FSDB Files at 302,000,000 ps.
*Verdi* : Flush all FSDB Files at 303,000,000 ps.
*Verdi* : Flush all FSDB Files at 304,000,000 ps.
*Verdi* : Flush all FSDB Files at 305,000,000 ps.
*Verdi* : Flush all FSDB Files at 306,000,000 ps.
*Verdi* : Flush all FSDB Files at 307,000,000 ps.
*Verdi* : Flush all FSDB Files at 308,000,000 ps.
*Verdi* : Flush all FSDB Files at 309,000,000 ps.
*Verdi* : Flush all FSDB Files at 310,000,000 ps.
*Verdi* : Flush all FSDB Files at 311,000,000 ps.
*Verdi* : Flush all FSDB Files at 312,000,000 ps.
*Verdi* : Flush all FSDB Files at 313,000,000 ps.
*Verdi* : Flush all FSDB Files at 314,000,000 ps.
*Verdi* : Flush all FSDB Files at 315,000,000 ps.
*Verdi* : Flush all FSDB Files at 316,000,000 ps.
*Verdi* : Flush all FSDB Files at 317,000,000 ps.
*Verdi* : Flush all FSDB Files at 318,000,000 ps.
*Verdi* : Flush all FSDB Files at 319,000,000 ps.
*Verdi* : Flush all FSDB Files at 320,000,000 ps.
*Verdi* : Flush all FSDB Files at 321,000,000 ps.
*Verdi* : Flush all FSDB Files at 322,000,000 ps.
*Verdi* : Flush all FSDB Files at 323,000,000 ps.
*Verdi* : Flush all FSDB Files at 324,000,000 ps.
*Verdi* : Flush all FSDB Files at 325,000,000 ps.
*Verdi* : Flush all FSDB Files at 326,000,000 ps.
*Verdi* : Flush all FSDB Files at 327,000,000 ps.
*Verdi* : Flush all FSDB Files at 328,000,000 ps.
*Verdi* : Flush all FSDB Files at 329,000,000 ps.
*Verdi* : Flush all FSDB Files at 330,000,000 ps.
*Verdi* : Flush all FSDB Files at 331,000,000 ps.
*Verdi* : Flush all FSDB Files at 332,000,000 ps.
*Verdi* : Flush all FSDB Files at 333,000,000 ps.
*Verdi* : Flush all FSDB Files at 334,000,000 ps.
*Verdi* : Flush all FSDB Files at 335,000,000 ps.
*Verdi* : Flush all FSDB Files at 336,000,000 ps.
*Verdi* : Flush all FSDB Files at 337,000,000 ps.
*Verdi* : Flush all FSDB Files at 338,000,000 ps.
*Verdi* : Flush all FSDB Files at 339,000,000 ps.
*Verdi* : Flush all FSDB Files at 340,000,000 ps.
*Verdi* : Flush all FSDB Files at 341,000,000 ps.
*Verdi* : Flush all FSDB Files at 342,000,000 ps.
*Verdi* : Flush all FSDB Files at 343,000,000 ps.
*Verdi* : Flush all FSDB Files at 344,000,000 ps.
*Verdi* : Flush all FSDB Files at 345,000,000 ps.
*Verdi* : Flush all FSDB Files at 346,000,000 ps.
*Verdi* : Flush all FSDB Files at 347,000,000 ps.
*Verdi* : Flush all FSDB Files at 348,000,000 ps.
*Verdi* : Flush all FSDB Files at 349,000,000 ps.
*Verdi* : Flush all FSDB Files at 350,000,000 ps.
*Verdi* : Flush all FSDB Files at 351,000,000 ps.
*Verdi* : Flush all FSDB Files at 352,000,000 ps.
*Verdi* : Flush all FSDB Files at 353,000,000 ps.
*Verdi* : Flush all FSDB Files at 354,000,000 ps.
*Verdi* : Flush all FSDB Files at 355,000,000 ps.
*Verdi* : Flush all FSDB Files at 356,000,000 ps.
*Verdi* : Flush all FSDB Files at 357,000,000 ps.
*Verdi* : Flush all FSDB Files at 358,000,000 ps.
*Verdi* : Flush all FSDB Files at 359,000,000 ps.
*Verdi* : Flush all FSDB Files at 360,000,000 ps.
*Verdi* : Flush all FSDB Files at 361,000,000 ps.
*Verdi* : Flush all FSDB Files at 362,000,000 ps.
*Verdi* : Flush all FSDB Files at 363,000,000 ps.
*Verdi* : Flush all FSDB Files at 364,000,000 ps.
*Verdi* : Flush all FSDB Files at 365,000,000 ps.
*Verdi* : Flush all FSDB Files at 366,000,000 ps.
*Verdi* : Flush all FSDB Files at 367,000,000 ps.
*Verdi* : Flush all FSDB Files at 368,000,000 ps.
*Verdi* : Flush all FSDB Files at 369,000,000 ps.
*Verdi* : Flush all FSDB Files at 370,000,000 ps.
*Verdi* : Flush all FSDB Files at 371,000,000 ps.
*Verdi* : Flush all FSDB Files at 372,000,000 ps.
*Verdi* : Flush all FSDB Files at 373,000,000 ps.
*Verdi* : Flush all FSDB Files at 374,000,000 ps.
*Verdi* : Flush all FSDB Files at 375,000,000 ps.
*Verdi* : Flush all FSDB Files at 376,000,000 ps.
*Verdi* : Flush all FSDB Files at 377,000,000 ps.
*Verdi* : Flush all FSDB Files at 378,000,000 ps.
*Verdi* : Flush all FSDB Files at 379,000,000 ps.
*Verdi* : Flush all FSDB Files at 380,000,000 ps.
*Verdi* : Flush all FSDB Files at 381,000,000 ps.
*Verdi* : Flush all FSDB Files at 382,000,000 ps.
*Verdi* : Flush all FSDB Files at 383,000,000 ps.
*Verdi* : Flush all FSDB Files at 384,000,000 ps.
*Verdi* : Flush all FSDB Files at 385,000,000 ps.
*Verdi* : Flush all FSDB Files at 386,000,000 ps.
*Verdi* : Flush all FSDB Files at 387,000,000 ps.
*Verdi* : Flush all FSDB Files at 388,000,000 ps.
*Verdi* : Flush all FSDB Files at 389,000,000 ps.
*Verdi* : Flush all FSDB Files at 390,000,000 ps.
*Verdi* : Flush all FSDB Files at 391,000,000 ps.
*Verdi* : Flush all FSDB Files at 392,000,000 ps.
*Verdi* : Flush all FSDB Files at 393,000,000 ps.
*Verdi* : Flush all FSDB Files at 394,000,000 ps.
*Verdi* : Flush all FSDB Files at 395,000,000 ps.
*Verdi* : Flush all FSDB Files at 396,000,000 ps.
*Verdi* : Flush all FSDB Files at 397,000,000 ps.
*Verdi* : Flush all FSDB Files at 398,000,000 ps.
*Verdi* : Flush all FSDB Files at 399,000,000 ps.
*Verdi* : Flush all FSDB Files at 400,000,000 ps.
*Verdi* : Flush all FSDB Files at 401,000,000 ps.
*Verdi* : Flush all FSDB Files at 402,000,000 ps.
*Verdi* : Flush all FSDB Files at 403,000,000 ps.
*Verdi* : Flush all FSDB Files at 404,000,000 ps.
*Verdi* : Flush all FSDB Files at 405,000,000 ps.
*Verdi* : Flush all FSDB Files at 406,000,000 ps.
*Verdi* : Flush all FSDB Files at 407,000,000 ps.
*Verdi* : Flush all FSDB Files at 408,000,000 ps.
*Verdi* : Flush all FSDB Files at 409,000,000 ps.
*Verdi* : Flush all FSDB Files at 410,000,000 ps.
*Verdi* : Flush all FSDB Files at 411,000,000 ps.
*Verdi* : Flush all FSDB Files at 412,000,000 ps.
*Verdi* : Flush all FSDB Files at 413,000,000 ps.
*Verdi* : Flush all FSDB Files at 414,000,000 ps.
*Verdi* : Flush all FSDB Files at 415,000,000 ps.
*Verdi* : Flush all FSDB Files at 416,000,000 ps.
*Verdi* : Flush all FSDB Files at 417,000,000 ps.
*Verdi* : Flush all FSDB Files at 418,000,000 ps.
*Verdi* : Flush all FSDB Files at 419,000,000 ps.
*Verdi* : Flush all FSDB Files at 420,000,000 ps.
*Verdi* : Flush all FSDB Files at 421,000,000 ps.
*Verdi* : Flush all FSDB Files at 422,000,000 ps.
*Verdi* : Flush all FSDB Files at 423,000,000 ps.
*Verdi* : Flush all FSDB Files at 424,000,000 ps.
*Verdi* : Flush all FSDB Files at 425,000,000 ps.
*Verdi* : Flush all FSDB Files at 426,000,000 ps.
*Verdi* : Flush all FSDB Files at 427,000,000 ps.
*Verdi* : Flush all FSDB Files at 428,000,000 ps.
*Verdi* : Flush all FSDB Files at 429,000,000 ps.
*Verdi* : Flush all FSDB Files at 430,000,000 ps.
*Verdi* : Flush all FSDB Files at 431,000,000 ps.
*Verdi* : Flush all FSDB Files at 432,000,000 ps.
*Verdi* : Flush all FSDB Files at 433,000,000 ps.
*Verdi* : Flush all FSDB Files at 434,000,000 ps.
*Verdi* : Flush all FSDB Files at 435,000,000 ps.
*Verdi* : Flush all FSDB Files at 436,000,000 ps.
*Verdi* : Flush all FSDB Files at 437,000,000 ps.
*Verdi* : Flush all FSDB Files at 438,000,000 ps.
*Verdi* : Flush all FSDB Files at 439,000,000 ps.
*Verdi* : Flush all FSDB Files at 440,000,000 ps.
*Verdi* : Flush all FSDB Files at 441,000,000 ps.
*Verdi* : Flush all FSDB Files at 442,000,000 ps.
*Verdi* : Flush all FSDB Files at 443,000,000 ps.
*Verdi* : Flush all FSDB Files at 444,000,000 ps.
*Verdi* : Flush all FSDB Files at 445,000,000 ps.
*Verdi* : Flush all FSDB Files at 446,000,000 ps.
*Verdi* : Flush all FSDB Files at 447,000,000 ps.
*Verdi* : Flush all FSDB Files at 448,000,000 ps.
*Verdi* : Flush all FSDB Files at 449,000,000 ps.
*Verdi* : Flush all FSDB Files at 450,000,000 ps.
*Verdi* : Flush all FSDB Files at 451,000,000 ps.
*Verdi* : Flush all FSDB Files at 452,000,000 ps.
*Verdi* : Flush all FSDB Files at 453,000,000 ps.
*Verdi* : Flush all FSDB Files at 454,000,000 ps.
*Verdi* : Flush all FSDB Files at 455,000,000 ps.
*Verdi* : Flush all FSDB Files at 456,000,000 ps.
*Verdi* : Flush all FSDB Files at 457,000,000 ps.
*Verdi* : Flush all FSDB Files at 458,000,000 ps.
*Verdi* : Flush all FSDB Files at 459,000,000 ps.
*Verdi* : Flush all FSDB Files at 460,000,000 ps.
*Verdi* : Flush all FSDB Files at 461,000,000 ps.
*Verdi* : Flush all FSDB Files at 462,000,000 ps.
*Verdi* : Flush all FSDB Files at 463,000,000 ps.
*Verdi* : Flush all FSDB Files at 464,000,000 ps.
*Verdi* : Flush all FSDB Files at 465,000,000 ps.
*Verdi* : Flush all FSDB Files at 466,000,000 ps.
*Verdi* : Flush all FSDB Files at 467,000,000 ps.
*Verdi* : Flush all FSDB Files at 468,000,000 ps.
*Verdi* : Flush all FSDB Files at 469,000,000 ps.
*Verdi* : Flush all FSDB Files at 470,000,000 ps.
*Verdi* : Flush all FSDB Files at 471,000,000 ps.
*Verdi* : Flush all FSDB Files at 472,000,000 ps.
*Verdi* : Flush all FSDB Files at 473,000,000 ps.
*Verdi* : Flush all FSDB Files at 474,000,000 ps.
*Verdi* : Flush all FSDB Files at 475,000,000 ps.
*Verdi* : Flush all FSDB Files at 476,000,000 ps.
*Verdi* : Flush all FSDB Files at 477,000,000 ps.
*Verdi* : Flush all FSDB Files at 478,000,000 ps.
*Verdi* : Flush all FSDB Files at 479,000,000 ps.
*Verdi* : Flush all FSDB Files at 480,000,000 ps.
*Verdi* : Flush all FSDB Files at 481,000,000 ps.
*Verdi* : Flush all FSDB Files at 482,000,000 ps.
*Verdi* : Flush all FSDB Files at 483,000,000 ps.
*Verdi* : Flush all FSDB Files at 484,000,000 ps.
*Verdi* : Flush all FSDB Files at 485,000,000 ps.
*Verdi* : Flush all FSDB Files at 486,000,000 ps.
*Verdi* : Flush all FSDB Files at 487,000,000 ps.
*Verdi* : Flush all FSDB Files at 488,000,000 ps.
*Verdi* : Flush all FSDB Files at 489,000,000 ps.
*Verdi* : Flush all FSDB Files at 490,000,000 ps.
*Verdi* : Flush all FSDB Files at 491,000,000 ps.
*Verdi* : Flush all FSDB Files at 492,000,000 ps.
*Verdi* : Flush all FSDB Files at 493,000,000 ps.
*Verdi* : Flush all FSDB Files at 494,000,000 ps.
*Verdi* : Flush all FSDB Files at 495,000,000 ps.
*Verdi* : Flush all FSDB Files at 496,000,000 ps.
*Verdi* : Flush all FSDB Files at 497,000,000 ps.
*Verdi* : Flush all FSDB Files at 498,000,000 ps.
*Verdi* : Flush all FSDB Files at 499,000,000 ps.
*Verdi* : Flush all FSDB Files at 500,000,000 ps.
*Verdi* : Flush all FSDB Files at 501,000,000 ps.
*Verdi* : Flush all FSDB Files at 502,000,000 ps.
*Verdi* : Flush all FSDB Files at 503,000,000 ps.
*Verdi* : Flush all FSDB Files at 504,000,000 ps.
*Verdi* : Flush all FSDB Files at 505,000,000 ps.
*Verdi* : Flush all FSDB Files at 506,000,000 ps.
*Verdi* : Flush all FSDB Files at 507,000,000 ps.
*Verdi* : Flush all FSDB Files at 508,000,000 ps.
*Verdi* : Flush all FSDB Files at 509,000,000 ps.
*Verdi* : Flush all FSDB Files at 510,000,000 ps.
*Verdi* : Flush all FSDB Files at 511,000,000 ps.
*Verdi* : Flush all FSDB Files at 512,000,000 ps.
*Verdi* : Flush all FSDB Files at 513,000,000 ps.
*Verdi* : Flush all FSDB Files at 514,000,000 ps.
*Verdi* : Flush all FSDB Files at 515,000,000 ps.
*Verdi* : Flush all FSDB Files at 516,000,000 ps.
*Verdi* : Flush all FSDB Files at 517,000,000 ps.
*Verdi* : Flush all FSDB Files at 518,000,000 ps.
*Verdi* : Flush all FSDB Files at 519,000,000 ps.
*Verdi* : Flush all FSDB Files at 520,000,000 ps.
*Verdi* : Flush all FSDB Files at 521,000,000 ps.
*Verdi* : Flush all FSDB Files at 522,000,000 ps.
*Verdi* : Flush all FSDB Files at 523,000,000 ps.
*Verdi* : Flush all FSDB Files at 524,000,000 ps.
*Verdi* : Flush all FSDB Files at 525,000,000 ps.
*Verdi* : Flush all FSDB Files at 526,000,000 ps.
*Verdi* : Flush all FSDB Files at 527,000,000 ps.
*Verdi* : Flush all FSDB Files at 528,000,000 ps.
*Verdi* : Flush all FSDB Files at 529,000,000 ps.
*Verdi* : Flush all FSDB Files at 530,000,000 ps.
*Verdi* : Flush all FSDB Files at 531,000,000 ps.
*Verdi* : Flush all FSDB Files at 532,000,000 ps.
*Verdi* : Flush all FSDB Files at 533,000,000 ps.
*Verdi* : Flush all FSDB Files at 534,000,000 ps.
*Verdi* : Flush all FSDB Files at 535,000,000 ps.
*Verdi* : Flush all FSDB Files at 536,000,000 ps.
*Verdi* : Flush all FSDB Files at 537,000,000 ps.
*Verdi* : Flush all FSDB Files at 538,000,000 ps.
*Verdi* : Flush all FSDB Files at 539,000,000 ps.
*Verdi* : Flush all FSDB Files at 540,000,000 ps.
*Verdi* : Flush all FSDB Files at 541,000,000 ps.
*Verdi* : Flush all FSDB Files at 542,000,000 ps.
*Verdi* : Flush all FSDB Files at 543,000,000 ps.
*Verdi* : Flush all FSDB Files at 544,000,000 ps.
*Verdi* : Flush all FSDB Files at 545,000,000 ps.
*Verdi* : Flush all FSDB Files at 546,000,000 ps.
*Verdi* : Flush all FSDB Files at 547,000,000 ps.
*Verdi* : Flush all FSDB Files at 548,000,000 ps.
*Verdi* : Flush all FSDB Files at 549,000,000 ps.
*Verdi* : Flush all FSDB Files at 550,000,000 ps.
*Verdi* : Flush all FSDB Files at 551,000,000 ps.
*Verdi* : Flush all FSDB Files at 552,000,000 ps.
*Verdi* : Flush all FSDB Files at 553,000,000 ps.
*Verdi* : Flush all FSDB Files at 554,000,000 ps.
*Verdi* : Flush all FSDB Files at 555,000,000 ps.
*Verdi* : Flush all FSDB Files at 556,000,000 ps.
*Verdi* : Flush all FSDB Files at 557,000,000 ps.
*Verdi* : Flush all FSDB Files at 558,000,000 ps.
*Verdi* : Flush all FSDB Files at 559,000,000 ps.
*Verdi* : Flush all FSDB Files at 560,000,000 ps.
*Verdi* : Flush all FSDB Files at 561,000,000 ps.
*Verdi* : Flush all FSDB Files at 562,000,000 ps.
*Verdi* : Flush all FSDB Files at 563,000,000 ps.
*Verdi* : Flush all FSDB Files at 564,000,000 ps.
*Verdi* : Flush all FSDB Files at 565,000,000 ps.
*Verdi* : Flush all FSDB Files at 566,000,000 ps.
*Verdi* : Flush all FSDB Files at 567,000,000 ps.
*Verdi* : Flush all FSDB Files at 568,000,000 ps.
*Verdi* : Flush all FSDB Files at 569,000,000 ps.
*Verdi* : Flush all FSDB Files at 570,000,000 ps.
*Verdi* : Flush all FSDB Files at 571,000,000 ps.
*Verdi* : Flush all FSDB Files at 572,000,000 ps.
*Verdi* : Flush all FSDB Files at 573,000,000 ps.
*Verdi* : Flush all FSDB Files at 574,000,000 ps.
*Verdi* : Flush all FSDB Files at 575,000,000 ps.
*Verdi* : Flush all FSDB Files at 576,000,000 ps.
*Verdi* : Flush all FSDB Files at 577,000,000 ps.
*Verdi* : Flush all FSDB Files at 578,000,000 ps.
*Verdi* : Flush all FSDB Files at 579,000,000 ps.
*Verdi* : Flush all FSDB Files at 580,000,000 ps.
*Verdi* : Flush all FSDB Files at 581,000,000 ps.
*Verdi* : Flush all FSDB Files at 582,000,000 ps.
*Verdi* : Flush all FSDB Files at 583,000,000 ps.
*Verdi* : Flush all FSDB Files at 584,000,000 ps.
*Verdi* : Flush all FSDB Files at 585,000,000 ps.
*Verdi* : Flush all FSDB Files at 586,000,000 ps.
*Verdi* : Flush all FSDB Files at 587,000,000 ps.
*Verdi* : Flush all FSDB Files at 588,000,000 ps.
*Verdi* : Flush all FSDB Files at 589,000,000 ps.
*Verdi* : Flush all FSDB Files at 590,000,000 ps.
*Verdi* : Flush all FSDB Files at 591,000,000 ps.
*Verdi* : Flush all FSDB Files at 592,000,000 ps.
*Verdi* : Flush all FSDB Files at 593,000,000 ps.
*Verdi* : Flush all FSDB Files at 594,000,000 ps.
*Verdi* : Flush all FSDB Files at 595,000,000 ps.
*Verdi* : Flush all FSDB Files at 596,000,000 ps.
*Verdi* : Flush all FSDB Files at 597,000,000 ps.
*Verdi* : Flush all FSDB Files at 598,000,000 ps.
*Verdi* : Flush all FSDB Files at 599,000,000 ps.
*Verdi* : Flush all FSDB Files at 600,000,000 ps.
*Verdi* : Flush all FSDB Files at 601,000,000 ps.
*Verdi* : Flush all FSDB Files at 602,000,000 ps.
*Verdi* : Flush all FSDB Files at 603,000,000 ps.
*Verdi* : Flush all FSDB Files at 604,000,000 ps.
*Verdi* : Flush all FSDB Files at 605,000,000 ps.
*Verdi* : Flush all FSDB Files at 606,000,000 ps.
*Verdi* : Flush all FSDB Files at 607,000,000 ps.
*Verdi* : Flush all FSDB Files at 608,000,000 ps.
*Verdi* : Flush all FSDB Files at 609,000,000 ps.
*Verdi* : Flush all FSDB Files at 610,000,000 ps.
*Verdi* : Flush all FSDB Files at 611,000,000 ps.
*Verdi* : Flush all FSDB Files at 612,000,000 ps.
*Verdi* : Flush all FSDB Files at 613,000,000 ps.
*Verdi* : Flush all FSDB Files at 614,000,000 ps.
*Verdi* : Flush all FSDB Files at 615,000,000 ps.
*Verdi* : Flush all FSDB Files at 616,000,000 ps.
*Verdi* : Flush all FSDB Files at 617,000,000 ps.
*Verdi* : Flush all FSDB Files at 618,000,000 ps.
*Verdi* : Flush all FSDB Files at 619,000,000 ps.
*Verdi* : Flush all FSDB Files at 620,000,000 ps.
*Verdi* : Flush all FSDB Files at 621,000,000 ps.
*Verdi* : Flush all FSDB Files at 622,000,000 ps.
*Verdi* : Flush all FSDB Files at 623,000,000 ps.
*Verdi* : Flush all FSDB Files at 624,000,000 ps.
*Verdi* : Flush all FSDB Files at 625,000,000 ps.
*Verdi* : Flush all FSDB Files at 626,000,000 ps.
*Verdi* : Flush all FSDB Files at 627,000,000 ps.
*Verdi* : Flush all FSDB Files at 628,000,000 ps.
*Verdi* : Flush all FSDB Files at 629,000,000 ps.
*Verdi* : Flush all FSDB Files at 630,000,000 ps.
*Verdi* : Flush all FSDB Files at 631,000,000 ps.
*Verdi* : Flush all FSDB Files at 632,000,000 ps.
*Verdi* : Flush all FSDB Files at 633,000,000 ps.
*Verdi* : Flush all FSDB Files at 634,000,000 ps.
*Verdi* : Flush all FSDB Files at 635,000,000 ps.
*Verdi* : Flush all FSDB Files at 636,000,000 ps.
*Verdi* : Flush all FSDB Files at 637,000,000 ps.
*Verdi* : Flush all FSDB Files at 638,000,000 ps.
*Verdi* : Flush all FSDB Files at 639,000,000 ps.
*Verdi* : Flush all FSDB Files at 640,000,000 ps.
*Verdi* : Flush all FSDB Files at 641,000,000 ps.
*Verdi* : Flush all FSDB Files at 642,000,000 ps.
*Verdi* : Flush all FSDB Files at 643,000,000 ps.
*Verdi* : Flush all FSDB Files at 644,000,000 ps.
*Verdi* : Flush all FSDB Files at 645,000,000 ps.
*Verdi* : Flush all FSDB Files at 646,000,000 ps.
*Verdi* : Flush all FSDB Files at 647,000,000 ps.
*Verdi* : Flush all FSDB Files at 648,000,000 ps.
*Verdi* : Flush all FSDB Files at 649,000,000 ps.
*Verdi* : Flush all FSDB Files at 650,000,000 ps.
*Verdi* : Flush all FSDB Files at 651,000,000 ps.
*Verdi* : Flush all FSDB Files at 652,000,000 ps.
*Verdi* : Flush all FSDB Files at 653,000,000 ps.
*Verdi* : Flush all FSDB Files at 654,000,000 ps.
*Verdi* : Flush all FSDB Files at 655,000,000 ps.
*Verdi* : Flush all FSDB Files at 656,000,000 ps.
*Verdi* : Flush all FSDB Files at 657,000,000 ps.
*Verdi* : Flush all FSDB Files at 658,000,000 ps.
*Verdi* : Flush all FSDB Files at 659,000,000 ps.
*Verdi* : Flush all FSDB Files at 660,000,000 ps.
*Verdi* : Flush all FSDB Files at 661,000,000 ps.
*Verdi* : Flush all FSDB Files at 662,000,000 ps.
*Verdi* : Flush all FSDB Files at 663,000,000 ps.
*Verdi* : Flush all FSDB Files at 664,000,000 ps.
*Verdi* : Flush all FSDB Files at 665,000,000 ps.
*Verdi* : Flush all FSDB Files at 666,000,000 ps.
*Verdi* : Flush all FSDB Files at 667,000,000 ps.
*Verdi* : Flush all FSDB Files at 668,000,000 ps.
*Verdi* : Flush all FSDB Files at 669,000,000 ps.
*Verdi* : Flush all FSDB Files at 670,000,000 ps.
*Verdi* : Flush all FSDB Files at 671,000,000 ps.
*Verdi* : Flush all FSDB Files at 672,000,000 ps.
*Verdi* : Flush all FSDB Files at 673,000,000 ps.
*Verdi* : Flush all FSDB Files at 674,000,000 ps.
*Verdi* : Flush all FSDB Files at 675,000,000 ps.
*Verdi* : Flush all FSDB Files at 676,000,000 ps.
*Verdi* : Flush all FSDB Files at 677,000,000 ps.
*Verdi* : Flush all FSDB Files at 678,000,000 ps.
*Verdi* : Flush all FSDB Files at 679,000,000 ps.
*Verdi* : Flush all FSDB Files at 680,000,000 ps.
*Verdi* : Flush all FSDB Files at 681,000,000 ps.
*Verdi* : Flush all FSDB Files at 682,000,000 ps.
*Verdi* : Flush all FSDB Files at 683,000,000 ps.
*Verdi* : Flush all FSDB Files at 684,000,000 ps.
*Verdi* : Flush all FSDB Files at 685,000,000 ps.
*Verdi* : Flush all FSDB Files at 686,000,000 ps.
*Verdi* : Flush all FSDB Files at 687,000,000 ps.
*Verdi* : Flush all FSDB Files at 688,000,000 ps.
*Verdi* : Flush all FSDB Files at 689,000,000 ps.
*Verdi* : Flush all FSDB Files at 690,000,000 ps.
*Verdi* : Flush all FSDB Files at 691,000,000 ps.
*Verdi* : Flush all FSDB Files at 692,000,000 ps.
*Verdi* : Flush all FSDB Files at 693,000,000 ps.
*Verdi* : Flush all FSDB Files at 694,000,000 ps.
*Verdi* : Flush all FSDB Files at 695,000,000 ps.
*Verdi* : Flush all FSDB Files at 696,000,000 ps.
*Verdi* : Flush all FSDB Files at 697,000,000 ps.
*Verdi* : Flush all FSDB Files at 698,000,000 ps.
*Verdi* : Flush all FSDB Files at 699,000,000 ps.
*Verdi* : Flush all FSDB Files at 700,000,000 ps.
*Verdi* : Flush all FSDB Files at 701,000,000 ps.
*Verdi* : Flush all FSDB Files at 702,000,000 ps.
*Verdi* : Flush all FSDB Files at 703,000,000 ps.
*Verdi* : Flush all FSDB Files at 704,000,000 ps.
*Verdi* : Flush all FSDB Files at 705,000,000 ps.
*Verdi* : Flush all FSDB Files at 706,000,000 ps.
*Verdi* : Flush all FSDB Files at 707,000,000 ps.
*Verdi* : Flush all FSDB Files at 708,000,000 ps.
*Verdi* : Flush all FSDB Files at 709,000,000 ps.
*Verdi* : Flush all FSDB Files at 710,000,000 ps.
*Verdi* : Flush all FSDB Files at 711,000,000 ps.
*Verdi* : Flush all FSDB Files at 712,000,000 ps.
*Verdi* : Flush all FSDB Files at 713,000,000 ps.
*Verdi* : Flush all FSDB Files at 714,000,000 ps.
*Verdi* : Flush all FSDB Files at 715,000,000 ps.
*Verdi* : Flush all FSDB Files at 716,000,000 ps.
*Verdi* : Flush all FSDB Files at 717,000,000 ps.
*Verdi* : Flush all FSDB Files at 718,000,000 ps.
*Verdi* : Flush all FSDB Files at 719,000,000 ps.
*Verdi* : Flush all FSDB Files at 720,000,000 ps.
*Verdi* : Flush all FSDB Files at 721,000,000 ps.
*Verdi* : Flush all FSDB Files at 722,000,000 ps.
*Verdi* : Flush all FSDB Files at 723,000,000 ps.
*Verdi* : Flush all FSDB Files at 724,000,000 ps.
*Verdi* : Flush all FSDB Files at 725,000,000 ps.
*Verdi* : Flush all FSDB Files at 726,000,000 ps.
*Verdi* : Flush all FSDB Files at 727,000,000 ps.
*Verdi* : Flush all FSDB Files at 728,000,000 ps.
*Verdi* : Flush all FSDB Files at 729,000,000 ps.
*Verdi* : Flush all FSDB Files at 730,000,000 ps.
*Verdi* : Flush all FSDB Files at 731,000,000 ps.
*Verdi* : Flush all FSDB Files at 732,000,000 ps.
*Verdi* : Flush all FSDB Files at 733,000,000 ps.
*Verdi* : Flush all FSDB Files at 734,000,000 ps.
*Verdi* : Flush all FSDB Files at 735,000,000 ps.
*Verdi* : Flush all FSDB Files at 736,000,000 ps.
*Verdi* : Flush all FSDB Files at 737,000,000 ps.
*Verdi* : Flush all FSDB Files at 738,000,000 ps.
*Verdi* : Flush all FSDB Files at 739,000,000 ps.
*Verdi* : Flush all FSDB Files at 740,000,000 ps.
*Verdi* : Flush all FSDB Files at 741,000,000 ps.
*Verdi* : Flush all FSDB Files at 742,000,000 ps.
*Verdi* : Flush all FSDB Files at 743,000,000 ps.
*Verdi* : Flush all FSDB Files at 744,000,000 ps.
*Verdi* : Flush all FSDB Files at 745,000,000 ps.
*Verdi* : Flush all FSDB Files at 746,000,000 ps.
*Verdi* : Flush all FSDB Files at 747,000,000 ps.
*Verdi* : Flush all FSDB Files at 748,000,000 ps.
*Verdi* : Flush all FSDB Files at 749,000,000 ps.
*Verdi* : Flush all FSDB Files at 750,000,000 ps.
*Verdi* : Flush all FSDB Files at 751,000,000 ps.
*Verdi* : Flush all FSDB Files at 752,000,000 ps.
*Verdi* : Flush all FSDB Files at 753,000,000 ps.
*Verdi* : Flush all FSDB Files at 754,000,000 ps.
*Verdi* : Flush all FSDB Files at 755,000,000 ps.
*Verdi* : Flush all FSDB Files at 756,000,000 ps.
*Verdi* : Flush all FSDB Files at 757,000,000 ps.
*Verdi* : Flush all FSDB Files at 758,000,000 ps.
*Verdi* : Flush all FSDB Files at 759,000,000 ps.
*Verdi* : Flush all FSDB Files at 760,000,000 ps.
*Verdi* : Flush all FSDB Files at 761,000,000 ps.
*Verdi* : Flush all FSDB Files at 762,000,000 ps.
*Verdi* : Flush all FSDB Files at 763,000,000 ps.
*Verdi* : Flush all FSDB Files at 764,000,000 ps.
*Verdi* : Flush all FSDB Files at 765,000,000 ps.
*Verdi* : Flush all FSDB Files at 766,000,000 ps.
*Verdi* : Flush all FSDB Files at 767,000,000 ps.
*Verdi* : Flush all FSDB Files at 768,000,000 ps.
*Verdi* : Flush all FSDB Files at 769,000,000 ps.
*Verdi* : Flush all FSDB Files at 770,000,000 ps.
*Verdi* : Flush all FSDB Files at 771,000,000 ps.
*Verdi* : Flush all FSDB Files at 772,000,000 ps.
*Verdi* : Flush all FSDB Files at 773,000,000 ps.
*Verdi* : Flush all FSDB Files at 774,000,000 ps.
*Verdi* : Flush all FSDB Files at 775,000,000 ps.
*Verdi* : Flush all FSDB Files at 776,000,000 ps.
*Verdi* : Flush all FSDB Files at 777,000,000 ps.
*Verdi* : Flush all FSDB Files at 778,000,000 ps.
*Verdi* : Flush all FSDB Files at 779,000,000 ps.
*Verdi* : Flush all FSDB Files at 780,000,000 ps.
*Verdi* : Flush all FSDB Files at 781,000,000 ps.
*Verdi* : Flush all FSDB Files at 782,000,000 ps.
*Verdi* : Flush all FSDB Files at 783,000,000 ps.
*Verdi* : Flush all FSDB Files at 784,000,000 ps.
*Verdi* : Flush all FSDB Files at 785,000,000 ps.
*Verdi* : Flush all FSDB Files at 786,000,000 ps.
*Verdi* : Flush all FSDB Files at 787,000,000 ps.
*Verdi* : Flush all FSDB Files at 788,000,000 ps.
*Verdi* : Flush all FSDB Files at 789,000,000 ps.
*Verdi* : Flush all FSDB Files at 790,000,000 ps.
*Verdi* : Flush all FSDB Files at 791,000,000 ps.
*Verdi* : Flush all FSDB Files at 792,000,000 ps.
*Verdi* : Flush all FSDB Files at 793,000,000 ps.
*Verdi* : Flush all FSDB Files at 794,000,000 ps.
*Verdi* : Flush all FSDB Files at 795,000,000 ps.
*Verdi* : Flush all FSDB Files at 796,000,000 ps.
*Verdi* : Flush all FSDB Files at 797,000,000 ps.
*Verdi* : Flush all FSDB Files at 798,000,000 ps.
*Verdi* : Flush all FSDB Files at 799,000,000 ps.
*Verdi* : Flush all FSDB Files at 800,000,000 ps.
*Verdi* : Flush all FSDB Files at 801,000,000 ps.
*Verdi* : Flush all FSDB Files at 802,000,000 ps.
*Verdi* : Flush all FSDB Files at 803,000,000 ps.
*Verdi* : Flush all FSDB Files at 804,000,000 ps.
*Verdi* : Flush all FSDB Files at 805,000,000 ps.
*Verdi* : Flush all FSDB Files at 806,000,000 ps.
*Verdi* : Flush all FSDB Files at 807,000,000 ps.
*Verdi* : Flush all FSDB Files at 808,000,000 ps.
*Verdi* : Flush all FSDB Files at 809,000,000 ps.
*Verdi* : Flush all FSDB Files at 810,000,000 ps.
*Verdi* : Flush all FSDB Files at 811,000,000 ps.
*Verdi* : Flush all FSDB Files at 812,000,000 ps.
*Verdi* : Flush all FSDB Files at 813,000,000 ps.
*Verdi* : Flush all FSDB Files at 814,000,000 ps.
*Verdi* : Flush all FSDB Files at 815,000,000 ps.
*Verdi* : Flush all FSDB Files at 816,000,000 ps.
*Verdi* : Flush all FSDB Files at 817,000,000 ps.
*Verdi* : Flush all FSDB Files at 818,000,000 ps.
*Verdi* : Flush all FSDB Files at 819,000,000 ps.
*Verdi* : Flush all FSDB Files at 820,000,000 ps.
*Verdi* : Flush all FSDB Files at 821,000,000 ps.
*Verdi* : Flush all FSDB Files at 822,000,000 ps.
*Verdi* : Flush all FSDB Files at 823,000,000 ps.
*Verdi* : Flush all FSDB Files at 824,000,000 ps.
*Verdi* : Flush all FSDB Files at 825,000,000 ps.
*Verdi* : Flush all FSDB Files at 826,000,000 ps.
*Verdi* : Flush all FSDB Files at 827,000,000 ps.
*Verdi* : Flush all FSDB Files at 828,000,000 ps.
*Verdi* : Flush all FSDB Files at 829,000,000 ps.
*Verdi* : Flush all FSDB Files at 830,000,000 ps.
*Verdi* : Flush all FSDB Files at 831,000,000 ps.
*Verdi* : Flush all FSDB Files at 832,000,000 ps.
*Verdi* : Flush all FSDB Files at 833,000,000 ps.
*Verdi* : Flush all FSDB Files at 834,000,000 ps.
*Verdi* : Flush all FSDB Files at 835,000,000 ps.
*Verdi* : Flush all FSDB Files at 836,000,000 ps.
*Verdi* : Flush all FSDB Files at 837,000,000 ps.
*Verdi* : Flush all FSDB Files at 838,000,000 ps.
*Verdi* : Flush all FSDB Files at 839,000,000 ps.
*Verdi* : Flush all FSDB Files at 840,000,000 ps.
*Verdi* : Flush all FSDB Files at 841,000,000 ps.
*Verdi* : Flush all FSDB Files at 842,000,000 ps.
*Verdi* : Flush all FSDB Files at 843,000,000 ps.
*Verdi* : Flush all FSDB Files at 844,000,000 ps.
*Verdi* : Flush all FSDB Files at 845,000,000 ps.
*Verdi* : Flush all FSDB Files at 846,000,000 ps.
*Verdi* : Flush all FSDB Files at 847,000,000 ps.
*Verdi* : Flush all FSDB Files at 848,000,000 ps.
*Verdi* : Flush all FSDB Files at 849,000,000 ps.
*Verdi* : Flush all FSDB Files at 850,000,000 ps.
*Verdi* : Flush all FSDB Files at 851,000,000 ps.
*Verdi* : Flush all FSDB Files at 852,000,000 ps.
*Verdi* : Flush all FSDB Files at 853,000,000 ps.
*Verdi* : Flush all FSDB Files at 854,000,000 ps.
*Verdi* : Flush all FSDB Files at 855,000,000 ps.
*Verdi* : Flush all FSDB Files at 856,000,000 ps.
*Verdi* : Flush all FSDB Files at 857,000,000 ps.
*Verdi* : Flush all FSDB Files at 858,000,000 ps.
*Verdi* : Flush all FSDB Files at 859,000,000 ps.
*Verdi* : Flush all FSDB Files at 860,000,000 ps.
*Verdi* : Flush all FSDB Files at 861,000,000 ps.
*Verdi* : Flush all FSDB Files at 862,000,000 ps.
*Verdi* : Flush all FSDB Files at 863,000,000 ps.
*Verdi* : Flush all FSDB Files at 864,000,000 ps.
*Verdi* : Flush all FSDB Files at 865,000,000 ps.
*Verdi* : Flush all FSDB Files at 866,000,000 ps.
*Verdi* : Flush all FSDB Files at 867,000,000 ps.
*Verdi* : Flush all FSDB Files at 868,000,000 ps.
*Verdi* : Flush all FSDB Files at 869,000,000 ps.
*Verdi* : Flush all FSDB Files at 870,000,000 ps.
*Verdi* : Flush all FSDB Files at 871,000,000 ps.
*Verdi* : Flush all FSDB Files at 872,000,000 ps.
*Verdi* : Flush all FSDB Files at 873,000,000 ps.
*Verdi* : Flush all FSDB Files at 874,000,000 ps.
*Verdi* : Flush all FSDB Files at 875,000,000 ps.
*Verdi* : Flush all FSDB Files at 876,000,000 ps.
*Verdi* : Flush all FSDB Files at 877,000,000 ps.
*Verdi* : Flush all FSDB Files at 878,000,000 ps.
*Verdi* : Flush all FSDB Files at 879,000,000 ps.
*Verdi* : Flush all FSDB Files at 880,000,000 ps.
*Verdi* : Flush all FSDB Files at 881,000,000 ps.
*Verdi* : Flush all FSDB Files at 882,000,000 ps.
*Verdi* : Flush all FSDB Files at 883,000,000 ps.
*Verdi* : Flush all FSDB Files at 884,000,000 ps.
*Verdi* : Flush all FSDB Files at 885,000,000 ps.
*Verdi* : Flush all FSDB Files at 886,000,000 ps.
*Verdi* : Flush all FSDB Files at 887,000,000 ps.
*Verdi* : Flush all FSDB Files at 888,000,000 ps.
*Verdi* : Flush all FSDB Files at 889,000,000 ps.
*Verdi* : Flush all FSDB Files at 890,000,000 ps.
*Verdi* : Flush all FSDB Files at 891,000,000 ps.
*Verdi* : Flush all FSDB Files at 892,000,000 ps.
*Verdi* : Flush all FSDB Files at 893,000,000 ps.
*Verdi* : Flush all FSDB Files at 894,000,000 ps.
*Verdi* : Flush all FSDB Files at 895,000,000 ps.
*Verdi* : Flush all FSDB Files at 896,000,000 ps.
*Verdi* : Flush all FSDB Files at 897,000,000 ps.
*Verdi* : Flush all FSDB Files at 898,000,000 ps.
*Verdi* : Flush all FSDB Files at 899,000,000 ps.
*Verdi* : Flush all FSDB Files at 900,000,000 ps.
*Verdi* : Flush all FSDB Files at 901,000,000 ps.
*Verdi* : Flush all FSDB Files at 902,000,000 ps.
*Verdi* : Flush all FSDB Files at 903,000,000 ps.
*Verdi* : Flush all FSDB Files at 904,000,000 ps.
*Verdi* : Flush all FSDB Files at 905,000,000 ps.
*Verdi* : Flush all FSDB Files at 906,000,000 ps.
*Verdi* : Flush all FSDB Files at 907,000,000 ps.
*Verdi* : Flush all FSDB Files at 908,000,000 ps.
[908910000] 階段 1.5: 90800 筆 0 傳送結束，無縫接軌檔案資料。
階段 2: 啟動混合模式激勵 (前 45312 筆連續送)...
*Verdi* : Flush all FSDB Files at 909,000,000 ps.
*Verdi* : Flush all FSDB Files at 910,000,000 ps.
*Verdi* : Flush all FSDB Files at 911,000,000 ps.
*Verdi* : Flush all FSDB Files at 912,000,000 ps.
*Verdi* : Flush all FSDB Files at 913,000,000 ps.
*Verdi* : Flush all FSDB Files at 914,000,000 ps.
*Verdi* : Flush all FSDB Files at 915,000,000 ps.
*Verdi* : Flush all FSDB Files at 916,000,000 ps.
*Verdi* : Flush all FSDB Files at 917,000,000 ps.
*Verdi* : Flush all FSDB Files at 918,000,000 ps.
*Verdi* : Flush all FSDB Files at 919,000,000 ps.
*Verdi* : Flush all FSDB Files at 920,000,000 ps.
*Verdi* : Flush all FSDB Files at 921,000,000 ps.
*Verdi* : Flush all FSDB Files at 922,000,000 ps.
*Verdi* : Flush all FSDB Files at 923,000,000 ps.
*Verdi* : Flush all FSDB Files at 924,000,000 ps.
*Verdi* : Flush all FSDB Files at 925,000,000 ps.
*Verdi* : Flush all FSDB Files at 926,000,000 ps.
*Verdi* : Flush all FSDB Files at 927,000,000 ps.
*Verdi* : Flush all FSDB Files at 928,000,000 ps.
*Verdi* : Flush all FSDB Files at 929,000,000 ps.
*Verdi* : Flush all FSDB Files at 930,000,000 ps.
*Verdi* : Flush all FSDB Files at 931,000,000 ps.
*Verdi* : Flush all FSDB Files at 932,000,000 ps.
*Verdi* : Flush all FSDB Files at 933,000,000 ps.
*Verdi* : Flush all FSDB Files at 934,000,000 ps.
*Verdi* : Flush all FSDB Files at 935,000,000 ps.
*Verdi* : Flush all FSDB Files at 936,000,000 ps.
*Verdi* : Flush all FSDB Files at 937,000,000 ps.
*Verdi* : Flush all FSDB Files at 938,000,000 ps.
*Verdi* : Flush all FSDB Files at 939,000,000 ps.
*Verdi* : Flush all FSDB Files at 940,000,000 ps.
*Verdi* : Flush all FSDB Files at 941,000,000 ps.
*Verdi* : Flush all FSDB Files at 942,000,000 ps.
*Verdi* : Flush all FSDB Files at 943,000,000 ps.
*Verdi* : Flush all FSDB Files at 944,000,000 ps.
*Verdi* : Flush all FSDB Files at 945,000,000 ps.
*Verdi* : Flush all FSDB Files at 946,000,000 ps.
*Verdi* : Flush all FSDB Files at 947,000,000 ps.
*Verdi* : Flush all FSDB Files at 948,000,000 ps.
*Verdi* : Flush all FSDB Files at 949,000,000 ps.
*Verdi* : Flush all FSDB Files at 950,000,000 ps.
*Verdi* : Flush all FSDB Files at 951,000,000 ps.
*Verdi* : Flush all FSDB Files at 952,000,000 ps.
*Verdi* : Flush all FSDB Files at 953,000,000 ps.
*Verdi* : Flush all FSDB Files at 954,000,000 ps.
*Verdi* : Flush all FSDB Files at 955,000,000 ps.
*Verdi* : Flush all FSDB Files at 956,000,000 ps.
*Verdi* : Flush all FSDB Files at 957,000,000 ps.
*Verdi* : Flush all FSDB Files at 958,000,000 ps.
*Verdi* : Flush all FSDB Files at 959,000,000 ps.
*Verdi* : Flush all FSDB Files at 960,000,000 ps.
*Verdi* : Flush all FSDB Files at 961,000,000 ps.
*Verdi* : Flush all FSDB Files at 962,000,000 ps.
*Verdi* : Flush all FSDB Files at 963,000,000 ps.
*Verdi* : Flush all FSDB Files at 964,000,000 ps.
*Verdi* : Flush all FSDB Files at 965,000,000 ps.
*Verdi* : Flush all FSDB Files at 966,000,000 ps.
*Verdi* : Flush all FSDB Files at 967,000,000 ps.
*Verdi* : Flush all FSDB Files at 968,000,000 ps.
*Verdi* : Flush all FSDB Files at 969,000,000 ps.
*Verdi* : Flush all FSDB Files at 970,000,000 ps.
*Verdi* : Flush all FSDB Files at 971,000,000 ps.
*Verdi* : Flush all FSDB Files at 972,000,000 ps.
*Verdi* : Flush all FSDB Files at 973,000,000 ps.
*Verdi* : Flush all FSDB Files at 974,000,000 ps.
*Verdi* : Flush all FSDB Files at 975,000,000 ps.
*Verdi* : Flush all FSDB Files at 976,000,000 ps.
*Verdi* : Flush all FSDB Files at 977,000,000 ps.
*Verdi* : Flush all FSDB Files at 978,000,000 ps.
*Verdi* : Flush all FSDB Files at 979,000,000 ps.
*Verdi* : Flush all FSDB Files at 980,000,000 ps.
*Verdi* : Flush all FSDB Files at 981,000,000 ps.
*Verdi* : Flush all FSDB Files at 982,000,000 ps.
*Verdi* : Flush all FSDB Files at 983,000,000 ps.
*Verdi* : Flush all FSDB Files at 984,000,000 ps.
*Verdi* : Flush all FSDB Files at 985,000,000 ps.
*Verdi* : Flush all FSDB Files at 986,000,000 ps.
*Verdi* : Flush all FSDB Files at 987,000,000 ps.
*Verdi* : Flush all FSDB Files at 988,000,000 ps.
*Verdi* : Flush all FSDB Files at 989,000,000 ps.
*Verdi* : Flush all FSDB Files at 990,000,000 ps.
*Verdi* : Flush all FSDB Files at 991,000,000 ps.
*Verdi* : Flush all FSDB Files at 992,000,000 ps.
*Verdi* : Flush all FSDB Files at 993,000,000 ps.
*Verdi* : Flush all FSDB Files at 994,000,000 ps.
*Verdi* : Flush all FSDB Files at 995,000,000 ps.
*Verdi* : Flush all FSDB Files at 996,000,000 ps.
*Verdi* : Flush all FSDB Files at 997,000,000 ps.
*Verdi* : Flush all FSDB Files at 998,000,000 ps.
*Verdi* : Flush all FSDB Files at 999,000,000 ps.
*Verdi* : Flush all FSDB Files at 1,000,000,000 ps.
*Verdi* : Flush all FSDB Files at 1,001,000,000 ps.
*Verdi* : Flush all FSDB Files at 1,002,000,000 ps.
*Verdi* : Flush all FSDB Files at 1,003,000,000 ps.
*Verdi* : Flush all FSDB Files at 1,004,000,000 ps.
*Verdi* : Flush all FSDB Files at 1,005,000,000 ps.
*Verdi* : Flush all FSDB Files at 1,006,000,000 ps.
*Verdi* : Flush all FSDB Files at 1,007,000,000 ps.
*Verdi* : Flush all FSDB Files at 1,008,000,000 ps.
*Verdi* : Flush all FSDB Files at 1,009,000,000 ps.
*Verdi* : Flush all FSDB Files at 1,010,000,000 ps.
*Verdi* : Flush all FSDB Files at 1,011,000,000 ps.
*Verdi* : Flush all FSDB Files at 1,012,000,000 ps.
*Verdi* : Flush all FSDB Files at 1,013,000,000 ps.
*Verdi* : Flush all FSDB Files at 1,014,000,000 ps.
*Verdi* : Flush all FSDB Files at 1,015,000,000 ps.
*Verdi* : Flush all FSDB Files at 1,016,000,000 ps.
*Verdi* : Flush all FSDB Files at 1,017,000,000 ps.
*Verdi* : Flush all FSDB Files at 1,018,000,000 ps.
*Verdi* : Flush all FSDB Files at 1,019,000,000 ps.
*Verdi* : Flush all FSDB Files at 1,020,000,000 ps.
*Verdi* : Flush all FSDB Files at 1,021,000,000 ps.
*Verdi* : Flush all FSDB Files at 1,022,000,000 ps.
*Verdi* : Flush all FSDB Files at 1,023,000,000 ps.
*Verdi* : Flush all FSDB Files at 1,024,000,000 ps.
*Verdi* : Flush all FSDB Files at 1,025,000,000 ps.
*Verdi* : Flush all FSDB Files at 1,026,000,000 ps.
*Verdi* : Flush all FSDB Files at 1,027,000,000 ps.
*Verdi* : Flush all FSDB Files at 1,028,000,000 ps.
*Verdi* : Flush all FSDB Files at 1,029,000,000 ps.
*Verdi* : Flush all FSDB Files at 1,030,000,000 ps.
*Verdi* : Flush all FSDB Files at 1,031,000,000 ps.
*Verdi* : Flush all FSDB Files at 1,032,000,000 ps.
*Verdi* : Flush all FSDB Files at 1,033,000,000 ps.
*Verdi* : Flush all FSDB Files at 1,034,000,000 ps.
*Verdi* : Flush all FSDB Files at 1,035,000,000 ps.
*Verdi* : Flush all FSDB Files at 1,036,000,000 ps.
*Verdi* : Flush all FSDB Files at 1,037,000,000 ps.
*Verdi* : Flush all FSDB Files at 1,038,000,000 ps.
*Verdi* : Flush all FSDB Files at 1,039,000,000 ps.
*Verdi* : Flush all FSDB Files at 1,040,000,000 ps.
*Verdi* : Flush all FSDB Files at 1,041,000,000 ps.
*Verdi* : Flush all FSDB Files at 1,042,000,000 ps.
*Verdi* : Flush all FSDB Files at 1,043,000,000 ps.
*Verdi* : Flush all FSDB Files at 1,044,000,000 ps.
*Verdi* : Flush all FSDB Files at 1,045,000,000 ps.
*Verdi* : Flush all FSDB Files at 1,046,000,000 ps.
*Verdi* : Flush all FSDB Files at 1,047,000,000 ps.
*Verdi* : Flush all FSDB Files at 1,048,000,000 ps.
*Verdi* : Flush all FSDB Files at 1,049,000,000 ps.
*Verdi* : Flush all FSDB Files at 1,050,000,000 ps.
*Verdi* : Flush all FSDB Files at 1,051,000,000 ps.
*Verdi* : Flush all FSDB Files at 1,052,000,000 ps.
*Verdi* : Flush all FSDB Files at 1,053,000,000 ps.
*Verdi* : Flush all FSDB Files at 1,054,000,000 ps.
*Verdi* : Flush all FSDB Files at 1,055,000,000 ps.
*Verdi* : Flush all FSDB Files at 1,056,000,000 ps.
*Verdi* : Flush all FSDB Files at 1,057,000,000 ps.
*Verdi* : Flush all FSDB Files at 1,058,000,000 ps.
*Verdi* : Flush all FSDB Files at 1,059,000,000 ps.
*Verdi* : Flush all FSDB Files at 1,060,000,000 ps.
*Verdi* : Flush all FSDB Files at 1,061,000,000 ps.
*Verdi* : Flush all FSDB Files at 1,062,000,000 ps.
*Verdi* : Flush all FSDB Files at 1,063,000,000 ps.
*Verdi* : Flush all FSDB Files at 1,064,000,000 ps.
*Verdi* : Flush all FSDB Files at 1,065,000,000 ps.
*Verdi* : Flush all FSDB Files at 1,066,000,000 ps.
*Verdi* : Flush all FSDB Files at 1,067,000,000 ps.
*Verdi* : Flush all FSDB Files at 1,068,000,000 ps.
*Verdi* : Flush all FSDB Files at 1,069,000,000 ps.
*Verdi* : Flush all FSDB Files at 1,070,000,000 ps.
*Verdi* : Flush all FSDB Files at 1,071,000,000 ps.
*Verdi* : Flush all FSDB Files at 1,072,000,000 ps.
*Verdi* : Flush all FSDB Files at 1,073,000,000 ps.
*Verdi* : Flush all FSDB Files at 1,074,000,000 ps.
*Verdi* : Flush all FSDB Files at 1,075,000,000 ps.
*Verdi* : Flush all FSDB Files at 1,076,000,000 ps.
*Verdi* : Flush all FSDB Files at 1,077,000,000 ps.
*Verdi* : Flush all FSDB Files at 1,078,000,000 ps.
*Verdi* : Flush all FSDB Files at 1,079,000,000 ps.
*Verdi* : Flush all FSDB Files at 1,080,000,000 ps.
*Verdi* : Flush all FSDB Files at 1,081,000,000 ps.
*Verdi* : Flush all FSDB Files at 1,082,000,000 ps.
*Verdi* : Flush all FSDB Files at 1,083,000,000 ps.
*Verdi* : Flush all FSDB Files at 1,084,000,000 ps.
*Verdi* : Flush all FSDB Files at 1,085,000,000 ps.
*Verdi* : Flush all FSDB Files at 1,086,000,000 ps.
*Verdi* : Flush all FSDB Files at 1,087,000,000 ps.
*Verdi* : Flush all FSDB Files at 1,088,000,000 ps.
*Verdi* : Flush all FSDB Files at 1,089,000,000 ps.
*Verdi* : Flush all FSDB Files at 1,090,000,000 ps.
*Verdi* : Flush all FSDB Files at 1,091,000,000 ps.
*Verdi* : Flush all FSDB Files at 1,092,000,000 ps.
*Verdi* : Flush all FSDB Files at 1,093,000,000 ps.
*Verdi* : Flush all FSDB Files at 1,094,000,000 ps.
*Verdi* : Flush all FSDB Files at 1,095,000,000 ps.
*Verdi* : Flush all FSDB Files at 1,096,000,000 ps.
*Verdi* : Flush all FSDB Files at 1,097,000,000 ps.
*Verdi* : Flush all FSDB Files at 1,098,000,000 ps.
*Verdi* : Flush all FSDB Files at 1,099,000,000 ps.
*Verdi* : Flush all FSDB Files at 1,100,000,000 ps.
*Verdi* : Flush all FSDB Files at 1,101,000,000 ps.
*Verdi* : Flush all FSDB Files at 1,102,000,000 ps.
*Verdi* : Flush all FSDB Files at 1,103,000,000 ps.
*Verdi* : Flush all FSDB Files at 1,104,000,000 ps.
*Verdi* : Flush all FSDB Files at 1,105,000,000 ps.
*Verdi* : Flush all FSDB Files at 1,106,000,000 ps.
*Verdi* : Flush all FSDB Files at 1,107,000,000 ps.
*Verdi* : Flush all FSDB Files at 1,108,000,000 ps.
*Verdi* : Flush all FSDB Files at 1,109,000,000 ps.
*Verdi* : Flush all FSDB Files at 1,110,000,000 ps.
*Verdi* : Flush all FSDB Files at 1,111,000,000 ps.
*Verdi* : Flush all FSDB Files at 1,112,000,000 ps.
*Verdi* : Flush all FSDB Files at 1,113,000,000 ps.
*Verdi* : Flush all FSDB Files at 1,114,000,000 ps.
*Verdi* : Flush all FSDB Files at 1,115,000,000 ps.
*Verdi* : Flush all FSDB Files at 1,116,000,000 ps.
*Verdi* : Flush all FSDB Files at 1,117,000,000 ps.
*Verdi* : Flush all FSDB Files at 1,118,000,000 ps.
*Verdi* : Flush all FSDB Files at 1,119,000,000 ps.
*Verdi* : Flush all FSDB Files at 1,120,000,000 ps.
*Verdi* : Flush all FSDB Files at 1,121,000,000 ps.
*Verdi* : Flush all FSDB Files at 1,122,000,000 ps.
*Verdi* : Flush all FSDB Files at 1,123,000,000 ps.
*Verdi* : Flush all FSDB Files at 1,124,000,000 ps.
*Verdi* : Flush all FSDB Files at 1,125,000,000 ps.
*Verdi* : Flush all FSDB Files at 1,126,000,000 ps.
*Verdi* : Flush all FSDB Files at 1,127,000,000 ps.
*Verdi* : Flush all FSDB Files at 1,128,000,000 ps.
*Verdi* : Flush all FSDB Files at 1,129,000,000 ps.
*Verdi* : Flush all FSDB Files at 1,130,000,000 ps.
*Verdi* : Flush all FSDB Files at 1,131,000,000 ps.
*Verdi* : Flush all FSDB Files at 1,132,000,000 ps.
*Verdi* : Flush all FSDB Files at 1,133,000,000 ps.
*Verdi* : Flush all FSDB Files at 1,134,000,000 ps.
*Verdi* : Flush all FSDB Files at 1,135,000,000 ps.
*Verdi* : Flush all FSDB Files at 1,136,000,000 ps.
*Verdi* : Flush all FSDB Files at 1,137,000,000 ps.
*Verdi* : Flush all FSDB Files at 1,138,000,000 ps.
*Verdi* : Flush all FSDB Files at 1,139,000,000 ps.
*Verdi* : Flush all FSDB Files at 1,140,000,000 ps.
*Verdi* : Flush all FSDB Files at 1,141,000,000 ps.
*Verdi* : Flush all FSDB Files at 1,142,000,000 ps.
*Verdi* : Flush all FSDB Files at 1,143,000,000 ps.
*Verdi* : Flush all FSDB Files at 1,144,000,000 ps.
*Verdi* : Flush all FSDB Files at 1,145,000,000 ps.
*Verdi* : Flush all FSDB Files at 1,146,000,000 ps.
*Verdi* : Flush all FSDB Files at 1,147,000,000 ps.
*Verdi* : Flush all FSDB Files at 1,148,000,000 ps.
*Verdi* : Flush all FSDB Files at 1,149,000,000 ps.
*Verdi* : Flush all FSDB Files at 1,150,000,000 ps.
*Verdi* : Flush all FSDB Files at 1,151,000,000 ps.
*Verdi* : Flush all FSDB Files at 1,152,000,000 ps.
*Verdi* : Flush all FSDB Files at 1,153,000,000 ps.
*Verdi* : Flush all FSDB Files at 1,154,000,000 ps.
*Verdi* : Flush all FSDB Files at 1,155,000,000 ps.
*Verdi* : Flush all FSDB Files at 1,156,000,000 ps.
*Verdi* : Flush all FSDB Files at 1,157,000,000 ps.
*Verdi* : Flush all FSDB Files at 1,158,000,000 ps.
*Verdi* : Flush all FSDB Files at 1,159,000,000 ps.
*Verdi* : Flush all FSDB Files at 1,160,000,000 ps.
*Verdi* : Flush all FSDB Files at 1,161,000,000 ps.
*Verdi* : Flush all FSDB Files at 1,162,000,000 ps.
*Verdi* : Flush all FSDB Files at 1,163,000,000 ps.
*Verdi* : Flush all FSDB Files at 1,164,000,000 ps.
*Verdi* : Flush all FSDB Files at 1,165,000,000 ps.
*Verdi* : Flush all FSDB Files at 1,166,000,000 ps.
*Verdi* : Flush all FSDB Files at 1,167,000,000 ps.
*Verdi* : Flush all FSDB Files at 1,168,000,000 ps.
*Verdi* : Flush all FSDB Files at 1,169,000,000 ps.
*Verdi* : Flush all FSDB Files at 1,170,000,000 ps.
*Verdi* : Flush all FSDB Files at 1,171,000,000 ps.
*Verdi* : Flush all FSDB Files at 1,172,000,000 ps.
*Verdi* : Flush all FSDB Files at 1,173,000,000 ps.
*Verdi* : Flush all FSDB Files at 1,174,000,000 ps.
*Verdi* : Flush all FSDB Files at 1,175,000,000 ps.
*Verdi* : Flush all FSDB Files at 1,176,000,000 ps.
*Verdi* : Flush all FSDB Files at 1,177,000,000 ps.
*Verdi* : Flush all FSDB Files at 1,178,000,000 ps.
*Verdi* : Flush all FSDB Files at 1,179,000,000 ps.
*Verdi* : Flush all FSDB Files at 1,180,000,000 ps.
*Verdi* : Flush all FSDB Files at 1,181,000,000 ps.
*Verdi* : Flush all FSDB Files at 1,182,000,000 ps.
*Verdi* : Flush all FSDB Files at 1,183,000,000 ps.
*Verdi* : Flush all FSDB Files at 1,184,000,000 ps.
*Verdi* : Flush all FSDB Files at 1,185,000,000 ps.
*Verdi* : Flush all FSDB Files at 1,186,000,000 ps.
*Verdi* : Flush all FSDB Files at 1,187,000,000 ps.
*Verdi* : Flush all FSDB Files at 1,188,000,000 ps.
*Verdi* : Flush all FSDB Files at 1,189,000,000 ps.
*Verdi* : Flush all FSDB Files at 1,190,000,000 ps.
*Verdi* : Flush all FSDB Files at 1,191,000,000 ps.
*Verdi* : Flush all FSDB Files at 1,192,000,000 ps.
*Verdi* : Flush all FSDB Files at 1,193,000,000 ps.
*Verdi* : Flush all FSDB Files at 1,194,000,000 ps.
*Verdi* : Flush all FSDB Files at 1,195,000,000 ps.
*Verdi* : Flush all FSDB Files at 1,196,000,000 ps.
*Verdi* : Flush all FSDB Files at 1,197,000,000 ps.
*Verdi* : Flush all FSDB Files at 1,198,000,000 ps.
*Verdi* : Flush all FSDB Files at 1,199,000,000 ps.
*Verdi* : Flush all FSDB Files at 1,200,000,000 ps.
*Verdi* : Flush all FSDB Files at 1,201,000,000 ps.
*Verdi* : Flush all FSDB Files at 1,202,000,000 ps.
*Verdi* : Flush all FSDB Files at 1,203,000,000 ps.
*Verdi* : Flush all FSDB Files at 1,204,000,000 ps.
*Verdi* : Flush all FSDB Files at 1,205,000,000 ps.
*Verdi* : Flush all FSDB Files at 1,206,000,000 ps.
*Verdi* : Flush all FSDB Files at 1,207,000,000 ps.
*Verdi* : Flush all FSDB Files at 1,208,000,000 ps.
*Verdi* : Flush all FSDB Files at 1,209,000,000 ps.
*Verdi* : Flush all FSDB Files at 1,210,000,000 ps.
*Verdi* : Flush all FSDB Files at 1,211,000,000 ps.
*Verdi* : Flush all FSDB Files at 1,212,000,000 ps.
*Verdi* : Flush all FSDB Files at 1,213,000,000 ps.
*Verdi* : Flush all FSDB Files at 1,214,000,000 ps.
*Verdi* : Flush all FSDB Files at 1,215,000,000 ps.
*Verdi* : Flush all FSDB Files at 1,216,000,000 ps.
*Verdi* : Flush all FSDB Files at 1,217,000,000 ps.
*Verdi* : Flush all FSDB Files at 1,218,000,000 ps.
*Verdi* : Flush all FSDB Files at 1,219,000,000 ps.
*Verdi* : Flush all FSDB Files at 1,220,000,000 ps.
*Verdi* : Flush all FSDB Files at 1,221,000,000 ps.
*Verdi* : Flush all FSDB Files at 1,222,000,000 ps.
*Verdi* : Flush all FSDB Files at 1,223,000,000 ps.
*Verdi* : Flush all FSDB Files at 1,224,000,000 ps.
*Verdi* : Flush all FSDB Files at 1,225,000,000 ps.
*Verdi* : Flush all FSDB Files at 1,226,000,000 ps.
*Verdi* : Flush all FSDB Files at 1,227,000,000 ps.
*Verdi* : Flush all FSDB Files at 1,228,000,000 ps.
*Verdi* : Flush all FSDB Files at 1,229,000,000 ps.
*Verdi* : Flush all FSDB Files at 1,230,000,000 ps.
*Verdi* : Flush all FSDB Files at 1,231,000,000 ps.
*Verdi* : Flush all FSDB Files at 1,232,000,000 ps.
*Verdi* : Flush all FSDB Files at 1,233,000,000 ps.
*Verdi* : Flush all FSDB Files at 1,234,000,000 ps.
*Verdi* : Flush all FSDB Files at 1,235,000,000 ps.
*Verdi* : Flush all FSDB Files at 1,236,000,000 ps.
*Verdi* : Flush all FSDB Files at 1,237,000,000 ps.
*Verdi* : Flush all FSDB Files at 1,238,000,000 ps.
*Verdi* : Flush all FSDB Files at 1,239,000,000 ps.
*Verdi* : Flush all FSDB Files at 1,240,000,000 ps.
*Verdi* : Flush all FSDB Files at 1,241,000,000 ps.
*Verdi* : Flush all FSDB Files at 1,242,000,000 ps.
*Verdi* : Flush all FSDB Files at 1,243,000,000 ps.
*Verdi* : Flush all FSDB Files at 1,244,000,000 ps.
*Verdi* : Flush all FSDB Files at 1,245,000,000 ps.
*Verdi* : Flush all FSDB Files at 1,246,000,000 ps.
*Verdi* : Flush all FSDB Files at 1,247,000,000 ps.
*Verdi* : Flush all FSDB Files at 1,248,000,000 ps.
*Verdi* : Flush all FSDB Files at 1,249,000,000 ps.
*Verdi* : Flush all FSDB Files at 1,250,000,000 ps.
*Verdi* : Flush all FSDB Files at 1,251,000,000 ps.
*Verdi* : Flush all FSDB Files at 1,252,000,000 ps.
*Verdi* : Flush all FSDB Files at 1,253,000,000 ps.
*Verdi* : Flush all FSDB Files at 1,254,000,000 ps.
*Verdi* : Flush all FSDB Files at 1,255,000,000 ps.
*Verdi* : Flush all FSDB Files at 1,256,000,000 ps.
*Verdi* : Flush all FSDB Files at 1,257,000,000 ps.
*Verdi* : Flush all FSDB Files at 1,258,000,000 ps.
*Verdi* : Flush all FSDB Files at 1,259,000,000 ps.
*Verdi* : Flush all FSDB Files at 1,260,000,000 ps.
*Verdi* : Flush all FSDB Files at 1,261,000,000 ps.
*Verdi* : Flush all FSDB Files at 1,262,000,000 ps.
*Verdi* : Flush all FSDB Files at 1,263,000,000 ps.
*Verdi* : Flush all FSDB Files at 1,264,000,000 ps.
*Verdi* : Flush all FSDB Files at 1,265,000,000 ps.
*Verdi* : Flush all FSDB Files at 1,266,000,000 ps.
*Verdi* : Flush all FSDB Files at 1,267,000,000 ps.
*Verdi* : Flush all FSDB Files at 1,268,000,000 ps.
*Verdi* : Flush all FSDB Files at 1,269,000,000 ps.
*Verdi* : Flush all FSDB Files at 1,270,000,000 ps.
*Verdi* : Flush all FSDB Files at 1,271,000,000 ps.
*Verdi* : Flush all FSDB Files at 1,272,000,000 ps.
*Verdi* : Flush all FSDB Files at 1,273,000,000 ps.
*Verdi* : Flush all FSDB Files at 1,274,000,000 ps.
*Verdi* : Flush all FSDB Files at 1,275,000,000 ps.
*Verdi* : Flush all FSDB Files at 1,276,000,000 ps.
*Verdi* : Flush all FSDB Files at 1,277,000,000 ps.
*Verdi* : Flush all FSDB Files at 1,278,000,000 ps.
*Verdi* : Flush all FSDB Files at 1,279,000,000 ps.
*Verdi* : Flush all FSDB Files at 1,280,000,000 ps.
*Verdi* : Flush all FSDB Files at 1,281,000,000 ps.
*Verdi* : Flush all FSDB Files at 1,282,000,000 ps.
*Verdi* : Flush all FSDB Files at 1,283,000,000 ps.
*Verdi* : Flush all FSDB Files at 1,284,000,000 ps.
*Verdi* : Flush all FSDB Files at 1,285,000,000 ps.
*Verdi* : Flush all FSDB Files at 1,286,000,000 ps.
*Verdi* : Flush all FSDB Files at 1,287,000,000 ps.
*Verdi* : Flush all FSDB Files at 1,288,000,000 ps.
*Verdi* : Flush all FSDB Files at 1,289,000,000 ps.
*Verdi* : Flush all FSDB Files at 1,290,000,000 ps.
*Verdi* : Flush all FSDB Files at 1,291,000,000 ps.
*Verdi* : Flush all FSDB Files at 1,292,000,000 ps.
*Verdi* : Flush all FSDB Files at 1,293,000,000 ps.
*Verdi* : Flush all FSDB Files at 1,294,000,000 ps.
*Verdi* : Flush all FSDB Files at 1,295,000,000 ps.
*Verdi* : Flush all FSDB Files at 1,296,000,000 ps.
*Verdi* : Flush all FSDB Files at 1,297,000,000 ps.
*Verdi* : Flush all FSDB Files at 1,298,000,000 ps.
*Verdi* : Flush all FSDB Files at 1,299,000,000 ps.
*Verdi* : Flush all FSDB Files at 1,300,000,000 ps.
*Verdi* : Flush all FSDB Files at 1,301,000,000 ps.
*Verdi* : Flush all FSDB Files at 1,302,000,000 ps.
*Verdi* : Flush all FSDB Files at 1,303,000,000 ps.
*Verdi* : Flush all FSDB Files at 1,304,000,000 ps.
*Verdi* : Flush all FSDB Files at 1,305,000,000 ps.
*Verdi* : Flush all FSDB Files at 1,306,000,000 ps.
*Verdi* : Flush all FSDB Files at 1,307,000,000 ps.
*Verdi* : Flush all FSDB Files at 1,308,000,000 ps.
*Verdi* : Flush all FSDB Files at 1,309,000,000 ps.
*Verdi* : Flush all FSDB Files at 1,310,000,000 ps.
*Verdi* : Flush all FSDB Files at 1,311,000,000 ps.
*Verdi* : Flush all FSDB Files at 1,312,000,000 ps.
*Verdi* : Flush all FSDB Files at 1,313,000,000 ps.
*Verdi* : Flush all FSDB Files at 1,314,000,000 ps.
*Verdi* : Flush all FSDB Files at 1,315,000,000 ps.
*Verdi* : Flush all FSDB Files at 1,316,000,000 ps.
*Verdi* : Flush all FSDB Files at 1,317,000,000 ps.
*Verdi* : Flush all FSDB Files at 1,318,000,000 ps.
*Verdi* : Flush all FSDB Files at 1,319,000,000 ps.
*Verdi* : Flush all FSDB Files at 1,320,000,000 ps.
*Verdi* : Flush all FSDB Files at 1,321,000,000 ps.
*Verdi* : Flush all FSDB Files at 1,322,000,000 ps.
*Verdi* : Flush all FSDB Files at 1,323,000,000 ps.
*Verdi* : Flush all FSDB Files at 1,324,000,000 ps.
*Verdi* : Flush all FSDB Files at 1,325,000,000 ps.
*Verdi* : Flush all FSDB Files at 1,326,000,000 ps.
*Verdi* : Flush all FSDB Files at 1,327,000,000 ps.
*Verdi* : Flush all FSDB Files at 1,328,000,000 ps.
*Verdi* : Flush all FSDB Files at 1,329,000,000 ps.
*Verdi* : Flush all FSDB Files at 1,330,000,000 ps.
*Verdi* : Flush all FSDB Files at 1,331,000,000 ps.
*Verdi* : Flush all FSDB Files at 1,332,000,000 ps.
*Verdi* : Flush all FSDB Files at 1,333,000,000 ps.
*Verdi* : Flush all FSDB Files at 1,334,000,000 ps.
*Verdi* : Flush all FSDB Files at 1,335,000,000 ps.
*Verdi* : Flush all FSDB Files at 1,336,000,000 ps.
*Verdi* : Flush all FSDB Files at 1,337,000,000 ps.
*Verdi* : Flush all FSDB Files at 1,338,000,000 ps.
*Verdi* : Flush all FSDB Files at 1,339,000,000 ps.
*Verdi* : Flush all FSDB Files at 1,340,000,000 ps.
*Verdi* : Flush all FSDB Files at 1,341,000,000 ps.
*Verdi* : Flush all FSDB Files at 1,342,000,000 ps.
*Verdi* : Flush all FSDB Files at 1,343,000,000 ps.
*Verdi* : Flush all FSDB Files at 1,344,000,000 ps.
*Verdi* : Flush all FSDB Files at 1,345,000,000 ps.
*Verdi* : Flush all FSDB Files at 1,346,000,000 ps.
*Verdi* : Flush all FSDB Files at 1,347,000,000 ps.
*Verdi* : Flush all FSDB Files at 1,348,000,000 ps.
*Verdi* : Flush all FSDB Files at 1,349,000,000 ps.
*Verdi* : Flush all FSDB Files at 1,350,000,000 ps.
*Verdi* : Flush all FSDB Files at 1,351,000,000 ps.
*Verdi* : Flush all FSDB Files at 1,352,000,000 ps.
*Verdi* : Flush all FSDB Files at 1,353,000,000 ps.
*Verdi* : Flush all FSDB Files at 1,354,000,000 ps.
*Verdi* : Flush all FSDB Files at 1,355,000,000 ps.
*Verdi* : Flush all FSDB Files at 1,356,000,000 ps.
*Verdi* : Flush all FSDB Files at 1,357,000,000 ps.
*Verdi* : Flush all FSDB Files at 1,358,000,000 ps.
*Verdi* : Flush all FSDB Files at 1,359,000,000 ps.
*Verdi* : Flush all FSDB Files at 1,360,000,000 ps.
*Verdi* : Flush all FSDB Files at 1,361,000,000 ps.
*Verdi* : Flush all FSDB Files at 1,362,000,000 ps.
[1362240000] PATTERN: *** 比對錯誤 *** (Test #1)
    預期: Sum=000a (         10)
    得到: Sum=000008 (          8)
[1362330000] PATTERN: *** 比對錯誤 *** (Test #2)
    預期: Sum=ffdc (        -36)
    得到: Sum=1fffdb (        -37)
[1362600000] PATTERN: *** 比對錯誤 *** (Test #5)
    預期: Sum=0018 (         24)
    得到: Sum=00001a (         26)
[1362960000] PATTERN: *** 比對錯誤 *** (Test #9)
    預期: Sum=0041 (         65)
    得到: Sum=00003f (         63)
*Verdi* : Flush all FSDB Files at 1,363,000,000 ps.
[1363140000] PATTERN: *** 比對錯誤 *** (Test #11)
    預期: Sum=0008 (          8)
    得到: Sum=000009 (          9)
[1363230000] PATTERN: *** 比對錯誤 *** (Test #12)
    預期: Sum=0063 (         99)
    得到: Sum=000064 (        100)
[1363320000] PATTERN: *** 比對錯誤 *** (Test #13)
    預期: Sum=ffa9 (        -87)
    得到: Sum=1fff9a (       -102)
[1363410000] PATTERN: *** 比對錯誤 *** (Test #14)
    預期: Sum=fef9 (       -263)
    得到: Sum=1ffef1 (       -271)
[1363590000] PATTERN: *** 比對錯誤 *** (Test #16)
    預期: Sum=ffed (        -19)
    得到: Sum=1fffea (        -22)
[1363680000] PATTERN: *** 比對錯誤 *** (Test #17)
    預期: Sum=0007 (          7)
    得到: Sum=000008 (          8)
[1363770000] PATTERN: *** 比對錯誤 *** (Test #18)
    預期: Sum=ffdc (        -36)
    得到: Sum=1fffdd (        -35)
[1363950000] PATTERN: *** 比對錯誤 *** (Test #20)
    預期: Sum=0002 (          2)
    得到: Sum=1ffff1 (        -15)
*Verdi* : Flush all FSDB Files at 1,364,000,000 ps.
[1364040000] PATTERN: *** 比對錯誤 *** (Test #21)
    預期: Sum=fff4 (        -12)
    得到: Sum=1ffff0 (        -16)
[1364220000] PATTERN: *** 比對錯誤 *** (Test #23)
    預期: Sum=ff18 (       -232)
    得到: Sum=1fff15 (       -235)
[1364310000] PATTERN: *** 比對錯誤 *** (Test #24)
    預期: Sum=004b (         75)
    得到: Sum=00004a (         74)
[1364400000] PATTERN: *** 比對錯誤 *** (Test #25)
    預期: Sum=0010 (         16)
    得到: Sum=000011 (         17)
[1364490000] PATTERN: *** 比對錯誤 *** (Test #26)
    預期: Sum=fffe (         -2)
    得到: Sum=1ffffd (         -3)
[1364670000] PATTERN: *** 比對錯誤 *** (Test #28)
    預期: Sum=feac (       -340)
    得到: Sum=1ffea7 (       -345)
[1364760000] PATTERN: *** 比對錯誤 *** (Test #29)
    預期: Sum=0000 (          0)
    得到: Sum=1fffff (         -1)
*Verdi* : Flush all FSDB Files at 1,365,000,000 ps.
[1365030000] PATTERN: *** 比對錯誤 *** (Test #32)
    預期: Sum=003a (         58)
    得到: Sum=00003b (         59)
[1365120000] PATTERN: *** 比對錯誤 *** (Test #33)
    預期: Sum=0007 (          7)
    得到: Sum=000004 (          4)
[1365210000] PATTERN: *** 比對錯誤 *** (Test #34)
    預期: Sum=0033 (         51)
    得到: Sum=000037 (         55)
[1365300000] PATTERN: *** 比對錯誤 *** (Test #35)
    預期: Sum=feec (       -276)
    得到: Sum=1ffeef (       -273)
[1365930000] PATTERN: *** 比對錯誤 *** (Test #42)
    預期: Sum=ff13 (       -237)
    得到: Sum=1fff11 (       -239)
*Verdi* : Flush all FSDB Files at 1,366,000,000 ps.
[1366200000] PATTERN: *** 比對錯誤 *** (Test #45)
    預期: Sum=ff08 (       -248)
    得到: Sum=1ffefc (       -260)
[1366560000] PATTERN: *** 比對錯誤 *** (Test #49)
    預期: Sum=0010 (         16)
    得到: Sum=00000f (         15)
[1366920000] PATTERN: *** 比對錯誤 *** (Test #53)
    預期: Sum=fef9 (       -263)
    得到: Sum=1ffef7 (       -265)
*Verdi* : Flush all FSDB Files at 1,367,000,000 ps.
[1367010000] PATTERN: *** 比對錯誤 *** (Test #54)
    預期: Sum=001c (         28)
    得到: Sum=000015 (         21)
[1367100000] PATTERN: *** 比對錯誤 *** (Test #55)
    預期: Sum=0012 (         18)
    得到: Sum=000013 (         19)
[1367280000] PATTERN: *** 比對錯誤 *** (Test #57)
    預期: Sum=0007 (          7)
    得到: Sum=000008 (          8)
[1367460000] PATTERN: *** 比對錯誤 *** (Test #59)
    預期: Sum=ff94 (       -108)
    得到: Sum=1fff95 (       -107)
[1367640000] PATTERN: *** 比對錯誤 *** (Test #61)
    預期: Sum=fec3 (       -317)
    得到: Sum=1ffec4 (       -316)
[1367730000] PATTERN: *** 比對錯誤 *** (Test #62)
    預期: Sum=ffbe (        -66)
    得到: Sum=1fffbc (        -68)
[1367910000] PATTERN: *** 比對錯誤 *** (Test #64)
    預期: Sum=0009 (          9)
    得到: Sum=000008 (          8)
*Verdi* : Flush all FSDB Files at 1,368,000,000 ps.
[1368360000] PATTERN: *** 比對錯誤 *** (Test #69)
    預期: Sum=fff9 (         -7)
    得到: Sum=1ffff8 (         -8)
[1368450000] PATTERN: *** 比對錯誤 *** (Test #70)
    預期: Sum=ffe5 (        -27)
    得到: Sum=1fffe8 (        -24)
[1368540000] PATTERN: *** 比對錯誤 *** (Test #71)
    預期: Sum=fff0 (        -16)
    得到: Sum=1fffef (        -17)
[1368630000] PATTERN: *** 比對錯誤 *** (Test #72)
    預期: Sum=ff75 (       -139)
    得到: Sum=1fff73 (       -141)
*Verdi* : Flush all FSDB Files at 1,369,000,000 ps.
[1369080000] PATTERN: *** 比對錯誤 *** (Test #77)
    預期: Sum=0002 (          2)
    得到: Sum=000004 (          4)
[1369170000] PATTERN: *** 比對錯誤 *** (Test #78)
    預期: Sum=fff0 (        -16)
    得到: Sum=000012 (         18)
[1369260000] PATTERN: *** 比對錯誤 *** (Test #79)
    預期: Sum=ffc9 (        -55)
    得到: Sum=1fffcb (        -53)
[1369440000] PATTERN: *** 比對錯誤 *** (Test #81)
    預期: Sum=ffc8 (        -56)
    得到: Sum=1fffca (        -54)
[1369530000] PATTERN: *** 比對錯誤 *** (Test #82)
    預期: Sum=ffa5 (        -91)
    得到: Sum=1fffa7 (        -89)
[1369710000] PATTERN: *** 比對錯誤 *** (Test #84)
    預期: Sum=fffd (         -3)
    得到: Sum=1ffffe (         -2)
[1369890000] PATTERN: *** 比對錯誤 *** (Test #86)
    預期: Sum=0046 (         70)
    得到: Sum=000047 (         71)
[1369980000] PATTERN: *** 比對錯誤 *** (Test #87)
    預期: Sum=ffea (        -22)
    得到: Sum=1fffe9 (        -23)
*Verdi* : Flush all FSDB Files at 1,370,000,000 ps.
[1370160000] PATTERN: *** 比對錯誤 *** (Test #89)
    預期: Sum=ffea (        -22)
    得到: Sum=1fffe9 (        -23)
[1370250000] PATTERN: *** 比對錯誤 *** (Test #90)
    預期: Sum=fee8 (       -280)
    得到: Sum=1ffeed (       -275)
[1370340000] PATTERN: *** 比對錯誤 *** (Test #91)
    預期: Sum=ffd7 (        -41)
    得到: Sum=1fffd6 (        -42)
[1370520000] PATTERN: *** 比對錯誤 *** (Test #93)
    預期: Sum=ff4f (       -177)
    得到: Sum=1fff51 (       -175)
[1370790000] PATTERN: *** 比對錯誤 *** (Test #96)
    預期: Sum=0010 (         16)
    得到: Sum=00000e (         14)
[1370880000] PATTERN: *** 比對錯誤 *** (Test #97)
    預期: Sum=ff03 (       -253)
    得到: Sum=1fff08 (       -248)
[1370970000] PATTERN: *** 比對錯誤 *** (Test #98)
    預期: Sum=fff5 (        -11)
    得到: Sum=1ffff6 (        -10)
*Verdi* : Flush all FSDB Files at 1,371,000,000 ps.
[1371060000] PATTERN: *** 比對錯誤 *** (Test #99)
    預期: Sum=00bf (        191)
    得到: Sum=0000c5 (        197)
[1371150000] PATTERN: *** 比對錯誤 *** (Test #100)
    預期: Sum=0060 (         96)
    得到: Sum=00005f (         95)
[1371240000] PATTERN: *** 比對錯誤 *** (Test #101)
    預期: Sum=0002 (          2)
    得到: Sum=000001 (          1)
[1371330000] PATTERN: *** 比對錯誤 *** (Test #102)
    預期: Sum=006c (        108)
    得到: Sum=000082 (        130)
[1371510000] PATTERN: *** 比對錯誤 *** (Test #104)
    預期: Sum=0047 (         71)
    得到: Sum=000048 (         72)
[1371780000] PATTERN: *** 比對錯誤 *** (Test #107)
    預期: Sum=ff80 (       -128)
    得到: Sum=1fff7f (       -129)
[1371960000] PATTERN: *** 比對錯誤 *** (Test #109)
    預期: Sum=ff6d (       -147)
    得到: Sum=1fff6e (       -146)
*Verdi* : Flush all FSDB Files at 1,372,000,000 ps.
[1372050000] PATTERN: *** 比對錯誤 *** (Test #110)
    預期: Sum=ff31 (       -207)
    得到: Sum=1fff2f (       -209)
[1372140000] PATTERN: *** 比對錯誤 *** (Test #111)
    預期: Sum=00d1 (        209)
    得到: Sum=0000c5 (        197)
[1372590000] PATTERN: *** 比對錯誤 *** (Test #116)
    預期: Sum=ff2b (       -213)
    得到: Sum=1fff2a (       -214)
[1372680000] PATTERN: *** 比對錯誤 *** (Test #117)
    預期: Sum=ffd8 (        -40)
    得到: Sum=1fffdb (        -37)
[1372770000] PATTERN: *** 比對錯誤 *** (Test #118)
    預期: Sum=fefe (       -258)
    得到: Sum=1ffef3 (       -269)
[1372950000] PATTERN: *** 比對錯誤 *** (Test #120)
    預期: Sum=009b (        155)
    得到: Sum=00009c (        156)
*Verdi* : Flush all FSDB Files at 1,373,000,000 ps.
[1373040000] PATTERN: *** 比對錯誤 *** (Test #121)
    預期: Sum=0006 (          6)
    得到: Sum=000005 (          5)
[1373130000] PATTERN: *** 比對錯誤 *** (Test #122)
    預期: Sum=000f (         15)
    得到: Sum=00000e (         14)
[1373400000] PATTERN: *** 比對錯誤 *** (Test #125)
    預期: Sum=ff54 (       -172)
    得到: Sum=1fff55 (       -171)
[1373490000] PATTERN: *** 比對錯誤 *** (Test #126)
    預期: Sum=ffd3 (        -45)
    得到: Sum=1fffd4 (        -44)
[1373580000] PATTERN: *** 比對錯誤 *** (Test #127)
    預期: Sum=ff1a (       -230)
    得到: Sum=1fff19 (       -231)
[1373670000] PATTERN: *** 比對錯誤 *** (Test #128)
    預期: Sum=ff9a (       -102)
    得到: Sum=1fffa6 (        -90)
*Verdi* : Flush all FSDB Files at 1,374,000,000 ps.
[1374030000] PATTERN: *** 比對錯誤 *** (Test #132)
    預期: Sum=0006 (          6)
    得到: Sum=000007 (          7)
[1374210000] PATTERN: *** 比對錯誤 *** (Test #134)
    預期: Sum=ff03 (       -253)
    得到: Sum=1fff04 (       -252)
[1374300000] PATTERN: *** 比對錯誤 *** (Test #135)
    預期: Sum=ffff (         -1)
    得到: Sum=1ffffe (         -2)
[1374390000] PATTERN: *** 比對錯誤 *** (Test #136)
    預期: Sum=fee2 (       -286)
    得到: Sum=1ffee4 (       -284)
[1374480000] PATTERN: *** 比對錯誤 *** (Test #137)
    預期: Sum=002e (         46)
    得到: Sum=000029 (         41)
[1374660000] PATTERN: *** 比對錯誤 *** (Test #139)
    預期: Sum=ff9a (       -102)
    得到: Sum=1fff9c (       -100)
[1374750000] PATTERN: *** 比對錯誤 *** (Test #140)
    預期: Sum=fff4 (        -12)
    得到: Sum=1ffff5 (        -11)
*Verdi* : Flush all FSDB Files at 1,375,000,000 ps.
[1375020000] PATTERN: *** 比對錯誤 *** (Test #143)
    預期: Sum=0003 (          3)
    得到: Sum=000002 (          2)
[1375110000] PATTERN: *** 比對錯誤 *** (Test #144)
    預期: Sum=0050 (         80)
    得到: Sum=00004d (         77)
[1375200000] PATTERN: *** 比對錯誤 *** (Test #145)
    預期: Sum=fe32 (       -462)
    得到: Sum=1ffe23 (       -477)
[1375290000] PATTERN: *** 比對錯誤 *** (Test #146)
    預期: Sum=0016 (         22)
    得到: Sum=000017 (         23)
[1375380000] PATTERN: *** 比對錯誤 *** (Test #147)
    預期: Sum=ffee (        -18)
    得到: Sum=1fffef (        -17)
[1375650000] PATTERN: *** 比對錯誤 *** (Test #150)
    預期: Sum=ffd4 (        -44)
    得到: Sum=1fffd5 (        -43)
[1375740000] PATTERN: *** 比對錯誤 *** (Test #151)
    預期: Sum=000d (         13)
    得到: Sum=00000c (         12)
[1375830000] PATTERN: *** 比對錯誤 *** (Test #152)
    預期: Sum=ffa9 (        -87)
    得到: Sum=1fffa4 (        -92)
[1375920000] PATTERN: *** 比對錯誤 *** (Test #153)
    預期: Sum=ffe2 (        -30)
    得到: Sum=1fffe3 (        -29)
*Verdi* : Flush all FSDB Files at 1,376,000,000 ps.
[1376010000] PATTERN: *** 比對錯誤 *** (Test #154)
    預期: Sum=ffc3 (        -61)
    得到: Sum=1fffc5 (        -59)
[1376190000] PATTERN: *** 比對錯誤 *** (Test #156)
    預期: Sum=ff26 (       -218)
    得到: Sum=1fff27 (       -217)
[1376280000] PATTERN: *** 比對錯誤 *** (Test #157)
    預期: Sum=ffed (        -19)
    得到: Sum=1fffee (        -18)
[1376460000] PATTERN: *** 比對錯誤 *** (Test #159)
    預期: Sum=002d (         45)
    得到: Sum=00002f (         47)
[1376730000] PATTERN: *** 比對錯誤 *** (Test #162)
    預期: Sum=000a (         10)
    得到: Sum=00000c (         12)
[1376910000] PATTERN: *** 比對錯誤 *** (Test #164)
    預期: Sum=fef8 (       -264)
    得到: Sum=1ffef4 (       -268)
*Verdi* : Flush all FSDB Files at 1,377,000,000 ps.
[1377000000] PATTERN: *** 比對錯誤 *** (Test #165)
    預期: Sum=ff2b (       -213)
    得到: Sum=1fff1e (       -226)
[1377090000] PATTERN: *** 比對錯誤 *** (Test #166)
    預期: Sum=ffe4 (        -28)
    得到: Sum=1fffe2 (        -30)
[1377180000] PATTERN: *** 比對錯誤 *** (Test #167)
    預期: Sum=0001 (          1)
    得到: Sum=000002 (          2)
[1377270000] PATTERN: *** 比對錯誤 *** (Test #168)
    預期: Sum=ff14 (       -236)
    得到: Sum=1fff16 (       -234)
[1377360000] PATTERN: *** 比對錯誤 *** (Test #169)
    預期: Sum=001c (         28)
    得到: Sum=00001b (         27)
[1377450000] PATTERN: *** 比對錯誤 *** (Test #170)
    預期: Sum=ff10 (       -240)
    得到: Sum=1fff0c (       -244)
[1377630000] PATTERN: *** 比對錯誤 *** (Test #172)
    預期: Sum=ffec (        -20)
    得到: Sum=1fffeb (        -21)
[1377720000] PATTERN: *** 比對錯誤 *** (Test #173)
    預期: Sum=ffc2 (        -62)
    得到: Sum=1fffc3 (        -61)
[1377900000] PATTERN: *** 比對錯誤 *** (Test #175)
    預期: Sum=0015 (         21)
    得到: Sum=000011 (         17)
*Verdi* : Flush all FSDB Files at 1,378,000,000 ps.
[1378080000] PATTERN: *** 比對錯誤 *** (Test #177)
    預期: Sum=fef4 (       -268)
    得到: Sum=1ffef6 (       -266)
[1378170000] PATTERN: *** 比對錯誤 *** (Test #178)
    預期: Sum=fff0 (        -16)
    得到: Sum=1ffff1 (        -15)
[1378260000] PATTERN: *** 比對錯誤 *** (Test #179)
    預期: Sum=ff22 (       -222)
    得到: Sum=1fff21 (       -223)
[1378350000] PATTERN: *** 比對錯誤 *** (Test #180)
    預期: Sum=0013 (         19)
    得到: Sum=000014 (         20)
[1378440000] PATTERN: *** 比對錯誤 *** (Test #181)
    預期: Sum=fffc (         -4)
    得到: Sum=000000 (          0)
[1378620000] PATTERN: *** 比對錯誤 *** (Test #183)
    預期: Sum=000d (         13)
    得到: Sum=00000b (         11)
[1378710000] PATTERN: *** 比對錯誤 *** (Test #184)
    預期: Sum=ff33 (       -205)
    得到: Sum=1fff31 (       -207)
[1378800000] PATTERN: *** 比對錯誤 *** (Test #185)
    預期: Sum=ff2f (       -209)
    得到: Sum=1fff31 (       -207)
[1378890000] PATTERN: *** 比對錯誤 *** (Test #186)
    預期: Sum=004e (         78)
    得到: Sum=00004f (         79)
[1378980000] PATTERN: *** 比對錯誤 *** (Test #187)
    預期: Sum=000f (         15)
    得到: Sum=000010 (         16)
*Verdi* : Flush all FSDB Files at 1,379,000,000 ps.
[1379160000] PATTERN: *** 比對錯誤 *** (Test #189)
    預期: Sum=fedf (       -289)
    得到: Sum=1ffee2 (       -286)
[1379250000] PATTERN: *** 比對錯誤 *** (Test #190)
    預期: Sum=0008 (          8)
    得到: Sum=000007 (          7)
[1379700000] PATTERN: *** 比對錯誤 *** (Test #195)
    預期: Sum=0002 (          2)
    得到: Sum=000001 (          1)
[1379970000] PATTERN: *** 比對錯誤 *** (Test #198)
    預期: Sum=feda (       -294)
    得到: Sum=1ffedd (       -291)
*Verdi* : Flush all FSDB Files at 1,380,000,000 ps.
[1380060000] PATTERN: *** 比對錯誤 *** (Test #199)
    預期: Sum=0041 (         65)
    得到: Sum=000042 (         66)
[1380150000] PATTERN: *** 比對錯誤 *** (Test #200)
    預期: Sum=0046 (         70)
    得到: Sum=000044 (         68)
[1380510000] PATTERN: *** 比對錯誤 *** (Test #204)
    預期: Sum=ffb7 (        -73)
    得到: Sum=1fffbd (        -67)
[1380690000] PATTERN: *** 比對錯誤 *** (Test #206)
    預期: Sum=ffb6 (        -74)
    得到: Sum=1fffb8 (        -72)
[1380870000] PATTERN: *** 比對錯誤 *** (Test #208)
    預期: Sum=0008 (          8)
    得到: Sum=000007 (          7)
[1380960000] PATTERN: *** 比對錯誤 *** (Test #209)
    預期: Sum=0068 (        104)
    得到: Sum=000069 (        105)
*Verdi* : Flush all FSDB Files at 1,381,000,000 ps.
[1381230000] PATTERN: *** 比對錯誤 *** (Test #212)
    預期: Sum=ff65 (       -155)
    得到: Sum=1fff66 (       -154)
[1381410000] PATTERN: *** 比對錯誤 *** (Test #214)
    預期: Sum=ffa4 (        -92)
    得到: Sum=1fffa7 (        -89)
[1381680000] PATTERN: *** 比對錯誤 *** (Test #217)
    預期: Sum=0002 (          2)
    得到: Sum=000001 (          1)
[1381770000] PATTERN: *** 比對錯誤 *** (Test #218)
    預期: Sum=ff10 (       -240)
    得到: Sum=1fff11 (       -239)
[1381860000] PATTERN: *** 比對錯誤 *** (Test #219)
    預期: Sum=ff19 (       -231)
    得到: Sum=1fff1b (       -229)
[1381950000] PATTERN: *** 比對錯誤 *** (Test #220)
    預期: Sum=fefe (       -258)
    得到: Sum=1ffefd (       -259)
*Verdi* : Flush all FSDB Files at 1,382,000,000 ps.
[1382040000] PATTERN: *** 比對錯誤 *** (Test #221)
    預期: Sum=ffc8 (        -56)
    得到: Sum=1fffc7 (        -57)
[1382130000] PATTERN: *** 比對錯誤 *** (Test #222)
    預期: Sum=ff98 (       -104)
    得到: Sum=1fff99 (       -103)
[1382220000] PATTERN: *** 比對錯誤 *** (Test #223)
    預期: Sum=fff1 (        -15)
    得到: Sum=1fffe9 (        -23)
[1382400000] PATTERN: *** 比對錯誤 *** (Test #225)
    預期: Sum=0009 (          9)
    得到: Sum=000011 (         17)
[1382490000] PATTERN: *** 比對錯誤 *** (Test #226)
    預期: Sum=ff33 (       -205)
    得到: Sum=1fff32 (       -206)
[1382580000] PATTERN: *** 比對錯誤 *** (Test #227)
    預期: Sum=ffee (        -18)
    得到: Sum=1fffec (        -20)
[1382670000] PATTERN: *** 比對錯誤 *** (Test #228)
    預期: Sum=ff18 (       -232)
    得到: Sum=1fff1c (       -228)
[1382760000] PATTERN: *** 比對錯誤 *** (Test #229)
    預期: Sum=feea (       -278)
    得到: Sum=1ffeeb (       -277)
[1382850000] PATTERN: *** 比對錯誤 *** (Test #230)
    預期: Sum=0110 (        272)
    得到: Sum=000109 (        265)
[1382940000] PATTERN: *** 比對錯誤 *** (Test #231)
    預期: Sum=fefb (       -261)
    得到: Sum=1ffefc (       -260)
*Verdi* : Flush all FSDB Files at 1,383,000,000 ps.
[1383120000] PATTERN: *** 比對錯誤 *** (Test #233)
    預期: Sum=fff4 (        -12)
    得到: Sum=1ffff3 (        -13)
[1383210000] PATTERN: *** 比對錯誤 *** (Test #234)
    預期: Sum=feac (       -340)
    得到: Sum=1ffeaf (       -337)
[1383300000] PATTERN: *** 比對錯誤 *** (Test #235)
    預期: Sum=fff6 (        -10)
    得到: Sum=1ffff5 (        -11)
[1383480000] PATTERN: *** 比對錯誤 *** (Test #237)
    預期: Sum=0014 (         20)
    得到: Sum=000015 (         21)
[1383570000] PATTERN: *** 比對錯誤 *** (Test #238)
    預期: Sum=ff97 (       -105)
    得到: Sum=1fff98 (       -104)
[1383750000] PATTERN: *** 比對錯誤 *** (Test #240)
    預期: Sum=fee2 (       -286)
    得到: Sum=1ffedf (       -289)
[1383840000] PATTERN: *** 比對錯誤 *** (Test #241)
    預期: Sum=ffdf (        -33)
    得到: Sum=1fffdd (        -35)
[1383930000] PATTERN: *** 比對錯誤 *** (Test #242)
    預期: Sum=ffbb (        -69)
    得到: Sum=1fffbd (        -67)
*Verdi* : Flush all FSDB Files at 1,384,000,000 ps.
[1384110000] PATTERN: *** 比對錯誤 *** (Test #244)
    預期: Sum=ffda (        -38)
    得到: Sum=1fffdb (        -37)
[1384470000] PATTERN: *** 比對錯誤 *** (Test #248)
    預期: Sum=0008 (          8)
    得到: Sum=000006 (          6)
[1384560000] PATTERN: *** 比對錯誤 *** (Test #249)
    預期: Sum=0013 (         19)
    得到: Sum=000014 (         20)
[1384650000] PATTERN: *** 比對錯誤 *** (Test #250)
    預期: Sum=ffdf (        -33)
    得到: Sum=1fffe1 (        -31)
[1384740000] PATTERN: *** 比對錯誤 *** (Test #251)
    預期: Sum=ffde (        -34)
    得到: Sum=1fffdf (        -33)
*Verdi* : Flush all FSDB Files at 1,385,000,000 ps.
[1385010000] PATTERN: *** 比對錯誤 *** (Test #254)
    預期: Sum=fef1 (       -271)
    得到: Sum=1ffefa (       -262)
[1385190000] PATTERN: *** 比對錯誤 *** (Test #256)
    預期: Sum=ff72 (       -142)
    得到: Sum=1fff2c (       -212)
[1385280000] PATTERN: *** 比對錯誤 *** (Test #257)
    預期: Sum=fff0 (        -16)
    得到: Sum=000000 (          0)
[1385370000] PATTERN: *** 比對錯誤 *** (Test #258)
    預期: Sum=ffd4 (        -44)
    得到: Sum=1fffd0 (        -48)
[1385460000] PATTERN: *** 比對錯誤 *** (Test #259)
    預期: Sum=ffee (        -18)
    得到: Sum=1fffe7 (        -25)
[1385550000] PATTERN: *** 比對錯誤 *** (Test #260)
    預期: Sum=ffec (        -20)
    得到: Sum=1ffffc (         -4)
[1385640000] PATTERN: *** 比對錯誤 *** (Test #261)
    預期: Sum=000e (         14)
    得到: Sum=00001d (         29)
[1385730000] PATTERN: *** 比對錯誤 *** (Test #262)
    預期: Sum=ffa1 (        -95)
    得到: Sum=1fffaf (        -81)
[1385820000] PATTERN: *** 比對錯誤 *** (Test #263)
    預期: Sum=ff15 (       -235)
    得到: Sum=1ffef9 (       -263)
[1385910000] PATTERN: *** 比對錯誤 *** (Test #264)
    預期: Sum=0054 (         84)
    得到: Sum=00007e (        126)
*Verdi* : Flush all FSDB Files at 1,386,000,000 ps.
[1386000000] PATTERN: *** 比對錯誤 *** (Test #265)
    預期: Sum=ffcd (        -51)
    得到: Sum=00003f (         63)
[1386090000] PATTERN: *** 比對錯誤 *** (Test #266)
    預期: Sum=ff92 (       -110)
    得到: Sum=1fffb3 (        -77)
[1386180000] PATTERN: *** 比對錯誤 *** (Test #267)
    預期: Sum=0008 (          8)
    得到: Sum=000006 (          6)
[1386270000] PATTERN: *** 比對錯誤 *** (Test #268)
    預期: Sum=0071 (        113)
    得到: Sum=000063 (         99)
[1386360000] PATTERN: *** 比對錯誤 *** (Test #269)
    預期: Sum=ffa1 (        -95)
    得到: Sum=1fff99 (       -103)
[1386450000] PATTERN: *** 比對錯誤 *** (Test #270)
    預期: Sum=ff37 (       -201)
    得到: Sum=1ffef2 (       -270)
[1386540000] PATTERN: *** 比對錯誤 *** (Test #271)
    預期: Sum=001f (         31)
    得到: Sum=1ffffe (         -2)
[1386630000] PATTERN: *** 比對錯誤 *** (Test #272)
    預期: Sum=ffe0 (        -32)
    得到: Sum=1fffe8 (        -24)
[1386720000] PATTERN: *** 比對錯誤 *** (Test #273)
    預期: Sum=000e (         14)
    得到: Sum=000008 (          8)
[1386810000] PATTERN: *** 比對錯誤 *** (Test #274)
    預期: Sum=ffdc (        -36)
    得到: Sum=1fffde (        -34)
[1386900000] PATTERN: *** 比對錯誤 *** (Test #275)
    預期: Sum=fffe (         -2)
    得到: Sum=000006 (          6)
[1386990000] PATTERN: *** 比對錯誤 *** (Test #276)
    預期: Sum=fff1 (        -15)
    得到: Sum=1fffef (        -17)
*Verdi* : Flush all FSDB Files at 1,387,000,000 ps.
[1387080000] PATTERN: *** 比對錯誤 *** (Test #277)
    預期: Sum=fff6 (        -10)
    得到: Sum=1fffef (        -17)
[1387170000] PATTERN: *** 比對錯誤 *** (Test #278)
    預期: Sum=ffcb (        -53)
    得到: Sum=1fffa7 (        -89)
[1387260000] PATTERN: *** 比對錯誤 *** (Test #279)
    預期: Sum=ff17 (       -233)
    得到: Sum=1fff15 (       -235)
[1387350000] PATTERN: *** 比對錯誤 *** (Test #280)
    預期: Sum=ffff (         -1)
    得到: Sum=00004a (         74)
[1387440000] PATTERN: *** 比對錯誤 *** (Test #281)
    預期: Sum=0005 (          5)
    得到: Sum=000012 (         18)
[1387530000] PATTERN: *** 比對錯誤 *** (Test #282)
    預期: Sum=0015 (         21)
    得到: Sum=00000a (         10)
[1387620000] PATTERN: *** 比對錯誤 *** (Test #283)
    預期: Sum=ffc3 (        -61)
    得到: Sum=1fffc4 (        -60)
[1387710000] PATTERN: *** 比對錯誤 *** (Test #284)
    預期: Sum=fe9e (       -354)
    得到: Sum=1ffea7 (       -345)
[1387800000] PATTERN: *** 比對錯誤 *** (Test #285)
    預期: Sum=fff7 (         -9)
    得到: Sum=000000 (          0)
[1387890000] PATTERN: *** 比對錯誤 *** (Test #286)
    預期: Sum=0000 (          0)
    得到: Sum=1ffff9 (         -7)
[1387980000] PATTERN: *** 比對錯誤 *** (Test #287)
    預期: Sum=004a (         74)
    得到: Sum=00001c (         28)
*Verdi* : Flush all FSDB Files at 1,388,000,000 ps.
[1388070000] PATTERN: *** 比對錯誤 *** (Test #288)
    預期: Sum=0039 (         57)
    得到: Sum=00003a (         58)
[1388160000] PATTERN: *** 比對錯誤 *** (Test #289)
    預期: Sum=0008 (          8)
    得到: Sum=000004 (          4)
[1388250000] PATTERN: *** 比對錯誤 *** (Test #290)
    預期: Sum=0031 (         49)
    得到: Sum=000036 (         54)
[1388340000] PATTERN: *** 比對錯誤 *** (Test #291)
    預期: Sum=ff18 (       -232)
    得到: Sum=1ffeef (       -273)
[1388430000] PATTERN: *** 比對錯誤 *** (Test #292)
    預期: Sum=fff3 (        -13)
    得到: Sum=00000e (         14)
[1388520000] PATTERN: *** 比對錯誤 *** (Test #293)
    預期: Sum=ffdb (        -37)
    得到: Sum=1fffc8 (        -56)
[1388610000] PATTERN: *** 比對錯誤 *** (Test #294)
    預期: Sum=0024 (         36)
    得到: Sum=00001b (         27)
[1388700000] PATTERN: *** 比對錯誤 *** (Test #295)
    預期: Sum=fff4 (        -12)
    得到: Sum=000008 (          8)
[1388790000] PATTERN: *** 比對錯誤 *** (Test #296)
    預期: Sum=ffb1 (        -79)
    得到: Sum=1fffca (        -54)
[1388880000] PATTERN: *** 比對錯誤 *** (Test #297)
    預期: Sum=ffc4 (        -60)
    得到: Sum=1fffca (        -54)
[1388970000] PATTERN: *** 比對錯誤 *** (Test #298)
    預期: Sum=ff03 (       -253)
    得到: Sum=1fff12 (       -238)
*Verdi* : Flush all FSDB Files at 1,389,000,000 ps.
[1389060000] PATTERN: *** 比對錯誤 *** (Test #299)
    預期: Sum=ffd9 (        -39)
    得到: Sum=1fffd3 (        -45)
[1389150000] PATTERN: *** 比對錯誤 *** (Test #300)
    預期: Sum=ffe6 (        -26)
    得到: Sum=1fffce (        -50)
[1389240000] PATTERN: *** 比對錯誤 *** (Test #301)
    預期: Sum=feb4 (       -332)
    得到: Sum=1ffefc (       -260)
[1389330000] PATTERN: *** 比對錯誤 *** (Test #302)
    預期: Sum=ffd8 (        -40)
    得到: Sum=1fffea (        -22)
[1389420000] PATTERN: *** 比對錯誤 *** (Test #303)
    預期: Sum=ff60 (       -160)
    得到: Sum=1fff85 (       -123)
[1389510000] PATTERN: *** 比對錯誤 *** (Test #304)
    預期: Sum=ffff (         -1)
    得到: Sum=1ffffa (         -6)
[1389600000] PATTERN: *** 比對錯誤 *** (Test #305)
    預期: Sum=0001 (          1)
    得到: Sum=00000f (         15)
[1389690000] PATTERN: *** 比對錯誤 *** (Test #306)
    預期: Sum=000e (         14)
    得到: Sum=000006 (          6)
[1389780000] PATTERN: *** 比對錯誤 *** (Test #307)
    預期: Sum=ffb7 (        -73)
    得到: Sum=1fffb1 (        -79)
[1389870000] PATTERN: *** 比對錯誤 *** (Test #308)
    預期: Sum=008e (        142)
    得到: Sum=000066 (        102)
[1389960000] PATTERN: *** 比對錯誤 *** (Test #309)
    預期: Sum=ff0e (       -242)
    得到: Sum=1ffefb (       -261)
*Verdi* : Flush all FSDB Files at 1,390,000,000 ps.
[1390050000] PATTERN: *** 比對錯誤 *** (Test #310)
    預期: Sum=0057 (         87)
    得到: Sum=000012 (         18)
[1390140000] PATTERN: *** 比對錯誤 *** (Test #311)
    預期: Sum=0021 (         33)
    得到: Sum=000014 (         20)
[1390230000] PATTERN: *** 比對錯誤 *** (Test #312)
    預期: Sum=fffa (         -6)
    得到: Sum=000001 (          1)
[1390320000] PATTERN: *** 比對錯誤 *** (Test #313)
    預期: Sum=fff5 (        -11)
    得到: Sum=000008 (          8)
[1390410000] PATTERN: *** 比對錯誤 *** (Test #314)
    預期: Sum=fff9 (         -7)
    得到: Sum=1ffffc (         -4)
[1390500000] PATTERN: *** 比對錯誤 *** (Test #315)
    預期: Sum=ffed (        -19)
    得到: Sum=1fff96 (       -106)
[1390590000] PATTERN: *** 比對錯誤 *** (Test #316)
    預期: Sum=0055 (         85)
    得到: Sum=000044 (         68)
[1390680000] PATTERN: *** 比對錯誤 *** (Test #317)
    預期: Sum=fecb (       -309)
    得到: Sum=1ffec5 (       -315)
[1390770000] PATTERN: *** 比對錯誤 *** (Test #318)
    預期: Sum=ffde (        -34)
    得到: Sum=1fffbb (        -69)
[1390860000] PATTERN: *** 比對錯誤 *** (Test #319)
    預期: Sum=fffb (         -5)
    得到: Sum=1fffe4 (        -28)
[1390950000] PATTERN: *** 比對錯誤 *** (Test #320)
    預期: Sum=0042 (         66)
    得到: Sum=000009 (          9)
*Verdi* : Flush all FSDB Files at 1,391,000,000 ps.
[1391040000] PATTERN: *** 比對錯誤 *** (Test #321)
    預期: Sum=000b (         11)
    得到: Sum=000004 (          4)
[1391130000] PATTERN: *** 比對錯誤 *** (Test #322)
    預期: Sum=ffe4 (        -28)
    得到: Sum=1fffc2 (        -62)
[1391220000] PATTERN: *** 比對錯誤 *** (Test #323)
    預期: Sum=fff2 (        -14)
    得到: Sum=1fffcb (        -53)
[1391310000] PATTERN: *** 比對錯誤 *** (Test #324)
    預期: Sum=0001 (          1)
    得到: Sum=1fffe4 (        -28)
[1391400000] PATTERN: *** 比對錯誤 *** (Test #325)
    預期: Sum=0003 (          3)
    得到: Sum=1ffff8 (         -8)
[1391490000] PATTERN: *** 比對錯誤 *** (Test #326)
    預期: Sum=0005 (          5)
    得到: Sum=1fffe7 (        -25)
[1391580000] PATTERN: *** 比對錯誤 *** (Test #327)
    預期: Sum=fff3 (        -13)
    得到: Sum=1fffef (        -17)
[1391670000] PATTERN: *** 比對錯誤 *** (Test #328)
    預期: Sum=ff58 (       -168)
    得到: Sum=1fff73 (       -141)
[1391760000] PATTERN: *** 比對錯誤 *** (Test #329)
    預期: Sum=0022 (         34)
    得到: Sum=00002f (         47)
[1391850000] PATTERN: *** 比對錯誤 *** (Test #330)
    預期: Sum=0009 (          9)
    得到: Sum=000005 (          5)
[1391940000] PATTERN: *** 比對錯誤 *** (Test #331)
    預期: Sum=feda (       -294)
    得到: Sum=1ffef0 (       -272)
*Verdi* : Flush all FSDB Files at 1,392,000,000 ps.
[1392030000] PATTERN: *** 比對錯誤 *** (Test #332)
    預期: Sum=0008 (          8)
    得到: Sum=000062 (         98)
[1392120000] PATTERN: *** 比對錯誤 *** (Test #333)
    預期: Sum=003e (         62)
    得到: Sum=000003 (          3)
[1392210000] PATTERN: *** 比對錯誤 *** (Test #334)
    預期: Sum=005f (         95)
    得到: Sum=000011 (         17)
[1392300000] PATTERN: *** 比對錯誤 *** (Test #335)
    預期: Sum=ffde (        -34)
    得到: Sum=1fffcc (        -52)
[1392390000] PATTERN: *** 比對錯誤 *** (Test #336)
    預期: Sum=ffd8 (        -40)
    得到: Sum=1fffeb (        -21)
[1392480000] PATTERN: *** 比對錯誤 *** (Test #337)
    預期: Sum=ffbd (        -67)
    得到: Sum=1fffca (        -54)
[1392570000] PATTERN: *** 比對錯誤 *** (Test #338)
    預期: Sum=ff83 (       -125)
    得到: Sum=1fffa3 (        -93)
[1392660000] PATTERN: *** 比對錯誤 *** (Test #339)
    預期: Sum=ffbb (        -69)
    得到: Sum=1fffe6 (        -26)
[1392750000] PATTERN: *** 比對錯誤 *** (Test #340)
    預期: Sum=ffd7 (        -41)
    得到: Sum=1ffffe (         -2)
[1392840000] PATTERN: *** 比對錯誤 *** (Test #341)
    預期: Sum=001a (         26)
    得到: Sum=00001c (         28)
[1392930000] PATTERN: *** 比對錯誤 *** (Test #342)
    預期: Sum=0028 (         40)
    得到: Sum=000044 (         68)
*Verdi* : Flush all FSDB Files at 1,393,000,000 ps.
[1393020000] PATTERN: *** 比對錯誤 *** (Test #343)
    預期: Sum=ffaa (        -86)
    得到: Sum=1fffec (        -20)
[1393110000] PATTERN: *** 比對錯誤 *** (Test #344)
    預期: Sum=0054 (         84)
    得到: Sum=000078 (        120)
[1393200000] PATTERN: *** 比對錯誤 *** (Test #345)
    預期: Sum=fff3 (        -13)
    得到: Sum=1fffec (        -20)
[1393290000] PATTERN: *** 比對錯誤 *** (Test #346)
    預期: Sum=fee2 (       -286)
    得到: Sum=1ffeec (       -276)
[1393380000] PATTERN: *** 比對錯誤 *** (Test #347)
    預期: Sum=fff5 (        -11)
    得到: Sum=1fffd6 (        -42)
[1393470000] PATTERN: *** 比對錯誤 *** (Test #348)
    預期: Sum=fffa (         -6)
    得到: Sum=000009 (          9)
[1393560000] PATTERN: *** 比對錯誤 *** (Test #349)
    預期: Sum=ff40 (       -192)
    得到: Sum=1fff51 (       -175)
[1393650000] PATTERN: *** 比對錯誤 *** (Test #350)
    預期: Sum=0018 (         24)
    得到: Sum=1fffdf (        -33)
[1393740000] PATTERN: *** 比對錯誤 *** (Test #351)
    預期: Sum=001d (         29)
    得到: Sum=00000f (         15)
[1393830000] PATTERN: *** 比對錯誤 *** (Test #352)
    預期: Sum=0008 (          8)
    得到: Sum=00000c (         12)
[1393920000] PATTERN: *** 比對錯誤 *** (Test #353)
    預期: Sum=ff13 (       -237)
    得到: Sum=1fff08 (       -248)
*Verdi* : Flush all FSDB Files at 1,394,000,000 ps.
[1394010000] PATTERN: *** 比對錯誤 *** (Test #354)
    預期: Sum=fff8 (         -8)
    得到: Sum=1ffff6 (        -10)
[1394100000] PATTERN: *** 比對錯誤 *** (Test #355)
    預期: Sum=00ea (        234)
    得到: Sum=0000c4 (        196)
[1394190000] PATTERN: *** 比對錯誤 *** (Test #356)
    預期: Sum=006b (        107)
    得到: Sum=00005f (         95)
[1394280000] PATTERN: *** 比對錯誤 *** (Test #357)
    預期: Sum=0002 (          2)
    得到: Sum=000003 (          3)
[1394370000] PATTERN: *** 比對錯誤 *** (Test #358)
    預期: Sum=00b8 (        184)
    得到: Sum=000081 (        129)
[1394460000] PATTERN: *** 比對錯誤 *** (Test #359)
    預期: Sum=ffeb (        -21)
    得到: Sum=1fffd8 (        -40)
[1394550000] PATTERN: *** 比對錯誤 *** (Test #360)
    預期: Sum=0073 (        115)
    得到: Sum=00004b (         75)
[1394640000] PATTERN: *** 比對錯誤 *** (Test #361)
    預期: Sum=ffd0 (        -48)
    得到: Sum=1fffd1 (        -47)
[1394730000] PATTERN: *** 比對錯誤 *** (Test #362)
    預期: Sum=ff9f (        -97)
    得到: Sum=1fffb2 (        -78)
[1394820000] PATTERN: *** 比對錯誤 *** (Test #363)
    預期: Sum=ff69 (       -151)
    得到: Sum=1fff82 (       -126)
[1394910000] PATTERN: *** 比對錯誤 *** (Test #364)
    預期: Sum=fff9 (         -7)
    得到: Sum=1fffd3 (        -45)
*Verdi* : Flush all FSDB Files at 1,395,000,000 ps.
[1395000000] PATTERN: *** 比對錯誤 *** (Test #365)
    預期: Sum=ff41 (       -191)
    得到: Sum=1fff6d (       -147)
[1395090000] PATTERN: *** 比對錯誤 *** (Test #366)
    預期: Sum=fefc (       -260)
    得到: Sum=1fff33 (       -205)
[1395180000] PATTERN: *** 比對錯誤 *** (Test #367)
    預期: Sum=0095 (        149)
    得到: Sum=0000c3 (        195)
[1395270000] PATTERN: *** 比對錯誤 *** (Test #368)
    預期: Sum=fffe (         -2)
    得到: Sum=000014 (         20)
[1395360000] PATTERN: *** 比對錯誤 *** (Test #369)
    預期: Sum=ffee (        -18)
    得到: Sum=1fffc0 (        -64)
[1395450000] PATTERN: *** 比對錯誤 *** (Test #370)
    預期: Sum=ff92 (       -110)
    得到: Sum=1fff52 (       -174)
[1395540000] PATTERN: *** 比對錯誤 *** (Test #371)
    預期: Sum=ff36 (       -202)
    得到: Sum=1fff42 (       -190)
[1395630000] PATTERN: *** 比對錯誤 *** (Test #372)
    預期: Sum=febd (       -323)
    得到: Sum=1fff25 (       -219)
[1395720000] PATTERN: *** 比對錯誤 *** (Test #373)
    預期: Sum=fff4 (        -12)
    得到: Sum=1fffda (        -38)
[1395810000] PATTERN: *** 比對錯誤 *** (Test #374)
    預期: Sum=ff0a (       -246)
    得到: Sum=1ffefb (       -261)
[1395900000] PATTERN: *** 比對錯誤 *** (Test #375)
    預期: Sum=ffe9 (        -23)
    得到: Sum=1fffd7 (        -41)
[1395990000] PATTERN: *** 比對錯誤 *** (Test #376)
    預期: Sum=007f (        127)
    得到: Sum=00009d (        157)
*Verdi* : Flush all FSDB Files at 1,396,000,000 ps.
[1396080000] PATTERN: *** 比對錯誤 *** (Test #377)
    預期: Sum=ffee (        -18)
    得到: Sum=000000 (          0)
[1396170000] PATTERN: *** 比對錯誤 *** (Test #378)
    預期: Sum=0004 (          4)
    得到: Sum=00000e (         14)
[1396260000] PATTERN: *** 比對錯誤 *** (Test #379)
    預期: Sum=0025 (         37)
    得到: Sum=000040 (         64)
[1396350000] PATTERN: *** 比對錯誤 *** (Test #380)
    預期: Sum=fff5 (        -11)
    得到: Sum=1fffec (        -20)
[1396440000] PATTERN: *** 比對錯誤 *** (Test #381)
    預期: Sum=ff35 (       -203)
    得到: Sum=1fff58 (       -168)
[1396530000] PATTERN: *** 比對錯誤 *** (Test #382)
    預期: Sum=0004 (          4)
    得到: Sum=1fffd5 (        -43)
[1396620000] PATTERN: *** 比對錯誤 *** (Test #383)
    預期: Sum=fed1 (       -303)
    得到: Sum=1fff19 (       -231)
[1396710000] PATTERN: *** 比對錯誤 *** (Test #384)
    預期: Sum=ff83 (       -125)
    得到: Sum=1fffa2 (        -94)
[1396800000] PATTERN: *** 比對錯誤 *** (Test #385)
    預期: Sum=ff5e (       -162)
    得到: Sum=1fff45 (       -187)
[1396890000] PATTERN: *** 比對錯誤 *** (Test #386)
    預期: Sum=fff9 (         -7)
    得到: Sum=000005 (          5)
[1396980000] PATTERN: *** 比對錯誤 *** (Test #387)
    預期: Sum=0016 (         22)
    得到: Sum=000002 (          2)
*Verdi* : Flush all FSDB Files at 1,397,000,000 ps.
[1397070000] PATTERN: *** 比對錯誤 *** (Test #388)
    預期: Sum=ffc3 (        -61)
    得到: Sum=1fffcf (        -49)
[1397160000] PATTERN: *** 比對錯誤 *** (Test #389)
    預期: Sum=0004 (          4)
    得到: Sum=000001 (          1)
[1397250000] PATTERN: *** 比對錯誤 *** (Test #390)
    預期: Sum=fef7 (       -265)
    得到: Sum=1fff04 (       -252)
[1397340000] PATTERN: *** 比對錯誤 *** (Test #391)
    預期: Sum=ff9b (       -101)
    得到: Sum=000001 (          1)
[1397430000] PATTERN: *** 比對錯誤 *** (Test #392)
    預期: Sum=fec3 (       -317)
    得到: Sum=1ffed5 (       -299)
[1397520000] PATTERN: *** 比對錯誤 *** (Test #393)
    預期: Sum=002f (         47)
    得到: Sum=00001c (         28)
[1397610000] PATTERN: *** 比對錯誤 *** (Test #394)
    預期: Sum=ffc9 (        -55)
    得到: Sum=1fffdb (        -37)
[1397700000] PATTERN: *** 比對錯誤 *** (Test #395)
    預期: Sum=ffbf (        -65)
    得到: Sum=1fff9c (       -100)
[1397790000] PATTERN: *** 比對錯誤 *** (Test #396)
    預期: Sum=ffef (        -17)
    得到: Sum=1ffff6 (        -10)
[1397880000] PATTERN: *** 比對錯誤 *** (Test #397)
    預期: Sum=ffc1 (        -63)
    得到: Sum=1ffff9 (         -7)
[1397970000] PATTERN: *** 比對錯誤 *** (Test #398)
    預期: Sum=001d (         29)
    得到: Sum=000008 (          8)
*Verdi* : Flush all FSDB Files at 1,398,000,000 ps.
[1398060000] PATTERN: *** 比對錯誤 *** (Test #399)
    預期: Sum=ffe6 (        -26)
    得到: Sum=000002 (          2)
[1398150000] PATTERN: *** 比對錯誤 *** (Test #400)
    預期: Sum=0038 (         56)
    得到: Sum=00004c (         76)
[1398240000] PATTERN: *** 比對錯誤 *** (Test #401)
    預期: Sum=fddf (       -545)
    得到: Sum=1ffe24 (       -476)
[1398330000] PATTERN: *** 比對錯誤 *** (Test #402)
    預期: Sum=ffb5 (        -75)
    得到: Sum=000017 (         23)
[1398420000] PATTERN: *** 比對錯誤 *** (Test #403)
    預期: Sum=ffad (        -83)
    得到: Sum=1fffec (        -20)
[1398510000] PATTERN: *** 比對錯誤 *** (Test #404)
    預期: Sum=fff5 (        -11)
    得到: Sum=1ffffa (         -6)
[1398600000] PATTERN: *** 比對錯誤 *** (Test #405)
    預期: Sum=0051 (         81)
    得到: Sum=000029 (         41)
[1398690000] PATTERN: *** 比對錯誤 *** (Test #406)
    預期: Sum=ffc3 (        -61)
    得到: Sum=1fffd5 (        -43)
[1398870000] PATTERN: *** 比對錯誤 *** (Test #408)
    預期: Sum=ff94 (       -108)
    得到: Sum=1fffa3 (        -93)
[1398960000] PATTERN: *** 比對錯誤 *** (Test #409)
    預期: Sum=ffbc (        -68)
    得到: Sum=1fffe3 (        -29)
*Verdi* : Flush all FSDB Files at 1,399,000,000 ps.
[1399050000] PATTERN: *** 比對錯誤 *** (Test #410)
    預期: Sum=fff7 (         -9)
    得到: Sum=1fffc4 (        -60)
[1399140000] PATTERN: *** 比對錯誤 *** (Test #411)
    預期: Sum=0072 (        114)
    得到: Sum=000083 (        131)
[1399230000] PATTERN: *** 比對錯誤 *** (Test #412)
    預期: Sum=fee0 (       -288)
    得到: Sum=1fff27 (       -217)
[1399320000] PATTERN: *** 比對錯誤 *** (Test #413)
    預期: Sum=fff5 (        -11)
    得到: Sum=1fffef (        -17)
[1399410000] PATTERN: *** 比對錯誤 *** (Test #414)
    預期: Sum=fff5 (        -11)
    得到: Sum=000002 (          2)
[1399500000] PATTERN: *** 比對錯誤 *** (Test #415)
    預期: Sum=0006 (          6)
    得到: Sum=00002e (         46)
[1399590000] PATTERN: *** 比對錯誤 *** (Test #416)
    預期: Sum=ff63 (       -157)
    得到: Sum=1fff81 (       -127)
[1399680000] PATTERN: *** 比對錯誤 *** (Test #417)
    預期: Sum=ff0a (       -246)
    得到: Sum=1ffeef (       -273)
[1399770000] PATTERN: *** 比對錯誤 *** (Test #418)
    預期: Sum=0004 (          4)
    得到: Sum=00000c (         12)
[1399860000] PATTERN: *** 比對錯誤 *** (Test #419)
    預期: Sum=ffc0 (        -64)
    得到: Sum=1fffcf (        -49)
[1399950000] PATTERN: *** 比對錯誤 *** (Test #420)
    預期: Sum=ff03 (       -253)
    得到: Sum=1ffef6 (       -266)
*Verdi* : Flush all FSDB Files at 1,400,000,000 ps.
[1400040000] PATTERN: *** 比對錯誤 *** (Test #421)
    預期: Sum=ff29 (       -215)
    得到: Sum=1fff1d (       -227)
[1400130000] PATTERN: *** 比對錯誤 *** (Test #422)
    預期: Sum=ffdd (        -35)
    得到: Sum=1fffe1 (        -31)
[1400220000] PATTERN: *** 比對錯誤 *** (Test #423)
    預期: Sum=fff8 (         -8)
    得到: Sum=000002 (          2)
[1400310000] PATTERN: *** 比對錯誤 *** (Test #424)
    預期: Sum=ff21 (       -223)
    得到: Sum=1fff17 (       -233)
[1400400000] PATTERN: *** 比對錯誤 *** (Test #425)
    預期: Sum=0006 (          6)
    得到: Sum=00001b (         27)
[1400490000] PATTERN: *** 比對錯誤 *** (Test #426)
    預期: Sum=ff23 (       -221)
    得到: Sum=1fff0c (       -244)
[1400580000] PATTERN: *** 比對錯誤 *** (Test #427)
    預期: Sum=ffe6 (        -26)
    得到: Sum=1fffe9 (        -23)
[1400670000] PATTERN: *** 比對錯誤 *** (Test #428)
    預期: Sum=fff6 (        -10)
    得到: Sum=1fffeb (        -21)
[1400760000] PATTERN: *** 比對錯誤 *** (Test #429)
    預期: Sum=ffbd (        -67)
    得到: Sum=1fffc3 (        -61)
[1400850000] PATTERN: *** 比對錯誤 *** (Test #430)
    預期: Sum=0003 (          3)
    得到: Sum=000002 (          2)
[1400940000] PATTERN: *** 比對錯誤 *** (Test #431)
    預期: Sum=ffd1 (        -47)
    得到: Sum=000011 (         17)
*Verdi* : Flush all FSDB Files at 1,401,000,000 ps.
[1401030000] PATTERN: *** 比對錯誤 *** (Test #432)
    預期: Sum=feda (       -294)
    得到: Sum=1ffec0 (       -320)
[1401120000] PATTERN: *** 比對錯誤 *** (Test #433)
    預期: Sum=fee7 (       -281)
    得到: Sum=1ffef8 (       -264)
[1401210000] PATTERN: *** 比對錯誤 *** (Test #434)
    預期: Sum=fff3 (        -13)
    得到: Sum=1ffff1 (        -15)
[1401300000] PATTERN: *** 比對錯誤 *** (Test #435)
    預期: Sum=fedc (       -292)
    得到: Sum=1fff1f (       -225)
[1401390000] PATTERN: *** 比對錯誤 *** (Test #436)
    預期: Sum=000f (         15)
    得到: Sum=000013 (         19)
[1401480000] PATTERN: *** 比對錯誤 *** (Test #437)
    預期: Sum=ffd7 (        -41)
    得到: Sum=000000 (          0)
[1401570000] PATTERN: *** 比對錯誤 *** (Test #438)
    預期: Sum=ffdd (        -35)
    得到: Sum=000006 (          6)
[1401660000] PATTERN: *** 比對錯誤 *** (Test #439)
    預期: Sum=fff3 (        -13)
    得到: Sum=00000b (         11)
[1401750000] PATTERN: *** 比對錯誤 *** (Test #440)
    預期: Sum=ff19 (       -231)
    得到: Sum=1fff36 (       -202)
[1401840000] PATTERN: *** 比對錯誤 *** (Test #441)
    預期: Sum=ff34 (       -204)
    得到: Sum=1fff31 (       -207)
[1401930000] PATTERN: *** 比對錯誤 *** (Test #442)
    預期: Sum=002a (         42)
    得到: Sum=00004f (         79)
*Verdi* : Flush all FSDB Files at 1,402,000,000 ps.
[1402020000] PATTERN: *** 比對錯誤 *** (Test #443)
    預期: Sum=000e (         14)
    得到: Sum=000010 (         16)
[1402110000] PATTERN: *** 比對錯誤 *** (Test #444)
    預期: Sum=ffbe (        -66)
    得到: Sum=1fff8c (       -116)
[1402200000] PATTERN: *** 比對錯誤 *** (Test #445)
    預期: Sum=fedc (       -292)
    得到: Sum=1ffeda (       -294)
[1402290000] PATTERN: *** 比對錯誤 *** (Test #446)
    預期: Sum=000d (         13)
    得到: Sum=000007 (          7)
[1402380000] PATTERN: *** 比對錯誤 *** (Test #447)
    預期: Sum=007d (        125)
    得到: Sum=00005e (         94)
[1402470000] PATTERN: *** 比對錯誤 *** (Test #448)
    預期: Sum=007e (        126)
    得到: Sum=00008e (        142)
[1402560000] PATTERN: *** 比對錯誤 *** (Test #449)
    預期: Sum=ffd7 (        -41)
    得到: Sum=1fffdc (        -36)
[1402650000] PATTERN: *** 比對錯誤 *** (Test #450)
    預期: Sum=ff4a (       -182)
    得到: Sum=1ffefa (       -262)
[1402740000] PATTERN: *** 比對錯誤 *** (Test #451)
    預期: Sum=ffee (        -18)
    得到: Sum=000002 (          2)
[1402830000] PATTERN: *** 比對錯誤 *** (Test #452)
    預期: Sum=ffe5 (        -27)
    得到: Sum=1fffd8 (        -40)
[1402920000] PATTERN: *** 比對錯誤 *** (Test #453)
    預期: Sum=ffed (        -19)
    得到: Sum=1ffff4 (        -12)
*Verdi* : Flush all FSDB Files at 1,403,000,000 ps.
[1403010000] PATTERN: *** 比對錯誤 *** (Test #454)
    預期: Sum=febb (       -325)
    得到: Sum=1ffede (       -290)
[1403100000] PATTERN: *** 比對錯誤 *** (Test #455)
    預期: Sum=0043 (         67)
    得到: Sum=000042 (         66)
[1403190000] PATTERN: *** 比對錯誤 *** (Test #456)
    預期: Sum=003c (         60)
    得到: Sum=000042 (         66)
[1403280000] PATTERN: *** 比對錯誤 *** (Test #457)
    預期: Sum=fff6 (        -10)
    得到: Sum=1fffda (        -38)
[1403370000] PATTERN: *** 比對錯誤 *** (Test #458)
    預期: Sum=002d (         45)
    得到: Sum=00001d (         29)
[1403460000] PATTERN: *** 比對錯誤 *** (Test #459)
    預期: Sum=ffef (        -17)
    得到: Sum=1fffc3 (        -61)
[1403550000] PATTERN: *** 比對錯誤 *** (Test #460)
    預期: Sum=ff8a (       -118)
    得到: Sum=1fffbc (        -68)
[1403640000] PATTERN: *** 比對錯誤 *** (Test #461)
    預期: Sum=fffa (         -6)
    得到: Sum=000002 (          2)
[1403730000] PATTERN: *** 比對錯誤 *** (Test #462)
    預期: Sum=ffeb (        -21)
    得到: Sum=1fffba (        -70)
[1403820000] PATTERN: *** 比對錯誤 *** (Test #463)
    預期: Sum=0058 (         88)
    得到: Sum=00007f (        127)
[1403910000] PATTERN: *** 比對錯誤 *** (Test #464)
    預期: Sum=ffeb (        -21)
    得到: Sum=00000a (         10)
*Verdi* : Flush all FSDB Files at 1,404,000,000 ps.
[1404000000] PATTERN: *** 比對錯誤 *** (Test #465)
    預期: Sum=0029 (         41)
    得到: Sum=000068 (        104)
[1404090000] PATTERN: *** 比對錯誤 *** (Test #466)
    預期: Sum=ffe1 (        -31)
    得到: Sum=1ffff6 (        -10)
[1404180000] PATTERN: *** 比對錯誤 *** (Test #467)
    預期: Sum=0044 (         68)
    得到: Sum=000073 (        115)
[1404270000] PATTERN: *** 比對錯誤 *** (Test #468)
    預期: Sum=ff80 (       -128)
    得到: Sum=1fff65 (       -155)
[1404360000] PATTERN: *** 比對錯誤 *** (Test #469)
    預期: Sum=000c (         12)
    得到: Sum=000009 (          9)
[1404450000] PATTERN: *** 比對錯誤 *** (Test #470)
    預期: Sum=ff94 (       -108)
    得到: Sum=1fffa8 (        -88)
[1404540000] PATTERN: *** 比對錯誤 *** (Test #471)
    預期: Sum=001f (         31)
    得到: Sum=000066 (        102)
[1404630000] PATTERN: *** 比對錯誤 *** (Test #472)
    預期: Sum=ff04 (       -252)
    得到: Sum=1ffef4 (       -268)
[1404720000] PATTERN: *** 比對錯誤 *** (Test #473)
    預期: Sum=0003 (          3)
    得到: Sum=000000 (          0)
[1404810000] PATTERN: *** 比對錯誤 *** (Test #474)
    預期: Sum=ff06 (       -250)
    得到: Sum=1fff12 (       -238)
[1404900000] PATTERN: *** 比對錯誤 *** (Test #475)
    預期: Sum=ff35 (       -203)
    得到: Sum=1fff1c (       -228)
[1404990000] PATTERN: *** 比對錯誤 *** (Test #476)
    預期: Sum=ff07 (       -249)
    得到: Sum=1ffefd (       -259)
*Verdi* : Flush all FSDB Files at 1,405,000,000 ps.
[1405080000] PATTERN: *** 比對錯誤 *** (Test #477)
    預期: Sum=ffa8 (        -88)
    得到: Sum=1fffc7 (        -57)
[1405170000] PATTERN: *** 比對錯誤 *** (Test #478)
    預期: Sum=ff6e (       -146)
    得到: Sum=1fff98 (       -104)
[1405260000] PATTERN: *** 比對錯誤 *** (Test #479)
    預期: Sum=0002 (          2)
    得到: Sum=1ffff6 (        -10)
[1405350000] PATTERN: *** 比對錯誤 *** (Test #480)
    預期: Sum=ffdd (        -35)
    得到: Sum=1ffff0 (        -16)
[1405440000] PATTERN: *** 比對錯誤 *** (Test #481)
    預期: Sum=0042 (         66)
    得到: Sum=000012 (         18)
[1405530000] PATTERN: *** 比對錯誤 *** (Test #482)
    預期: Sum=fee8 (       -280)
    得到: Sum=1fff33 (       -205)
[1405620000] PATTERN: *** 比對錯誤 *** (Test #483)
    預期: Sum=fffd (         -3)
    得到: Sum=1fffec (        -20)
[1405710000] PATTERN: *** 比對錯誤 *** (Test #484)
    預期: Sum=fee9 (       -279)
    得到: Sum=1fff17 (       -233)
[1405800000] PATTERN: *** 比對錯誤 *** (Test #485)
    預期: Sum=fee3 (       -285)
    得到: Sum=1ffee9 (       -279)
[1405890000] PATTERN: *** 比對錯誤 *** (Test #486)
    預期: Sum=0089 (        137)
    得到: Sum=000106 (        262)
[1405980000] PATTERN: *** 比對錯誤 *** (Test #487)
    預期: Sum=fed4 (       -300)
    得到: Sum=1ffef6 (       -266)
*Verdi* : Flush all FSDB Files at 1,406,000,000 ps.
[1406070000] PATTERN: *** 比對錯誤 *** (Test #488)
    預期: Sum=ffe4 (        -28)
    得到: Sum=1ffff0 (        -16)
[1406160000] PATTERN: *** 比對錯誤 *** (Test #489)
    預期: Sum=ffe5 (        -27)
    得到: Sum=1ffff2 (        -14)
[1406250000] PATTERN: *** 比對錯誤 *** (Test #490)
    預期: Sum=febe (       -322)
    得到: Sum=1ffeae (       -338)
[1406340000] PATTERN: *** 比對錯誤 *** (Test #491)
    預期: Sum=fff6 (        -10)
    得到: Sum=1ffff4 (        -12)
[1406430000] PATTERN: *** 比對錯誤 *** (Test #492)
    預期: Sum=000a (         10)
    得到: Sum=1ffff3 (        -13)
[1406520000] PATTERN: *** 比對錯誤 *** (Test #493)
    預期: Sum=fff3 (        -13)
    得到: Sum=000013 (         19)
[1406610000] PATTERN: *** 比對錯誤 *** (Test #494)
    預期: Sum=ff1b (       -229)
    得到: Sum=1fff98 (       -104)
[1406700000] PATTERN: *** 比對錯誤 *** (Test #495)
    預期: Sum=fef1 (       -271)
    得到: Sum=1fff1f (       -225)
[1406790000] PATTERN: *** 比對錯誤 *** (Test #496)
    預期: Sum=feea (       -278)
    得到: Sum=1ffedf (       -289)
[1406880000] PATTERN: *** 比對錯誤 *** (Test #497)
    預期: Sum=fffc (         -4)
    得到: Sum=1fffdc (        -36)
[1406970000] PATTERN: *** 比對錯誤 *** (Test #498)
    預期: Sum=ffd5 (        -43)
    得到: Sum=1fffbd (        -67)
*Verdi* : Flush all FSDB Files at 1,407,000,000 ps.
[1407060000] PATTERN: *** 比對錯誤 *** (Test #499)
    預期: Sum=ff2e (       -210)
    得到: Sum=1fff31 (       -207)
[1407150000] PATTERN: *** 比對錯誤 *** (Test #500)
    預期: Sum=ffa8 (        -88)
    得到: Sum=1fffdd (        -35)
[1407240000] PATTERN: *** 比對錯誤 *** (Test #501)
    預期: Sum=0038 (         56)
    得到: Sum=00002d (         45)
[1407330000] PATTERN: *** 比對錯誤 *** (Test #502)
    預期: Sum=ff32 (       -206)
    得到: Sum=1ffef9 (       -263)
[1407420000] PATTERN: *** 比對錯誤 *** (Test #503)
    預期: Sum=ffee (        -18)
    得到: Sum=1ffff1 (        -15)
[1407510000] PATTERN: *** 比對錯誤 *** (Test #504)
    預期: Sum=ffee (        -18)
    得到: Sum=000005 (          5)
[1407600000] PATTERN: *** 比對錯誤 *** (Test #505)
    預期: Sum=003a (         58)
    得到: Sum=000014 (         20)
[1407690000] PATTERN: *** 比對錯誤 *** (Test #506)
    預期: Sum=ffee (        -18)
    得到: Sum=1fffe2 (        -30)
[1407780000] PATTERN: *** 比對錯誤 *** (Test #507)
    預期: Sum=ffec (        -20)
    得到: Sum=1fffde (        -34)
[1407870000] PATTERN: *** 比對錯誤 *** (Test #508)
    預期: Sum=ffb2 (        -78)
    得到: Sum=1fffb8 (        -72)
[1407960000] PATTERN: *** 比對錯誤 *** (Test #509)
    預期: Sum=0051 (         81)
    得到: Sum=0000a4 (        164)
*Verdi* : Flush all FSDB Files at 1,408,000,000 ps.
[1408050000] PATTERN: *** 比對錯誤 *** (Test #510)
    預期: Sum=fedd (       -291)
    得到: Sum=1ffefa (       -262)
[1408140000] PATTERN: *** 比對錯誤 *** (Test #511)
    預期: Sum=fff8 (         -8)
    得到: Sum=1fffec (        -20)
[1408230000] PATTERN: *** 比對錯誤 *** (Test #512)
    預期: Sum=ff56 (       -170)
    得到: Sum=1fff2d (       -211)
[1408320000] PATTERN: *** 比對錯誤 *** (Test #513)
    預期: Sum=ffeb (        -21)
    得到: Sum=000006 (          6)
[1408410000] PATTERN: *** 比對錯誤 *** (Test #514)
    預期: Sum=fffa (         -6)
    得到: Sum=1fffe8 (        -24)
[1408500000] PATTERN: *** 比對錯誤 *** (Test #515)
    預期: Sum=ffcf (        -49)
    得到: Sum=1fffe2 (        -30)
[1408590000] PATTERN: *** 比對錯誤 *** (Test #516)
    預期: Sum=ffe8 (        -24)
    得到: Sum=1ffffc (         -4)
[1408680000] PATTERN: *** 比對錯誤 *** (Test #517)
    預期: Sum=0011 (         17)
    得到: Sum=00001d (         29)
[1408770000] PATTERN: *** 比對錯誤 *** (Test #518)
    預期: Sum=ffc4 (        -60)
    得到: Sum=1fffaf (        -81)
[1408860000] PATTERN: *** 比對錯誤 *** (Test #519)
    預期: Sum=ff15 (       -235)
    得到: Sum=1ffef9 (       -263)
[1408950000] PATTERN: *** 比對錯誤 *** (Test #520)
    預期: Sum=0087 (        135)
    得到: Sum=00007e (        126)
*Verdi* : Flush all FSDB Files at 1,409,000,000 ps.
[1409040000] PATTERN: *** 比對錯誤 *** (Test #521)
    預期: Sum=ff84 (       -124)
    得到: Sum=00003f (         63)
[1409130000] PATTERN: *** 比對錯誤 *** (Test #522)
    預期: Sum=ffa1 (        -95)
    得到: Sum=1fffb3 (        -77)
[1409220000] PATTERN: *** 比對錯誤 *** (Test #523)
    預期: Sum=000b (         11)
    得到: Sum=000007 (          7)
[1409310000] PATTERN: *** 比對錯誤 *** (Test #524)
    預期: Sum=0079 (        121)
    得到: Sum=000064 (        100)
[1409400000] PATTERN: *** 比對錯誤 *** (Test #525)
    預期: Sum=ffa4 (        -92)
    得到: Sum=1fff9e (        -98)
[1409490000] PATTERN: *** 比對錯誤 *** (Test #526)
    預期: Sum=ff53 (       -173)
    得到: Sum=1ffeee (       -274)
[1409580000] PATTERN: *** 比對錯誤 *** (Test #527)
    預期: Sum=0015 (         21)
    得到: Sum=1ffffe (         -2)
[1409670000] PATTERN: *** 比對錯誤 *** (Test #528)
    預期: Sum=ffc8 (        -56)
    得到: Sum=1fffe9 (        -23)
[1409760000] PATTERN: *** 比對錯誤 *** (Test #529)
    預期: Sum=0017 (         23)
    得到: Sum=000008 (          8)
[1409850000] PATTERN: *** 比對錯誤 *** (Test #530)
    預期: Sum=fff9 (         -7)
    得到: Sum=1fffe4 (        -28)
[1409940000] PATTERN: *** 比對錯誤 *** (Test #531)
    預期: Sum=0000 (          0)
    得到: Sum=000007 (          7)
*Verdi* : Flush all FSDB Files at 1,410,000,000 ps.
[1410030000] PATTERN: *** 比對錯誤 *** (Test #532)
    預期: Sum=0001 (          1)
    得到: Sum=1ffff1 (        -15)
[1410120000] PATTERN: *** 比對錯誤 *** (Test #533)
    預期: Sum=fff7 (         -9)
    得到: Sum=1fffef (        -17)
[1410210000] PATTERN: *** 比對錯誤 *** (Test #534)
    預期: Sum=ffd6 (        -42)
    得到: Sum=1fffa6 (        -90)
[1410300000] PATTERN: *** 比對錯誤 *** (Test #535)
    預期: Sum=ff29 (       -215)
    得到: Sum=1fff15 (       -235)
[1410390000] PATTERN: *** 比對錯誤 *** (Test #536)
    預期: Sum=ffde (        -34)
    得到: Sum=00004a (         74)
[1410480000] PATTERN: *** 比對錯誤 *** (Test #537)
    預期: Sum=0000 (          0)
    得到: Sum=000010 (         16)
[1410570000] PATTERN: *** 比對錯誤 *** (Test #538)
    預期: Sum=000c (         12)
    得到: Sum=000007 (          7)
[1410660000] PATTERN: *** 比對錯誤 *** (Test #539)
    預期: Sum=ffda (        -38)
    得到: Sum=1fffc5 (        -59)
[1410750000] PATTERN: *** 比對錯誤 *** (Test #540)
    預期: Sum=feb5 (       -331)
    得到: Sum=1ffea6 (       -346)
[1410840000] PATTERN: *** 比對錯誤 *** (Test #541)
    預期: Sum=fff9 (         -7)
    得到: Sum=000000 (          0)
[1410930000] PATTERN: *** 比對錯誤 *** (Test #542)
    預期: Sum=000d (         13)
    得到: Sum=1ffff8 (         -8)
*Verdi* : Flush all FSDB Files at 1,411,000,000 ps.
[1411020000] PATTERN: *** 比對錯誤 *** (Test #543)
    預期: Sum=0044 (         68)
    得到: Sum=000019 (         25)
[1411110000] PATTERN: *** 比對錯誤 *** (Test #544)
    預期: Sum=003f (         63)
    得到: Sum=00003a (         58)
[1411200000] PATTERN: *** 比對錯誤 *** (Test #545)
    預期: Sum=ffef (        -17)
    得到: Sum=000004 (          4)
[1411380000] PATTERN: *** 比對錯誤 *** (Test #547)
    預期: Sum=fee2 (       -286)
    得到: Sum=1ffeef (       -273)
[1411470000] PATTERN: *** 比對錯誤 *** (Test #548)
    預期: Sum=0004 (          4)
    得到: Sum=000011 (         17)
[1411560000] PATTERN: *** 比對錯誤 *** (Test #549)
    預期: Sum=ffb1 (        -79)
    得到: Sum=1fffc8 (        -56)
[1411650000] PATTERN: *** 比對錯誤 *** (Test #550)
    預期: Sum=0010 (         16)
    得到: Sum=00001b (         27)
[1411740000] PATTERN: *** 比對錯誤 *** (Test #551)
    預期: Sum=001c (         28)
    得到: Sum=00000c (         12)
[1411830000] PATTERN: *** 比對錯誤 *** (Test #552)
    預期: Sum=ffc0 (        -64)
    得到: Sum=1fffc8 (        -56)
[1411920000] PATTERN: *** 比對錯誤 *** (Test #553)
    預期: Sum=ffaf (        -81)
    得到: Sum=1fffca (        -54)
*Verdi* : Flush all FSDB Files at 1,412,000,000 ps.
[1412010000] PATTERN: *** 比對錯誤 *** (Test #554)
    預期: Sum=ff28 (       -216)
    得到: Sum=1fff10 (       -240)
[1412100000] PATTERN: *** 比對錯誤 *** (Test #555)
    預期: Sum=ffb7 (        -73)
    得到: Sum=1fffd0 (        -48)
[1412190000] PATTERN: *** 比對錯誤 *** (Test #556)
    預期: Sum=ffcc (        -52)
    得到: Sum=1fffcf (        -49)
[1412280000] PATTERN: *** 比對錯誤 *** (Test #557)
    預期: Sum=feb6 (       -330)
    得到: Sum=1ffefc (       -260)
[1412370000] PATTERN: *** 比對錯誤 *** (Test #558)
    預期: Sum=ffad (        -83)
    得到: Sum=1fffe9 (        -23)
[1412460000] PATTERN: *** 比對錯誤 *** (Test #559)
    預期: Sum=ff66 (       -154)
    得到: Sum=1fff88 (       -120)
[1412550000] PATTERN: *** 比對錯誤 *** (Test #560)
    預期: Sum=0008 (          8)
    得到: Sum=1ffffa (         -6)
[1412730000] PATTERN: *** 比對錯誤 *** (Test #562)
    預期: Sum=fff4 (        -12)
    得到: Sum=1ffffc (         -4)
[1412820000] PATTERN: *** 比對錯誤 *** (Test #563)
    預期: Sum=ffc8 (        -56)
    得到: Sum=1fffb0 (        -80)
[1412910000] PATTERN: *** 比對錯誤 *** (Test #564)
    預期: Sum=0086 (        134)
    得到: Sum=000066 (        102)
*Verdi* : Flush all FSDB Files at 1,413,000,000 ps.
[1413000000] PATTERN: *** 比對錯誤 *** (Test #565)
    預期: Sum=fefb (       -261)
    得到: Sum=1ffef7 (       -265)
[1413090000] PATTERN: *** 比對錯誤 *** (Test #566)
    預期: Sum=0035 (         53)
    得到: Sum=000014 (         20)
[1413180000] PATTERN: *** 比對錯誤 *** (Test #567)
    預期: Sum=0019 (         25)
    得到: Sum=000014 (         20)
[1413270000] PATTERN: *** 比對錯誤 *** (Test #568)
    預期: Sum=ffe9 (        -23)
    得到: Sum=000001 (          1)
[1413360000] PATTERN: *** 比對錯誤 *** (Test #569)
    預期: Sum=000a (         10)
    得到: Sum=000008 (          8)
[1413450000] PATTERN: *** 比對錯誤 *** (Test #570)
    預期: Sum=0000 (          0)
    得到: Sum=1ffffd (         -3)
[1413540000] PATTERN: *** 比對錯誤 *** (Test #571)
    預期: Sum=fffa (         -6)
    得到: Sum=1fff97 (       -105)
[1413630000] PATTERN: *** 比對錯誤 *** (Test #572)
    預期: Sum=0073 (        115)
    得到: Sum=000046 (         70)
[1413720000] PATTERN: *** 比對錯誤 *** (Test #573)
    預期: Sum=fee0 (       -288)
    得到: Sum=1ffec5 (       -315)
[1413810000] PATTERN: *** 比對錯誤 *** (Test #574)
    預期: Sum=ffdc (        -36)
    得到: Sum=1fffbb (        -69)
[1413900000] PATTERN: *** 比對錯誤 *** (Test #575)
    預期: Sum=ffe9 (        -23)
    得到: Sum=1fffe4 (        -28)
[1413990000] PATTERN: *** 比對錯誤 *** (Test #576)
    預期: Sum=007d (        125)
    得到: Sum=000009 (          9)
*Verdi* : Flush all FSDB Files at 1,414,000,000 ps.
[1414080000] PATTERN: *** 比對錯誤 *** (Test #577)
    預期: Sum=ffff (         -1)
    得到: Sum=000004 (          4)
[1414170000] PATTERN: *** 比對錯誤 *** (Test #578)
    預期: Sum=ffe0 (        -32)
    得到: Sum=1fffc2 (        -62)
[1414260000] PATTERN: *** 比對錯誤 *** (Test #579)
    預期: Sum=ffee (        -18)
    得到: Sum=1fffcb (        -53)
[1414350000] PATTERN: *** 比對錯誤 *** (Test #580)
    預期: Sum=fff4 (        -12)
    得到: Sum=1fffe4 (        -28)
[1414440000] PATTERN: *** 比對錯誤 *** (Test #581)
    預期: Sum=0004 (          4)
    得到: Sum=1ffff6 (        -10)
[1414530000] PATTERN: *** 比對錯誤 *** (Test #582)
    預期: Sum=ffee (        -18)
    得到: Sum=1fffe0 (        -32)
[1414620000] PATTERN: *** 比對錯誤 *** (Test #583)
    預期: Sum=fff6 (        -10)
    得到: Sum=1fffef (        -17)
[1414710000] PATTERN: *** 比對錯誤 *** (Test #584)
    預期: Sum=ff5c (       -164)
    得到: Sum=1fff72 (       -142)
[1414800000] PATTERN: *** 比對錯誤 *** (Test #585)
    預期: Sum=0023 (         35)
    得到: Sum=00002e (         46)
[1414980000] PATTERN: *** 比對錯誤 *** (Test #587)
    預期: Sum=fee4 (       -284)
    得到: Sum=1ffef0 (       -272)
*Verdi* : Flush all FSDB Files at 1,415,000,000 ps.
[1415070000] PATTERN: *** 比對錯誤 *** (Test #588)
    預期: Sum=0060 (         96)
    得到: Sum=000062 (         98)
[1415160000] PATTERN: *** 比對錯誤 *** (Test #589)
    預期: Sum=0049 (         73)
    得到: Sum=000006 (          6)
[1415250000] PATTERN: *** 比對錯誤 *** (Test #590)
    預期: Sum=0059 (         89)
    得到: Sum=00000c (         12)
[1415340000] PATTERN: *** 比對錯誤 *** (Test #591)
    預期: Sum=fff1 (        -15)
    得到: Sum=1fffcb (        -53)
[1415430000] PATTERN: *** 比對錯誤 *** (Test #592)
    預期: Sum=fff0 (        -16)
    得到: Sum=1fffec (        -20)
[1415520000] PATTERN: *** 比對錯誤 *** (Test #593)
    預期: Sum=ffba (        -70)
    得到: Sum=1fffca (        -54)
[1415610000] PATTERN: *** 比對錯誤 *** (Test #594)
    預期: Sum=ffa7 (        -89)
    得到: Sum=1fffa4 (        -92)
[1415700000] PATTERN: *** 比對錯誤 *** (Test #595)
    預期: Sum=0006 (          6)
    得到: Sum=1fffe6 (        -26)
[1415790000] PATTERN: *** 比對錯誤 *** (Test #596)
    預期: Sum=ffda (        -38)
    得到: Sum=1fffff (         -1)
[1415880000] PATTERN: *** 比對錯誤 *** (Test #597)
    預期: Sum=002e (         46)
    得到: Sum=00001c (         28)
[1415970000] PATTERN: *** 比對錯誤 *** (Test #598)
    預期: Sum=002f (         47)
    得到: Sum=000048 (         72)
*Verdi* : Flush all FSDB Files at 1,416,000,000 ps.
[1416060000] PATTERN: *** 比對錯誤 *** (Test #599)
    預期: Sum=ffb3 (        -77)
    得到: Sum=1fffe6 (        -26)
[1416150000] PATTERN: *** 比對錯誤 *** (Test #600)
    預期: Sum=008e (        142)
    得到: Sum=000078 (        120)
[1416240000] PATTERN: *** 比對錯誤 *** (Test #601)
    預期: Sum=ffe9 (        -23)
    得到: Sum=1fffe7 (        -25)
[1416330000] PATTERN: *** 比對錯誤 *** (Test #602)
    預期: Sum=fee8 (       -280)
    得到: Sum=1ffeec (       -276)
[1416420000] PATTERN: *** 比對錯誤 *** (Test #603)
    預期: Sum=ffe5 (        -27)
    得到: Sum=1fffd5 (        -43)
[1416510000] PATTERN: *** 比對錯誤 *** (Test #604)
    預期: Sum=ffdf (        -33)
    得到: Sum=000008 (          8)
[1416600000] PATTERN: *** 比對錯誤 *** (Test #605)
    預期: Sum=ff31 (       -207)
    得到: Sum=1fff52 (       -174)
[1416690000] PATTERN: *** 比對錯誤 *** (Test #606)
    預期: Sum=0015 (         21)
    得到: Sum=1fffdf (        -33)
[1416780000] PATTERN: *** 比對錯誤 *** (Test #607)
    預期: Sum=0024 (         36)
    得到: Sum=00000f (         15)
[1416870000] PATTERN: *** 比對錯誤 *** (Test #608)
    預期: Sum=ffdd (        -35)
    得到: Sum=00000e (         14)
[1416960000] PATTERN: *** 比對錯誤 *** (Test #609)
    預期: Sum=ff11 (       -239)
    得到: Sum=1fff0b (       -245)
*Verdi* : Flush all FSDB Files at 1,417,000,000 ps.
[1417050000] PATTERN: *** 比對錯誤 *** (Test #610)
    預期: Sum=fff9 (         -7)
    得到: Sum=1ffff7 (         -9)
[1417140000] PATTERN: *** 比對錯誤 *** (Test #611)
    預期: Sum=00e6 (        230)
    得到: Sum=0000c9 (        201)
[1417230000] PATTERN: *** 比對錯誤 *** (Test #612)
    預期: Sum=0070 (        112)
    得到: Sum=00005f (         95)
[1417320000] PATTERN: *** 比對錯誤 *** (Test #613)
    預期: Sum=0007 (          7)
    得到: Sum=000002 (          2)
[1417410000] PATTERN: *** 比對錯誤 *** (Test #614)
    預期: Sum=00b8 (        184)
    得到: Sum=000081 (        129)
[1417500000] PATTERN: *** 比對錯誤 *** (Test #615)
    預期: Sum=ffe6 (        -26)
    得到: Sum=1fffdd (        -35)
[1417590000] PATTERN: *** 比對錯誤 *** (Test #616)
    預期: Sum=0030 (         48)
    得到: Sum=000046 (         70)
[1417680000] PATTERN: *** 比對錯誤 *** (Test #617)
    預期: Sum=ffc5 (        -59)
    得到: Sum=1fffc7 (        -57)
[1417770000] PATTERN: *** 比對錯誤 *** (Test #618)
    預期: Sum=ffb1 (        -79)
    得到: Sum=1fffb3 (        -77)
[1417860000] PATTERN: *** 比對錯誤 *** (Test #619)
    預期: Sum=ff60 (       -160)
    得到: Sum=1fff81 (       -127)
[1417950000] PATTERN: *** 比對錯誤 *** (Test #620)
    預期: Sum=ffe6 (        -26)
    得到: Sum=1fffd1 (        -47)
*Verdi* : Flush all FSDB Files at 1,418,000,000 ps.
[1418040000] PATTERN: *** 比對錯誤 *** (Test #621)
    預期: Sum=ff49 (       -183)
    得到: Sum=1fff6e (       -146)
[1418130000] PATTERN: *** 比對錯誤 *** (Test #622)
    預期: Sum=ff0a (       -246)
    得到: Sum=1fff30 (       -208)
[1418220000] PATTERN: *** 比對錯誤 *** (Test #623)
    預期: Sum=00a6 (        166)
    得到: Sum=0000c5 (        197)
[1418310000] PATTERN: *** 比對錯誤 *** (Test #624)
    預期: Sum=000b (         11)
    得到: Sum=000014 (         20)
[1418400000] PATTERN: *** 比對錯誤 *** (Test #625)
    預期: Sum=0009 (          9)
    得到: Sum=1fffbe (        -66)
[1418490000] PATTERN: *** 比對錯誤 *** (Test #626)
    預期: Sum=ff65 (       -155)
    得到: Sum=1fff51 (       -175)
[1418580000] PATTERN: *** 比對錯誤 *** (Test #627)
    預期: Sum=ff25 (       -219)
    得到: Sum=1fff41 (       -191)
[1418670000] PATTERN: *** 比對錯誤 *** (Test #628)
    預期: Sum=feb8 (       -328)
    得到: Sum=1fff29 (       -215)
[1418760000] PATTERN: *** 比對錯誤 *** (Test #629)
    預期: Sum=fffe (         -2)
    得到: Sum=1fffd9 (        -39)
[1418850000] PATTERN: *** 比對錯誤 *** (Test #630)
    預期: Sum=ff06 (       -250)
    得到: Sum=1ffef5 (       -267)
[1418940000] PATTERN: *** 比對錯誤 *** (Test #631)
    預期: Sum=ffe8 (        -24)
    得到: Sum=1fffd8 (        -40)
*Verdi* : Flush all FSDB Files at 1,419,000,000 ps.
[1419030000] PATTERN: *** 比對錯誤 *** (Test #632)
    預期: Sum=009d (        157)
    得到: Sum=00009b (        155)
[1419120000] PATTERN: *** 比對錯誤 *** (Test #633)
    預期: Sum=fff7 (         -9)
    得到: Sum=000001 (          1)
[1419210000] PATTERN: *** 比對錯誤 *** (Test #634)
    預期: Sum=0003 (          3)
    得到: Sum=00000f (         15)
[1419300000] PATTERN: *** 比對錯誤 *** (Test #635)
    預期: Sum=0032 (         50)
    得到: Sum=000040 (         64)
[1419480000] PATTERN: *** 比對錯誤 *** (Test #637)
    預期: Sum=ff2d (       -211)
    得到: Sum=1fff56 (       -170)
[1419570000] PATTERN: *** 比對錯誤 *** (Test #638)
    預期: Sum=ffdb (        -37)
    得到: Sum=1fffd6 (        -42)
[1419660000] PATTERN: *** 比對錯誤 *** (Test #639)
    預期: Sum=ff1b (       -229)
    得到: Sum=1fff19 (       -231)
[1419750000] PATTERN: *** 比對錯誤 *** (Test #640)
    預期: Sum=ff5a (       -166)
    得到: Sum=1fffa6 (        -90)
[1419840000] PATTERN: *** 比對錯誤 *** (Test #641)
    預期: Sum=ff50 (       -176)
    得到: Sum=1fff45 (       -187)
[1419930000] PATTERN: *** 比對錯誤 *** (Test #642)
    預期: Sum=ffe4 (        -28)
    得到: Sum=000005 (          5)
*Verdi* : Flush all FSDB Files at 1,420,000,000 ps.
[1420020000] PATTERN: *** 比對錯誤 *** (Test #643)
    預期: Sum=0018 (         24)
    得到: Sum=000003 (          3)
[1420110000] PATTERN: *** 比對錯誤 *** (Test #644)
    預期: Sum=ffe9 (        -23)
    得到: Sum=1fffe6 (        -26)
[1420200000] PATTERN: *** 比對錯誤 *** (Test #645)
    預期: Sum=0005 (          5)
    得到: Sum=000001 (          1)
[1420290000] PATTERN: *** 比對錯誤 *** (Test #646)
    預期: Sum=ff13 (       -237)
    得到: Sum=1fff03 (       -253)
[1420380000] PATTERN: *** 比對錯誤 *** (Test #647)
    預期: Sum=ffbc (        -68)
    得到: Sum=000003 (          3)
[1420470000] PATTERN: *** 比對錯誤 *** (Test #648)
    預期: Sum=ff00 (       -256)
    得到: Sum=1ffede (       -290)
[1420560000] PATTERN: *** 比對錯誤 *** (Test #649)
    預期: Sum=0043 (         67)
    得到: Sum=000035 (         53)
[1420650000] PATTERN: *** 比對錯誤 *** (Test #650)
    預期: Sum=ffaa (        -86)
    得到: Sum=1fffdc (        -36)
[1420740000] PATTERN: *** 比對錯誤 *** (Test #651)
    預期: Sum=ffe5 (        -27)
    得到: Sum=1fff9c (       -100)
[1420830000] PATTERN: *** 比對錯誤 *** (Test #652)
    預期: Sum=ffe0 (        -32)
    得到: Sum=1ffff5 (        -11)
[1420920000] PATTERN: *** 比對錯誤 *** (Test #653)
    預期: Sum=002f (         47)
    得到: Sum=1ffff9 (         -7)
*Verdi* : Flush all FSDB Files at 1,421,000,000 ps.
[1421010000] PATTERN: *** 比對錯誤 *** (Test #654)
    預期: Sum=000b (         11)
    得到: Sum=000008 (          8)
[1421100000] PATTERN: *** 比對錯誤 *** (Test #655)
    預期: Sum=ffff (         -1)
    得到: Sum=000002 (          2)
[1421190000] PATTERN: *** 比對錯誤 *** (Test #656)
    預期: Sum=0027 (         39)
    得到: Sum=00004d (         77)
[1421280000] PATTERN: *** 比對錯誤 *** (Test #657)
    預期: Sum=fdd0 (       -560)
    得到: Sum=1ffe23 (       -477)
[1421370000] PATTERN: *** 比對錯誤 *** (Test #658)
    預期: Sum=fffa (         -6)
    得到: Sum=000018 (         24)
[1421460000] PATTERN: *** 比對錯誤 *** (Test #659)
    預期: Sum=ffae (        -82)
    得到: Sum=1ffff0 (        -16)
[1421550000] PATTERN: *** 比對錯誤 *** (Test #660)
    預期: Sum=fff6 (        -10)
    得到: Sum=1ffff9 (         -7)
[1421640000] PATTERN: *** 比對錯誤 *** (Test #661)
    預期: Sum=0047 (         71)
    得到: Sum=00002d (         45)
[1421730000] PATTERN: *** 比對錯誤 *** (Test #662)
    預期: Sum=ffc1 (        -63)
    得到: Sum=1fffd5 (        -43)
[1421820000] PATTERN: *** 比對錯誤 *** (Test #663)
    預期: Sum=0007 (          7)
    得到: Sum=00000c (         12)
[1421910000] PATTERN: *** 比對錯誤 *** (Test #664)
    預期: Sum=ff99 (       -103)
    得到: Sum=1fffa4 (        -92)
*Verdi* : Flush all FSDB Files at 1,422,000,000 ps.
[1422000000] PATTERN: *** 比對錯誤 *** (Test #665)
    預期: Sum=ffe2 (        -30)
    得到: Sum=1fffe3 (        -29)
[1422090000] PATTERN: *** 比對錯誤 *** (Test #666)
    預期: Sum=ffe2 (        -30)
    得到: Sum=1fffc4 (        -60)
[1422180000] PATTERN: *** 比對錯誤 *** (Test #667)
    預期: Sum=006d (        109)
    得到: Sum=000083 (        131)
[1422270000] PATTERN: *** 比對錯誤 *** (Test #668)
    預期: Sum=ff07 (       -249)
    得到: Sum=1fff27 (       -217)
[1422360000] PATTERN: *** 比對錯誤 *** (Test #669)
    預期: Sum=fffa (         -6)
    得到: Sum=1fffed (        -19)
[1422450000] PATTERN: *** 比對錯誤 *** (Test #670)
    預期: Sum=ffeb (        -21)
    得到: Sum=000003 (          3)
[1422540000] PATTERN: *** 比對錯誤 *** (Test #671)
    預期: Sum=0003 (          3)
    得到: Sum=00002f (         47)
[1422630000] PATTERN: *** 比對錯誤 *** (Test #672)
    預期: Sum=ff75 (       -139)
    得到: Sum=1fff7f (       -129)
[1422720000] PATTERN: *** 比對錯誤 *** (Test #673)
    預期: Sum=fef9 (       -263)
    得到: Sum=1ffef0 (       -272)
[1422810000] PATTERN: *** 比對錯誤 *** (Test #674)
    預期: Sum=0000 (          0)
    得到: Sum=00000c (         12)
[1422900000] PATTERN: *** 比對錯誤 *** (Test #675)
    預期: Sum=ffed (        -19)
    得到: Sum=1fffce (        -50)
[1422990000] PATTERN: *** 比對錯誤 *** (Test #676)
    預期: Sum=feef (       -273)
    得到: Sum=1ffef3 (       -269)
*Verdi* : Flush all FSDB Files at 1,423,000,000 ps.
[1423080000] PATTERN: *** 比對錯誤 *** (Test #677)
    預期: Sum=ff2e (       -210)
    得到: Sum=1fff1e (       -226)
[1423170000] PATTERN: *** 比對錯誤 *** (Test #678)
    預期: Sum=fff2 (        -14)
    得到: Sum=1fffe2 (        -30)
[1423260000] PATTERN: *** 比對錯誤 *** (Test #679)
    預期: Sum=000e (         14)
    得到: Sum=000003 (          3)
[1423350000] PATTERN: *** 比對錯誤 *** (Test #680)
    預期: Sum=ff15 (       -235)
    得到: Sum=1fff16 (       -234)
[1423440000] PATTERN: *** 比對錯誤 *** (Test #681)
    預期: Sum=ffef (        -17)
    得到: Sum=00001d (         29)
[1423530000] PATTERN: *** 比對錯誤 *** (Test #682)
    預期: Sum=fef8 (       -264)
    得到: Sum=1fff0c (       -244)
[1423620000] PATTERN: *** 比對錯誤 *** (Test #683)
    預期: Sum=fffc (         -4)
    得到: Sum=1fffea (        -22)
[1423710000] PATTERN: *** 比對錯誤 *** (Test #684)
    預期: Sum=ffe7 (        -25)
    得到: Sum=1fffeb (        -21)
[1423800000] PATTERN: *** 比對錯誤 *** (Test #685)
    預期: Sum=ffbc (        -68)
    得到: Sum=1fffc3 (        -61)
[1423890000] PATTERN: *** 比對錯誤 *** (Test #686)
    預期: Sum=001b (         27)
    得到: Sum=000002 (          2)
[1423980000] PATTERN: *** 比對錯誤 *** (Test #687)
    預期: Sum=ffeb (        -21)
    得到: Sum=000014 (         20)
*Verdi* : Flush all FSDB Files at 1,424,000,000 ps.
[1424070000] PATTERN: *** 比對錯誤 *** (Test #688)
    預期: Sum=fecd (       -307)
    得到: Sum=1ffec0 (       -320)
[1424160000] PATTERN: *** 比對錯誤 *** (Test #689)
    預期: Sum=fefa (       -262)
    得到: Sum=1ffef6 (       -266)
[1424250000] PATTERN: *** 比對錯誤 *** (Test #690)
    預期: Sum=ffeb (        -21)
    得到: Sum=1ffff2 (        -14)
[1424340000] PATTERN: *** 比對錯誤 *** (Test #691)
    預期: Sum=ff0b (       -245)
    得到: Sum=1fff23 (       -221)
[1424430000] PATTERN: *** 比對錯誤 *** (Test #692)
    預期: Sum=0016 (         22)
    得到: Sum=000014 (         20)
[1424520000] PATTERN: *** 比對錯誤 *** (Test #693)
    預期: Sum=ffe9 (        -23)
    得到: Sum=000000 (          0)
[1424610000] PATTERN: *** 比對錯誤 *** (Test #694)
    預期: Sum=fff7 (         -9)
    得到: Sum=000005 (          5)
[1424700000] PATTERN: *** 比對錯誤 *** (Test #695)
    預期: Sum=fff9 (         -7)
    得到: Sum=00000a (         10)
[1424790000] PATTERN: *** 比對錯誤 *** (Test #696)
    預期: Sum=feee (       -274)
    得到: Sum=1fff31 (       -207)
[1424880000] PATTERN: *** 比對錯誤 *** (Test #697)
    預期: Sum=ff3b (       -197)
    得到: Sum=1fff31 (       -207)
[1424970000] PATTERN: *** 比對錯誤 *** (Test #698)
    預期: Sum=0066 (        102)
    得到: Sum=00004f (         79)
*Verdi* : Flush all FSDB Files at 1,425,000,000 ps.
[1425060000] PATTERN: *** 比對錯誤 *** (Test #699)
    預期: Sum=000b (         11)
    得到: Sum=00000e (         14)
[1425150000] PATTERN: *** 比對錯誤 *** (Test #700)
    預期: Sum=ffc0 (        -64)
    得到: Sum=1fff8c (       -116)
[1425240000] PATTERN: *** 比對錯誤 *** (Test #701)
    預期: Sum=fef1 (       -271)
    得到: Sum=1ffedd (       -291)
[1425330000] PATTERN: *** 比對錯誤 *** (Test #702)
    預期: Sum=0016 (         22)
    得到: Sum=000007 (          7)
[1425420000] PATTERN: *** 比對錯誤 *** (Test #703)
    預期: Sum=0058 (         88)
    得到: Sum=00005e (         94)
[1425510000] PATTERN: *** 比對錯誤 *** (Test #704)
    預期: Sum=0074 (        116)
    得到: Sum=000090 (        144)
[1425600000] PATTERN: *** 比對錯誤 *** (Test #705)
    預期: Sum=ffe7 (        -25)
    得到: Sum=1fffdd (        -35)
[1425690000] PATTERN: *** 比對錯誤 *** (Test #706)
    預期: Sum=ff27 (       -217)
    得到: Sum=1ffefa (       -262)
[1425780000] PATTERN: *** 比對錯誤 *** (Test #707)
    預期: Sum=000f (         15)
    得到: Sum=000002 (          2)
[1425870000] PATTERN: *** 比對錯誤 *** (Test #708)
    預期: Sum=ffed (        -19)
    得到: Sum=1fffd8 (        -40)
[1425960000] PATTERN: *** 比對錯誤 *** (Test #709)
    預期: Sum=ffe3 (        -29)
    得到: Sum=1ffff3 (        -13)
*Verdi* : Flush all FSDB Files at 1,426,000,000 ps.
[1426050000] PATTERN: *** 比對錯誤 *** (Test #710)
    預期: Sum=fece (       -306)
    得到: Sum=1ffedd (       -291)
[1426140000] PATTERN: *** 比對錯誤 *** (Test #711)
    預期: Sum=003d (         61)
    得到: Sum=00003c (         60)
[1426230000] PATTERN: *** 比對錯誤 *** (Test #712)
    預期: Sum=004c (         76)
    得到: Sum=000043 (         67)
[1426320000] PATTERN: *** 比對錯誤 *** (Test #713)
    預期: Sum=ffe4 (        -28)
    得到: Sum=1fffda (        -38)
[1426410000] PATTERN: *** 比對錯誤 *** (Test #714)
    預期: Sum=0030 (         48)
    得到: Sum=00001e (         30)
[1426500000] PATTERN: *** 比對錯誤 *** (Test #715)
    預期: Sum=ffcb (        -53)
    得到: Sum=1fffc3 (        -61)
[1426590000] PATTERN: *** 比對錯誤 *** (Test #716)
    預期: Sum=ff68 (       -152)
    得到: Sum=1fffbc (        -68)
[1426680000] PATTERN: *** 比對錯誤 *** (Test #717)
    預期: Sum=000b (         11)
    得到: Sum=000001 (          1)
[1426770000] PATTERN: *** 比對錯誤 *** (Test #718)
    預期: Sum=ffd9 (        -39)
    得到: Sum=1fffb8 (        -72)
[1426860000] PATTERN: *** 比對錯誤 *** (Test #719)
    預期: Sum=0081 (        129)
    得到: Sum=00007f (        127)
[1426950000] PATTERN: *** 比對錯誤 *** (Test #720)
    預期: Sum=0012 (         18)
    得到: Sum=000009 (          9)
*Verdi* : Flush all FSDB Files at 1,427,000,000 ps.
[1427040000] PATTERN: *** 比對錯誤 *** (Test #721)
    預期: Sum=0048 (         72)
    得到: Sum=000068 (        104)
[1427130000] PATTERN: *** 比對錯誤 *** (Test #722)
    預期: Sum=ffdc (        -36)
    得到: Sum=1ffff5 (        -11)
[1427220000] PATTERN: *** 比對錯誤 *** (Test #723)
    預期: Sum=004d (         77)
    得到: Sum=000070 (        112)
[1427310000] PATTERN: *** 比對錯誤 *** (Test #724)
    預期: Sum=ff80 (       -128)
    得到: Sum=1fff63 (       -157)
[1427400000] PATTERN: *** 比對錯誤 *** (Test #725)
    預期: Sum=000c (         12)
    得到: Sum=00000e (         14)
[1427490000] PATTERN: *** 比對錯誤 *** (Test #726)
    預期: Sum=ffeb (        -21)
    得到: Sum=1fffa8 (        -88)
[1427580000] PATTERN: *** 比對錯誤 *** (Test #727)
    預期: Sum=006d (        109)
    得到: Sum=000065 (        101)
[1427670000] PATTERN: *** 比對錯誤 *** (Test #728)
    預期: Sum=ff07 (       -249)
    得到: Sum=1ffef4 (       -268)
[1427760000] PATTERN: *** 比對錯誤 *** (Test #729)
    預期: Sum=fffd (         -3)
    得到: Sum=1fffff (         -1)
[1427850000] PATTERN: *** 比對錯誤 *** (Test #730)
    預期: Sum=fefc (       -260)
    得到: Sum=1fff11 (       -239)
[1427940000] PATTERN: *** 比對錯誤 *** (Test #731)
    預期: Sum=ff2c (       -212)
    得到: Sum=1fff1c (       -228)
*Verdi* : Flush all FSDB Files at 1,428,000,000 ps.
[1428030000] PATTERN: *** 比對錯誤 *** (Test #732)
    預期: Sum=feff (       -257)
    得到: Sum=1ffefd (       -259)
[1428120000] PATTERN: *** 比對錯誤 *** (Test #733)
    預期: Sum=ffb2 (        -78)
    得到: Sum=1fffc7 (        -57)
[1428210000] PATTERN: *** 比對錯誤 *** (Test #734)
    預期: Sum=ff63 (       -157)
    得到: Sum=1fff98 (       -104)
[1428300000] PATTERN: *** 比對錯誤 *** (Test #735)
    預期: Sum=0017 (         23)
    得到: Sum=1fffef (        -17)
[1428390000] PATTERN: *** 比對錯誤 *** (Test #736)
    預期: Sum=ffa0 (        -96)
    得到: Sum=1ffff0 (        -16)
[1428480000] PATTERN: *** 比對錯誤 *** (Test #737)
    預期: Sum=002f (         47)
    得到: Sum=000012 (         18)
[1428570000] PATTERN: *** 比對錯誤 *** (Test #738)
    預期: Sum=ff14 (       -236)
    得到: Sum=1fff33 (       -205)
[1428660000] PATTERN: *** 比對錯誤 *** (Test #739)
    預期: Sum=ffed (        -19)
    得到: Sum=1fffeb (        -21)
[1428750000] PATTERN: *** 比對錯誤 *** (Test #740)
    預期: Sum=feee (       -274)
    得到: Sum=1fff17 (       -233)
[1428840000] PATTERN: *** 比對錯誤 *** (Test #741)
    預期: Sum=fefe (       -258)
    得到: Sum=1ffeea (       -278)
[1428930000] PATTERN: *** 比對錯誤 *** (Test #742)
    預期: Sum=0096 (        150)
    得到: Sum=000108 (        264)
*Verdi* : Flush all FSDB Files at 1,429,000,000 ps.
[1429020000] PATTERN: *** 比對錯誤 *** (Test #743)
    預期: Sum=ff1c (       -228)
    得到: Sum=1ffefb (       -261)
[1429110000] PATTERN: *** 比對錯誤 *** (Test #744)
    預期: Sum=ffa3 (        -93)
    得到: Sum=1fffee (        -18)
[1429200000] PATTERN: *** 比對錯誤 *** (Test #745)
    預期: Sum=ffe8 (        -24)
    得到: Sum=1ffff2 (        -14)
[1429290000] PATTERN: *** 比對錯誤 *** (Test #746)
    預期: Sum=fecc (       -308)
    得到: Sum=1ffeb1 (       -335)
[1429380000] PATTERN: *** 比對錯誤 *** (Test #747)
    預期: Sum=ffec (        -20)
    得到: Sum=1ffff6 (        -10)
[1429470000] PATTERN: *** 比對錯誤 *** (Test #748)
    預期: Sum=fff9 (         -7)
    得到: Sum=1ffff3 (        -13)
[1429560000] PATTERN: *** 比對錯誤 *** (Test #749)
    預期: Sum=0021 (         33)
    得到: Sum=000017 (         23)
[1429650000] PATTERN: *** 比對錯誤 *** (Test #750)
    預期: Sum=fee5 (       -283)
    得到: Sum=1fff98 (       -104)
[1429740000] PATTERN: *** 比對錯誤 *** (Test #751)
    預期: Sum=fee3 (       -285)
    得到: Sum=1fff1f (       -225)
[1429830000] PATTERN: *** 比對錯誤 *** (Test #752)
    預期: Sum=fee9 (       -279)
    得到: Sum=1ffedf (       -289)
[1429920000] PATTERN: *** 比對錯誤 *** (Test #753)
    預期: Sum=ffef (        -17)
    得到: Sum=1fffdd (        -35)
*Verdi* : Flush all FSDB Files at 1,430,000,000 ps.
[1430010000] PATTERN: *** 比對錯誤 *** (Test #754)
    預期: Sum=ffc0 (        -64)
    得到: Sum=1fffbb (        -69)
[1430100000] PATTERN: *** 比對錯誤 *** (Test #755)
    預期: Sum=ff44 (       -188)
    得到: Sum=1fff30 (       -208)
[1430190000] PATTERN: *** 比對錯誤 *** (Test #756)
    預期: Sum=ffbf (        -65)
    得到: Sum=1fffda (        -38)
[1430280000] PATTERN: *** 比對錯誤 *** (Test #757)
    預期: Sum=0050 (         80)
    得到: Sum=000031 (         49)
[1430370000] PATTERN: *** 比對錯誤 *** (Test #758)
    預期: Sum=ff0e (       -242)
    得到: Sum=1ffef7 (       -265)
[1430460000] PATTERN: *** 比對錯誤 *** (Test #759)
    預期: Sum=0002 (          2)
    得到: Sum=1fffef (        -17)
[1430550000] PATTERN: *** 比對錯誤 *** (Test #760)
    預期: Sum=0003 (          3)
    得到: Sum=000006 (          6)
[1430640000] PATTERN: *** 比對錯誤 *** (Test #761)
    預期: Sum=0023 (         35)
    得到: Sum=000015 (         21)
[1430730000] PATTERN: *** 比對錯誤 *** (Test #762)
    預期: Sum=fff0 (        -16)
    得到: Sum=1fffe2 (        -30)
[1430820000] PATTERN: *** 比對錯誤 *** (Test #763)
    預期: Sum=fff6 (        -10)
    得到: Sum=1fffdf (        -33)
[1430910000] PATTERN: *** 比對錯誤 *** (Test #764)
    預期: Sum=ffcc (        -52)
    得到: Sum=1fffb8 (        -72)
*Verdi* : Flush all FSDB Files at 1,431,000,000 ps.
[1431000000] PATTERN: *** 比對錯誤 *** (Test #765)
    預期: Sum=004f (         79)
    得到: Sum=00009c (        156)
[1431090000] PATTERN: *** 比對錯誤 *** (Test #766)
    預期: Sum=fee0 (       -288)
    得到: Sum=1ffef7 (       -265)
[1431180000] PATTERN: *** 比對錯誤 *** (Test #767)
    預期: Sum=ffc9 (        -55)
    得到: Sum=1fffeb (        -21)
[1431270000] PATTERN: *** 比對錯誤 *** (Test #768)
    預期: Sum=ff50 (       -176)
    得到: Sum=1fff2e (       -210)
[1431360000] PATTERN: *** 比對錯誤 *** (Test #769)
    預期: Sum=ffee (        -18)
    得到: Sum=000001 (          1)
[1431450000] PATTERN: *** 比對錯誤 *** (Test #770)
    預期: Sum=ffbd (        -67)
    得到: Sum=1fffbb (        -69)
[1431540000] PATTERN: *** 比對錯誤 *** (Test #771)
    預期: Sum=0005 (          5)
    得到: Sum=1fffe7 (        -25)
[1431630000] PATTERN: *** 比對錯誤 *** (Test #772)
    預期: Sum=0004 (          4)
    得到: Sum=1ffffc (         -4)
[1431720000] PATTERN: *** 比對錯誤 *** (Test #773)
    預期: Sum=0013 (         19)
    得到: Sum=00001c (         28)
[1431810000] PATTERN: *** 比對錯誤 *** (Test #774)
    預期: Sum=ffd8 (        -40)
    得到: Sum=1fffaf (        -81)
[1431900000] PATTERN: *** 比對錯誤 *** (Test #775)
    預期: Sum=ff01 (       -255)
    得到: Sum=1ffef9 (       -263)
[1431990000] PATTERN: *** 比對錯誤 *** (Test #776)
    預期: Sum=0051 (         81)
    得到: Sum=00007e (        126)
*Verdi* : Flush all FSDB Files at 1,432,000,000 ps.
[1432080000] PATTERN: *** 比對錯誤 *** (Test #777)
    預期: Sum=ffd2 (        -46)
    得到: Sum=00003f (         63)
[1432170000] PATTERN: *** 比對錯誤 *** (Test #778)
    預期: Sum=ff98 (       -104)
    得到: Sum=1fffb3 (        -77)
[1432260000] PATTERN: *** 比對錯誤 *** (Test #779)
    預期: Sum=0008 (          8)
    得到: Sum=000004 (          4)
[1432350000] PATTERN: *** 比對錯誤 *** (Test #780)
    預期: Sum=005f (         95)
    得到: Sum=000064 (        100)
[1432440000] PATTERN: *** 比對錯誤 *** (Test #781)
    預期: Sum=ff9f (        -97)
    得到: Sum=1fff9d (        -99)
[1432530000] PATTERN: *** 比對錯誤 *** (Test #782)
    預期: Sum=ff3c (       -196)
    得到: Sum=1ffef2 (       -270)
[1432620000] PATTERN: *** 比對錯誤 *** (Test #783)
    預期: Sum=0025 (         37)
    得到: Sum=1ffffe (         -2)
[1432710000] PATTERN: *** 比對錯誤 *** (Test #784)
    預期: Sum=ffef (        -17)
    得到: Sum=1fffe7 (        -25)
[1432800000] PATTERN: *** 比對錯誤 *** (Test #785)
    預期: Sum=0017 (         23)
    得到: Sum=000008 (          8)
[1432890000] PATTERN: *** 比對錯誤 *** (Test #786)
    預期: Sum=ffc9 (        -55)
    得到: Sum=1fffe0 (        -32)
[1432980000] PATTERN: *** 比對錯誤 *** (Test #787)
    預期: Sum=0006 (          6)
    得到: Sum=000007 (          7)
*Verdi* : Flush all FSDB Files at 1,433,000,000 ps.
[1433070000] PATTERN: *** 比對錯誤 *** (Test #788)
    預期: Sum=ffef (        -17)
    得到: Sum=1ffff1 (        -15)
[1433160000] PATTERN: *** 比對錯誤 *** (Test #789)
    預期: Sum=fff1 (        -15)
    得到: Sum=1fffea (        -22)
[1433250000] PATTERN: *** 比對錯誤 *** (Test #790)
    預期: Sum=ffcc (        -52)
    得到: Sum=1fffa6 (        -90)
[1433340000] PATTERN: *** 比對錯誤 *** (Test #791)
    預期: Sum=ff1e (       -226)
    得到: Sum=1fff15 (       -235)
[1433430000] PATTERN: *** 比對錯誤 *** (Test #792)
    預期: Sum=000f (         15)
    得到: Sum=00004a (         74)
[1433520000] PATTERN: *** 比對錯誤 *** (Test #793)
    預期: Sum=000e (         14)
    得到: Sum=000011 (         17)
[1433700000] PATTERN: *** 比對錯誤 *** (Test #795)
    預期: Sum=fff7 (         -9)
    得到: Sum=1fffc4 (        -60)
[1433790000] PATTERN: *** 比對錯誤 *** (Test #796)
    預期: Sum=fe91 (       -367)
    得到: Sum=1ffea7 (       -345)
[1433880000] PATTERN: *** 比對錯誤 *** (Test #797)
    預期: Sum=fffd (         -3)
    得到: Sum=000000 (          0)
[1433970000] PATTERN: *** 比對錯誤 *** (Test #798)
    預期: Sum=0003 (          3)
    得到: Sum=1ffff8 (         -8)
*Verdi* : Flush all FSDB Files at 1,434,000,000 ps.
[1434060000] PATTERN: *** 比對錯誤 *** (Test #799)
    預期: Sum=003d (         61)
    得到: Sum=000019 (         25)
[1434150000] PATTERN: *** 比對錯誤 *** (Test #800)
    預期: Sum=0034 (         52)
    得到: Sum=00003b (         59)
[1434240000] PATTERN: *** 比對錯誤 *** (Test #801)
    預期: Sum=fff7 (         -9)
    得到: Sum=000004 (          4)
[1434330000] PATTERN: *** 比對錯誤 *** (Test #802)
    預期: Sum=0058 (         88)
    得到: Sum=000034 (         52)
[1434420000] PATTERN: *** 比對錯誤 *** (Test #803)
    預期: Sum=fed9 (       -295)
    得到: Sum=1ffef0 (       -272)
[1434510000] PATTERN: *** 比對錯誤 *** (Test #804)
    預期: Sum=fffe (         -2)
    得到: Sum=000010 (         16)
[1434600000] PATTERN: *** 比對錯誤 *** (Test #805)
    預期: Sum=ffde (        -34)
    得到: Sum=1fffc9 (        -55)
[1434690000] PATTERN: *** 比對錯誤 *** (Test #806)
    預期: Sum=001a (         26)
    得到: Sum=00001b (         27)
[1434780000] PATTERN: *** 比對錯誤 *** (Test #807)
    預期: Sum=fffa (         -6)
    得到: Sum=00000c (         12)
[1434870000] PATTERN: *** 比對錯誤 *** (Test #808)
    預期: Sum=ffb9 (        -71)
    得到: Sum=1fffc9 (        -55)
[1434960000] PATTERN: *** 比對錯誤 *** (Test #809)
    預期: Sum=ffc1 (        -63)
    得到: Sum=1fffca (        -54)
*Verdi* : Flush all FSDB Files at 1,435,000,000 ps.
[1435050000] PATTERN: *** 比對錯誤 *** (Test #810)
    預期: Sum=feeb (       -277)
    得到: Sum=1fff12 (       -238)
[1435140000] PATTERN: *** 比對錯誤 *** (Test #811)
    預期: Sum=ffd5 (        -43)
    得到: Sum=1fffcf (        -49)
[1435230000] PATTERN: *** 比對錯誤 *** (Test #812)
    預期: Sum=ffb0 (        -80)
    得到: Sum=1fffcf (        -49)
[1435320000] PATTERN: *** 比對錯誤 *** (Test #813)
    預期: Sum=fecc (       -308)
    得到: Sum=1ffefc (       -260)
[1435410000] PATTERN: *** 比對錯誤 *** (Test #814)
    預期: Sum=ffcc (        -52)
    得到: Sum=1fffe9 (        -23)
[1435500000] PATTERN: *** 比對錯誤 *** (Test #815)
    預期: Sum=ff76 (       -138)
    得到: Sum=1fff85 (       -123)
[1435590000] PATTERN: *** 比對錯誤 *** (Test #816)
    預期: Sum=0005 (          5)
    得到: Sum=1ffffb (         -5)
[1435680000] PATTERN: *** 比對錯誤 *** (Test #817)
    預期: Sum=fffe (         -2)
    得到: Sum=00000f (         15)
[1435770000] PATTERN: *** 比對錯誤 *** (Test #818)
    預期: Sum=fffd (         -3)
    得到: Sum=000001 (          1)
[1435860000] PATTERN: *** 比對錯誤 *** (Test #819)
    預期: Sum=ffcb (        -53)
    得到: Sum=1fffb0 (        -80)
[1435950000] PATTERN: *** 比對錯誤 *** (Test #820)
    預期: Sum=008a (        138)
    得到: Sum=000066 (        102)
*Verdi* : Flush all FSDB Files at 1,436,000,000 ps.
[1436040000] PATTERN: *** 比對錯誤 *** (Test #821)
    預期: Sum=ff1b (       -229)
    得到: Sum=1ffefb (       -261)
[1436130000] PATTERN: *** 比對錯誤 *** (Test #822)
    預期: Sum=0048 (         72)
    得到: Sum=000014 (         20)
[1436220000] PATTERN: *** 比對錯誤 *** (Test #823)
    預期: Sum=001c (         28)
    得到: Sum=000013 (         19)
[1436310000] PATTERN: *** 比對錯誤 *** (Test #824)
    預期: Sum=0019 (         25)
    得到: Sum=000001 (          1)
[1436400000] PATTERN: *** 比對錯誤 *** (Test #825)
    預期: Sum=fff6 (        -10)
    得到: Sum=000008 (          8)
[1436490000] PATTERN: *** 比對錯誤 *** (Test #826)
    預期: Sum=fff4 (        -12)
    得到: Sum=1ffffd (         -3)
[1436580000] PATTERN: *** 比對錯誤 *** (Test #827)
    預期: Sum=ffd2 (        -46)
    得到: Sum=1fff96 (       -106)
[1436670000] PATTERN: *** 比對錯誤 *** (Test #828)
    預期: Sum=0053 (         83)
    得到: Sum=00004d (         77)
[1436760000] PATTERN: *** 比對錯誤 *** (Test #829)
    預期: Sum=fed2 (       -302)
    得到: Sum=1ffec5 (       -315)
[1436850000] PATTERN: *** 比對錯誤 *** (Test #830)
    預期: Sum=fffc (         -4)
    得到: Sum=1fffc3 (        -61)
[1436940000] PATTERN: *** 比對錯誤 *** (Test #831)
    預期: Sum=ffe5 (        -27)
    得到: Sum=1fffe4 (        -28)
*Verdi* : Flush all FSDB Files at 1,437,000,000 ps.
[1437030000] PATTERN: *** 比對錯誤 *** (Test #832)
    預期: Sum=0067 (        103)
    得到: Sum=00000b (         11)
[1437120000] PATTERN: *** 比對錯誤 *** (Test #833)
    預期: Sum=0002 (          2)
    得到: Sum=000004 (          4)
[1437210000] PATTERN: *** 比對錯誤 *** (Test #834)
    預期: Sum=ffe1 (        -31)
    得到: Sum=1fffc2 (        -62)
[1437300000] PATTERN: *** 比對錯誤 *** (Test #835)
    預期: Sum=ffcf (        -49)
    得到: Sum=1fffcb (        -53)
[1437390000] PATTERN: *** 比對錯誤 *** (Test #836)
    預期: Sum=fff0 (        -16)
    得到: Sum=1fffe3 (        -29)
[1437480000] PATTERN: *** 比對錯誤 *** (Test #837)
    預期: Sum=ffed (        -19)
    得到: Sum=1ffff6 (        -10)
[1437570000] PATTERN: *** 比對錯誤 *** (Test #838)
    預期: Sum=0002 (          2)
    得到: Sum=1fffdd (        -35)
[1437660000] PATTERN: *** 比對錯誤 *** (Test #839)
    預期: Sum=ffe6 (        -26)
    得到: Sum=1fffef (        -17)
[1437750000] PATTERN: *** 比對錯誤 *** (Test #840)
    預期: Sum=ff4e (       -178)
    得到: Sum=1fff72 (       -142)
[1437840000] PATTERN: *** 比對錯誤 *** (Test #841)
    預期: Sum=0000 (          0)
    得到: Sum=00002f (         47)
[1437930000] PATTERN: *** 比對錯誤 *** (Test #842)
    預期: Sum=0004 (          4)
    得到: Sum=000005 (          5)
*Verdi* : Flush all FSDB Files at 1,438,000,000 ps.
[1438020000] PATTERN: *** 比對錯誤 *** (Test #843)
    預期: Sum=feb3 (       -333)
    得到: Sum=1ffeed (       -275)
[1438110000] PATTERN: *** 比對錯誤 *** (Test #844)
    預期: Sum=003a (         58)
    得到: Sum=000062 (         98)
[1438200000] PATTERN: *** 比對錯誤 *** (Test #845)
    預期: Sum=000c (         12)
    得到: Sum=000003 (          3)
[1438290000] PATTERN: *** 比對錯誤 *** (Test #846)
    預期: Sum=003f (         63)
    得到: Sum=000010 (         16)
[1438380000] PATTERN: *** 比對錯誤 *** (Test #847)
    預期: Sum=0000 (          0)
    得到: Sum=1fffca (        -54)
[1438470000] PATTERN: *** 比對錯誤 *** (Test #848)
    預期: Sum=fff9 (         -7)
    得到: Sum=1fffec (        -20)
[1438560000] PATTERN: *** 比對錯誤 *** (Test #849)
    預期: Sum=ffb6 (        -74)
    得到: Sum=1fffc7 (        -57)
[1438650000] PATTERN: *** 比對錯誤 *** (Test #850)
    預期: Sum=ff81 (       -127)
    得到: Sum=1fffa4 (        -92)
[1438740000] PATTERN: *** 比對錯誤 *** (Test #851)
    預期: Sum=ffc3 (        -61)
    得到: Sum=1fffe6 (        -26)
[1438830000] PATTERN: *** 比對錯誤 *** (Test #852)
    預期: Sum=fff5 (        -11)
    得到: Sum=1fffff (         -1)
[1438920000] PATTERN: *** 比對錯誤 *** (Test #853)
    預期: Sum=004b (         75)
    得到: Sum=00001c (         28)
*Verdi* : Flush all FSDB Files at 1,439,000,000 ps.
[1439010000] PATTERN: *** 比對錯誤 *** (Test #854)
    預期: Sum=0031 (         49)
    得到: Sum=000047 (         71)
[1439100000] PATTERN: *** 比對錯誤 *** (Test #855)
    預期: Sum=ffbe (        -66)
    得到: Sum=1fffec (        -20)
[1439190000] PATTERN: *** 比對錯誤 *** (Test #856)
    預期: Sum=0070 (        112)
    得到: Sum=000078 (        120)
[1439280000] PATTERN: *** 比對錯誤 *** (Test #857)
    預期: Sum=fff9 (         -7)
    得到: Sum=1fffea (        -22)
[1439370000] PATTERN: *** 比對錯誤 *** (Test #858)
    預期: Sum=ff10 (       -240)
    得到: Sum=1ffeeb (       -277)
[1439460000] PATTERN: *** 比對錯誤 *** (Test #859)
    預期: Sum=ffcc (        -52)
    得到: Sum=1fffd7 (        -41)
[1439550000] PATTERN: *** 比對錯誤 *** (Test #860)
    預期: Sum=0005 (          5)
    得到: Sum=000008 (          8)
[1439640000] PATTERN: *** 比對錯誤 *** (Test #861)
    預期: Sum=ff3a (       -198)
    得到: Sum=1fff50 (       -176)
[1439730000] PATTERN: *** 比對錯誤 *** (Test #862)
    預期: Sum=0017 (         23)
    得到: Sum=1fffe1 (        -31)
[1439820000] PATTERN: *** 比對錯誤 *** (Test #863)
    預期: Sum=0058 (         88)
    得到: Sum=00000f (         15)
[1439910000] PATTERN: *** 比對錯誤 *** (Test #864)
    預期: Sum=fff0 (        -16)
    得到: Sum=00000d (         13)
*Verdi* : Flush all FSDB Files at 1,440,000,000 ps.
[1440000000] PATTERN: *** 比對錯誤 *** (Test #865)
    預期: Sum=fef3 (       -269)
    得到: Sum=1fff0a (       -246)
[1440090000] PATTERN: *** 比對錯誤 *** (Test #866)
    預期: Sum=fff4 (        -12)
    得到: Sum=1ffff6 (        -10)
[1440180000] PATTERN: *** 比對錯誤 *** (Test #867)
    預期: Sum=00ed (        237)
    得到: Sum=0000cc (        204)
[1440270000] PATTERN: *** 比對錯誤 *** (Test #868)
    預期: Sum=0065 (        101)
    得到: Sum=00005f (         95)
[1440360000] PATTERN: *** 比對錯誤 *** (Test #869)
    預期: Sum=0007 (          7)
    得到: Sum=000000 (          0)
[1440450000] PATTERN: *** 比對錯誤 *** (Test #870)
    預期: Sum=00b9 (        185)
    得到: Sum=000081 (        129)
[1440540000] PATTERN: *** 比對錯誤 *** (Test #871)
    預期: Sum=fff4 (        -12)
    得到: Sum=1fffda (        -38)
[1440630000] PATTERN: *** 比對錯誤 *** (Test #872)
    預期: Sum=003d (         61)
    得到: Sum=00004c (         76)
[1440720000] PATTERN: *** 比對錯誤 *** (Test #873)
    預期: Sum=ffd7 (        -41)
    得到: Sum=1fffd6 (        -42)
[1440810000] PATTERN: *** 比對錯誤 *** (Test #874)
    預期: Sum=ff78 (       -136)
    得到: Sum=1fffb3 (        -77)
[1440900000] PATTERN: *** 比對錯誤 *** (Test #875)
    預期: Sum=ff68 (       -152)
    得到: Sum=1fff80 (       -128)
[1440990000] PATTERN: *** 比對錯誤 *** (Test #876)
    預期: Sum=ffe1 (        -31)
    得到: Sum=1fffd1 (        -47)
*Verdi* : Flush all FSDB Files at 1,441,000,000 ps.
[1441080000] PATTERN: *** 比對錯誤 *** (Test #877)
    預期: Sum=ff3f (       -193)
    得到: Sum=1fff6d (       -147)
[1441170000] PATTERN: *** 比對錯誤 *** (Test #878)
    預期: Sum=ff1e (       -226)
    得到: Sum=1fff2e (       -210)
[1441260000] PATTERN: *** 比對錯誤 *** (Test #879)
    預期: Sum=0097 (        151)
    得到: Sum=0000c5 (        197)
[1441350000] PATTERN: *** 比對錯誤 *** (Test #880)
    預期: Sum=000a (         10)
    得到: Sum=000016 (         22)
[1441440000] PATTERN: *** 比對錯誤 *** (Test #881)
    預期: Sum=000e (         14)
    得到: Sum=1fffba (        -70)
[1441530000] PATTERN: *** 比對錯誤 *** (Test #882)
    預期: Sum=ff7c (       -132)
    得到: Sum=1fff50 (       -176)
[1441620000] PATTERN: *** 比對錯誤 *** (Test #883)
    預期: Sum=ff39 (       -199)
    得到: Sum=1fff41 (       -191)
[1441710000] PATTERN: *** 比對錯誤 *** (Test #884)
    預期: Sum=fedf (       -289)
    得到: Sum=1fff29 (       -215)
[1441800000] PATTERN: *** 比對錯誤 *** (Test #885)
    預期: Sum=000a (         10)
    得到: Sum=1fffd9 (        -39)
[1441890000] PATTERN: *** 比對錯誤 *** (Test #886)
    預期: Sum=feea (       -278)
    得到: Sum=1ffef6 (       -266)
[1441980000] PATTERN: *** 比對錯誤 *** (Test #887)
    預期: Sum=fff8 (         -8)
    得到: Sum=1fffda (        -38)
*Verdi* : Flush all FSDB Files at 1,442,000,000 ps.
[1442070000] PATTERN: *** 比對錯誤 *** (Test #888)
    預期: Sum=0092 (        146)
    得到: Sum=00009c (        156)
[1442160000] PATTERN: *** 比對錯誤 *** (Test #889)
    預期: Sum=fffd (         -3)
    得到: Sum=000002 (          2)
[1442250000] PATTERN: *** 比對錯誤 *** (Test #890)
    預期: Sum=000b (         11)
    得到: Sum=00000f (         15)
[1442340000] PATTERN: *** 比對錯誤 *** (Test #891)
    預期: Sum=003f (         63)
    得到: Sum=000040 (         64)
[1442430000] PATTERN: *** 比對錯誤 *** (Test #892)
    預期: Sum=ffee (        -18)
    得到: Sum=1fffe9 (        -23)
[1442520000] PATTERN: *** 比對錯誤 *** (Test #893)
    預期: Sum=ff0b (       -245)
    得到: Sum=1fff57 (       -169)
[1442610000] PATTERN: *** 比對錯誤 *** (Test #894)
    預期: Sum=0013 (         19)
    得到: Sum=1fffd6 (        -42)
[1442700000] PATTERN: *** 比對錯誤 *** (Test #895)
    預期: Sum=fef3 (       -269)
    得到: Sum=1fff18 (       -232)
[1442790000] PATTERN: *** 比對錯誤 *** (Test #896)
    預期: Sum=ff53 (       -173)
    得到: Sum=1fff9f (        -97)
[1442880000] PATTERN: *** 比對錯誤 *** (Test #897)
    預期: Sum=ff42 (       -190)
    得到: Sum=1fff45 (       -187)
[1442970000] PATTERN: *** 比對錯誤 *** (Test #898)
    預期: Sum=fff3 (        -13)
    得到: Sum=000005 (          5)
*Verdi* : Flush all FSDB Files at 1,443,000,000 ps.
[1443060000] PATTERN: *** 比對錯誤 *** (Test #899)
    預期: Sum=0005 (          5)
    得到: Sum=000002 (          2)
[1443150000] PATTERN: *** 比對錯誤 *** (Test #900)
    預期: Sum=ffd5 (        -43)
    得到: Sum=1fffda (        -38)
[1443240000] PATTERN: *** 比對錯誤 *** (Test #901)
    預期: Sum=0008 (          8)
    得到: Sum=000001 (          1)
[1443330000] PATTERN: *** 比對錯誤 *** (Test #902)
    預期: Sum=ff11 (       -239)
    得到: Sum=1fff03 (       -253)
[1443420000] PATTERN: *** 比對錯誤 *** (Test #903)
    預期: Sum=ff8b (       -117)
    得到: Sum=000000 (          0)
[1443510000] PATTERN: *** 比對錯誤 *** (Test #904)
    預期: Sum=fef0 (       -272)
    得到: Sum=1ffedd (       -291)
[1443600000] PATTERN: *** 比對錯誤 *** (Test #905)
    預期: Sum=0030 (         48)
    得到: Sum=000028 (         40)
[1443690000] PATTERN: *** 比對錯誤 *** (Test #906)
    預期: Sum=ff9d (        -99)
    得到: Sum=1fffde (        -34)
[1443780000] PATTERN: *** 比對錯誤 *** (Test #907)
    預期: Sum=ffb9 (        -71)
    得到: Sum=1fff9b (       -101)
[1443870000] PATTERN: *** 比對錯誤 *** (Test #908)
    預期: Sum=fff0 (        -16)
    得到: Sum=1ffff4 (        -12)
[1443960000] PATTERN: *** 比對錯誤 *** (Test #909)
    預期: Sum=ffc8 (        -56)
    得到: Sum=1ffff9 (         -7)
*Verdi* : Flush all FSDB Files at 1,444,000,000 ps.
[1444050000] PATTERN: *** 比對錯誤 *** (Test #910)
    預期: Sum=fff7 (         -9)
    得到: Sum=000008 (          8)
[1444140000] PATTERN: *** 比對錯誤 *** (Test #911)
    預期: Sum=fff6 (        -10)
    得到: Sum=000003 (          3)
[1444230000] PATTERN: *** 比對錯誤 *** (Test #912)
    預期: Sum=0025 (         37)
    得到: Sum=00004d (         77)
[1444320000] PATTERN: *** 比對錯誤 *** (Test #913)
    預期: Sum=fdd4 (       -556)
    得到: Sum=1ffe21 (       -479)
[1444410000] PATTERN: *** 比對錯誤 *** (Test #914)
    預期: Sum=fff0 (        -16)
    得到: Sum=000017 (         23)
[1444500000] PATTERN: *** 比對錯誤 *** (Test #915)
    預期: Sum=ffc6 (        -58)
    得到: Sum=1fffec (        -20)
[1444590000] PATTERN: *** 比對錯誤 *** (Test #916)
    預期: Sum=0023 (         35)
    得到: Sum=1ffffa (         -6)
[1444680000] PATTERN: *** 比對錯誤 *** (Test #917)
    預期: Sum=0025 (         37)
    得到: Sum=00002b (         43)
[1444770000] PATTERN: *** 比對錯誤 *** (Test #918)
    預期: Sum=ffc7 (        -57)
    得到: Sum=1fffd4 (        -44)
[1444860000] PATTERN: *** 比對錯誤 *** (Test #919)
    預期: Sum=000a (         10)
    得到: Sum=00000c (         12)
[1444950000] PATTERN: *** 比對錯誤 *** (Test #920)
    預期: Sum=ff9f (        -97)
    得到: Sum=1fffa4 (        -92)
*Verdi* : Flush all FSDB Files at 1,445,000,000 ps.
[1445040000] PATTERN: *** 比對錯誤 *** (Test #921)
    預期: Sum=ffd2 (        -46)
    得到: Sum=1fffe3 (        -29)
[1445130000] PATTERN: *** 比對錯誤 *** (Test #922)
    預期: Sum=ffe7 (        -25)
    得到: Sum=1fffc3 (        -61)
[1445220000] PATTERN: *** 比對錯誤 *** (Test #923)
    預期: Sum=0054 (         84)
    得到: Sum=000083 (        131)
[1445310000] PATTERN: *** 比對錯誤 *** (Test #924)
    預期: Sum=fedb (       -293)
    得到: Sum=1fff27 (       -217)
[1445400000] PATTERN: *** 比對錯誤 *** (Test #925)
    預期: Sum=ffec (        -20)
    得到: Sum=1fffee (        -18)
[1445490000] PATTERN: *** 比對錯誤 *** (Test #926)
    預期: Sum=ffe5 (        -27)
    得到: Sum=000003 (          3)
[1445580000] PATTERN: *** 比對錯誤 *** (Test #927)
    預期: Sum=fff6 (        -10)
    得到: Sum=00002f (         47)
[1445670000] PATTERN: *** 比對錯誤 *** (Test #928)
    預期: Sum=ff75 (       -139)
    得到: Sum=1fff80 (       -128)
[1445760000] PATTERN: *** 比對錯誤 *** (Test #929)
    預期: Sum=ff11 (       -239)
    得到: Sum=1ffeee (       -274)
[1445850000] PATTERN: *** 比對錯誤 *** (Test #930)
    預期: Sum=0012 (         18)
    得到: Sum=00000c (         12)
[1445940000] PATTERN: *** 比對錯誤 *** (Test #931)
    預期: Sum=0007 (          7)
    得到: Sum=1fffce (        -50)
*Verdi* : Flush all FSDB Files at 1,446,000,000 ps.
[1446030000] PATTERN: *** 比對錯誤 *** (Test #932)
    預期: Sum=fefd (       -259)
    得到: Sum=1ffef6 (       -266)
[1446120000] PATTERN: *** 比對錯誤 *** (Test #933)
    預期: Sum=ff1c (       -228)
    得到: Sum=1fff1f (       -225)
[1446210000] PATTERN: *** 比對錯誤 *** (Test #934)
    預期: Sum=fffa (         -6)
    得到: Sum=1fffdf (        -33)
[1446300000] PATTERN: *** 比對錯誤 *** (Test #935)
    預期: Sum=fffa (         -6)
    得到: Sum=000002 (          2)
[1446390000] PATTERN: *** 比對錯誤 *** (Test #936)
    預期: Sum=ff03 (       -253)
    得到: Sum=1fff16 (       -234)
[1446480000] PATTERN: *** 比對錯誤 *** (Test #937)
    預期: Sum=fff9 (         -7)
    得到: Sum=000019 (         25)
[1446570000] PATTERN: *** 比對錯誤 *** (Test #938)
    預期: Sum=fee6 (       -282)
    得到: Sum=1fff0d (       -243)
[1446660000] PATTERN: *** 比對錯誤 *** (Test #939)
    預期: Sum=ffc0 (        -64)
    得到: Sum=1fffea (        -22)
[1446750000] PATTERN: *** 比對錯誤 *** (Test #940)
    預期: Sum=fff9 (         -7)
    得到: Sum=1fffeb (        -21)
[1446840000] PATTERN: *** 比對錯誤 *** (Test #941)
    預期: Sum=fffe (         -2)
    得到: Sum=1fffc3 (        -61)
[1446930000] PATTERN: *** 比對錯誤 *** (Test #942)
    預期: Sum=fffe (         -2)
    得到: Sum=000002 (          2)
*Verdi* : Flush all FSDB Files at 1,447,000,000 ps.
[1447020000] PATTERN: *** 比對錯誤 *** (Test #943)
    預期: Sum=ffc5 (        -59)
    得到: Sum=000013 (         19)
[1447110000] PATTERN: *** 比對錯誤 *** (Test #944)
    預期: Sum=feb8 (       -328)
    得到: Sum=1ffec0 (       -320)
[1447200000] PATTERN: *** 比對錯誤 *** (Test #945)
    預期: Sum=fed8 (       -296)
    得到: Sum=1ffef6 (       -266)
[1447290000] PATTERN: *** 比對錯誤 *** (Test #946)
    預期: Sum=ffdc (        -36)
    得到: Sum=1ffff2 (        -14)
[1447380000] PATTERN: *** 比對錯誤 *** (Test #947)
    預期: Sum=feff (       -257)
    得到: Sum=1fff23 (       -221)
[1447470000] PATTERN: *** 比對錯誤 *** (Test #948)
    預期: Sum=0004 (          4)
    得到: Sum=000014 (         20)
[1447560000] PATTERN: *** 比對錯誤 *** (Test #949)
    預期: Sum=ffde (        -34)
    得到: Sum=000001 (          1)
[1447650000] PATTERN: *** 比對錯誤 *** (Test #950)
    預期: Sum=fffb (         -5)
    得到: Sum=000007 (          7)
[1447740000] PATTERN: *** 比對錯誤 *** (Test #951)
    預期: Sum=ffe1 (        -31)
    得到: Sum=00000b (         11)
[1447830000] PATTERN: *** 比對錯誤 *** (Test #952)
    預期: Sum=ff1a (       -230)
    得到: Sum=1fff34 (       -204)
[1447920000] PATTERN: *** 比對錯誤 *** (Test #953)
    預期: Sum=ff2d (       -211)
    得到: Sum=1fff31 (       -207)
*Verdi* : Flush all FSDB Files at 1,448,000,000 ps.
[1448010000] PATTERN: *** 比對錯誤 *** (Test #954)
    預期: Sum=004a (         74)
    得到: Sum=00004f (         79)
[1448100000] PATTERN: *** 比對錯誤 *** (Test #955)
    預期: Sum=000c (         12)
    得到: Sum=000010 (         16)
[1448190000] PATTERN: *** 比對錯誤 *** (Test #956)
    預期: Sum=000d (         13)
    得到: Sum=1fff8d (       -115)
[1448280000] PATTERN: *** 比對錯誤 *** (Test #957)
    預期: Sum=fee4 (       -284)
    得到: Sum=1ffedd (       -291)
[1448370000] PATTERN: *** 比對錯誤 *** (Test #958)
    預期: Sum=000f (         15)
    得到: Sum=000005 (          5)
[1448460000] PATTERN: *** 比對錯誤 *** (Test #959)
    預期: Sum=0093 (        147)
    得到: Sum=00005e (         94)
[1448550000] PATTERN: *** 比對錯誤 *** (Test #960)
    預期: Sum=004b (         75)
    得到: Sum=000093 (        147)
[1448640000] PATTERN: *** 比對錯誤 *** (Test #961)
    預期: Sum=ffca (        -54)
    得到: Sum=1fffdd (        -35)
[1448730000] PATTERN: *** 比對錯誤 *** (Test #962)
    預期: Sum=fef5 (       -267)
    得到: Sum=1ffefa (       -262)
[1448820000] PATTERN: *** 比對錯誤 *** (Test #963)
    預期: Sum=fffa (         -6)
    得到: Sum=000002 (          2)
[1448910000] PATTERN: *** 比對錯誤 *** (Test #964)
    預期: Sum=ffee (        -18)
    得到: Sum=1fffd8 (        -40)
*Verdi* : Flush all FSDB Files at 1,449,000,000 ps.
[1449000000] PATTERN: *** 比對錯誤 *** (Test #965)
    預期: Sum=ffe3 (        -29)
    得到: Sum=1ffff3 (        -13)
[1449090000] PATTERN: *** 比對錯誤 *** (Test #966)
    預期: Sum=feda (       -294)
    得到: Sum=1ffede (       -290)
[1449180000] PATTERN: *** 比對錯誤 *** (Test #967)
    預期: Sum=0024 (         36)
    得到: Sum=000046 (         70)
[1449270000] PATTERN: *** 比對錯誤 *** (Test #968)
    預期: Sum=003d (         61)
    得到: Sum=000043 (         67)
[1449360000] PATTERN: *** 比對錯誤 *** (Test #969)
    預期: Sum=ffce (        -50)
    得到: Sum=1fffd9 (        -39)
[1449450000] PATTERN: *** 比對錯誤 *** (Test #970)
    預期: Sum=0037 (         55)
    得到: Sum=000020 (         32)
[1449540000] PATTERN: *** 比對錯誤 *** (Test #971)
    預期: Sum=ffea (        -22)
    得到: Sum=1fffc3 (        -61)
[1449630000] PATTERN: *** 比對錯誤 *** (Test #972)
    預期: Sum=ff8f (       -113)
    得到: Sum=1fffbd (        -67)
[1449720000] PATTERN: *** 比對錯誤 *** (Test #973)
    預期: Sum=fff2 (        -14)
    得到: Sum=000001 (          1)
[1449810000] PATTERN: *** 比對錯誤 *** (Test #974)
    預期: Sum=ffe5 (        -27)
    得到: Sum=1fffb9 (        -71)
[1449900000] PATTERN: *** 比對錯誤 *** (Test #975)
    預期: Sum=0061 (         97)
    得到: Sum=00007f (        127)
[1449990000] PATTERN: *** 比對錯誤 *** (Test #976)
    預期: Sum=0001 (          1)
    得到: Sum=000009 (          9)
*Verdi* : Flush all FSDB Files at 1,450,000,000 ps.
[1450080000] PATTERN: *** 比對錯誤 *** (Test #977)
    預期: Sum=0032 (         50)
    得到: Sum=000069 (        105)
[1450170000] PATTERN: *** 比對錯誤 *** (Test #978)
    預期: Sum=ffc6 (        -58)
    得到: Sum=1ffff7 (         -9)
[1450260000] PATTERN: *** 比對錯誤 *** (Test #979)
    預期: Sum=007a (        122)
    得到: Sum=000071 (        113)
[1450350000] PATTERN: *** 比對錯誤 *** (Test #980)
    預期: Sum=ff80 (       -128)
    得到: Sum=1fff69 (       -151)
[1450440000] PATTERN: *** 比對錯誤 *** (Test #981)
    預期: Sum=0032 (         50)
    得到: Sum=000007 (          7)
[1450530000] PATTERN: *** 比對錯誤 *** (Test #982)
    預期: Sum=ffe0 (        -32)
    得到: Sum=1fffa8 (        -88)
[1450620000] PATTERN: *** 比對錯誤 *** (Test #983)
    預期: Sum=0040 (         64)
    得到: Sum=000064 (        100)
[1450710000] PATTERN: *** 比對錯誤 *** (Test #984)
    預期: Sum=ff2a (       -214)
    得到: Sum=1ffef4 (       -268)
[1450800000] PATTERN: *** 比對錯誤 *** (Test #985)
    預期: Sum=0009 (          9)
    得到: Sum=1fffff (         -1)
[1450890000] PATTERN: *** 比對錯誤 *** (Test #986)
    預期: Sum=fee7 (       -281)
    得到: Sum=1fff12 (       -238)
[1450980000] PATTERN: *** 比對錯誤 *** (Test #987)
    預期: Sum=ff26 (       -218)
    得到: Sum=1fff1d (       -227)
*Verdi* : Flush all FSDB Files at 1,451,000,000 ps.
[1451070000] PATTERN: *** 比對錯誤 *** (Test #988)
    預期: Sum=fef5 (       -267)
    得到: Sum=1ffefd (       -259)
[1451160000] PATTERN: *** 比對錯誤 *** (Test #989)
    預期: Sum=ffd3 (        -45)
    得到: Sum=1fffc7 (        -57)
[1451250000] PATTERN: *** 比對錯誤 *** (Test #990)
    預期: Sum=ff36 (       -202)
    得到: Sum=1fff98 (       -104)
[1451340000] PATTERN: *** 比對錯誤 *** (Test #991)
    預期: Sum=fff2 (        -14)
    得到: Sum=1ffff1 (        -15)
[1451430000] PATTERN: *** 比對錯誤 *** (Test #992)
    預期: Sum=ffc6 (        -58)
    得到: Sum=1ffff0 (        -16)
[1451520000] PATTERN: *** 比對錯誤 *** (Test #993)
    預期: Sum=0036 (         54)
    得到: Sum=000013 (         19)
[1451610000] PATTERN: *** 比對錯誤 *** (Test #994)
    預期: Sum=ff03 (       -253)
    得到: Sum=1fff32 (       -206)
[1451700000] PATTERN: *** 比對錯誤 *** (Test #995)
    預期: Sum=0007 (          7)
    得到: Sum=1fffeb (        -21)
[1451790000] PATTERN: *** 比對錯誤 *** (Test #996)
    預期: Sum=fed5 (       -299)
    得到: Sum=1fff1f (       -225)
[1451880000] PATTERN: *** 比對錯誤 *** (Test #997)
    預期: Sum=ff15 (       -235)
    得到: Sum=1ffeea (       -278)
[1451970000] PATTERN: *** 比對錯誤 *** (Test #998)
    預期: Sum=00a0 (        160)
    得到: Sum=000107 (        263)
*Verdi* : Flush all FSDB Files at 1,452,000,000 ps.
[1452060000] PATTERN: *** 比對錯誤 *** (Test #999)
    預期: Sum=fec8 (       -312)
    得到: Sum=1ffef8 (       -264)
[1452150000] PATTERN: *** 比對錯誤 *** (Test #1000)
    預期: Sum=ffcd (        -51)
    得到: Sum=1ffff2 (        -14)
[1452240000] PATTERN: *** 比對錯誤 *** (Test #1001)
    預期: Sum=ffda (        -38)
    得到: Sum=1ffff2 (        -14)
[1452330000] PATTERN: *** 比對錯誤 *** (Test #1002)
    預期: Sum=feb0 (       -336)
    得到: Sum=1ffeae (       -338)
[1452420000] PATTERN: *** 比對錯誤 *** (Test #1003)
    預期: Sum=ffe8 (        -24)
    得到: Sum=1ffff3 (        -13)
[1452510000] PATTERN: *** 比對錯誤 *** (Test #1004)
    預期: Sum=0011 (         17)
    得到: Sum=1ffff3 (        -13)
[1452600000] PATTERN: *** 比對錯誤 *** (Test #1005)
    預期: Sum=000f (         15)
    得到: Sum=000013 (         19)
[1452690000] PATTERN: *** 比對錯誤 *** (Test #1006)
    預期: Sum=ff2f (       -209)
    得到: Sum=1fff99 (       -103)
[1452780000] PATTERN: *** 比對錯誤 *** (Test #1007)
    預期: Sum=ff07 (       -249)
    得到: Sum=1fff1f (       -225)
[1452870000] PATTERN: *** 比對錯誤 *** (Test #1008)
    預期: Sum=ff12 (       -238)
    得到: Sum=1ffedf (       -289)
[1452960000] PATTERN: *** 比對錯誤 *** (Test #1009)
    預期: Sum=fff4 (        -12)
    得到: Sum=1fffdc (        -36)
*Verdi* : Flush all FSDB Files at 1,453,000,000 ps.
[1453050000] PATTERN: *** 比對錯誤 *** (Test #1010)
    預期: Sum=ffa1 (        -95)
    得到: Sum=1fffba (        -70)
[1453140000] PATTERN: *** 比對錯誤 *** (Test #1011)
    預期: Sum=ff32 (       -206)
    得到: Sum=1fff30 (       -208)
[1453230000] PATTERN: *** 比對錯誤 *** (Test #1012)
    預期: Sum=ffc1 (        -63)
    得到: Sum=1fffdb (        -37)
[1453320000] PATTERN: *** 比對錯誤 *** (Test #1013)
    預期: Sum=0012 (         18)
    得到: Sum=000031 (         49)
[1453410000] PATTERN: *** 比對錯誤 *** (Test #1014)
    預期: Sum=ff2c (       -212)
    得到: Sum=1ffef8 (       -264)
[1453500000] PATTERN: *** 比對錯誤 *** (Test #1015)
    預期: Sum=fff5 (        -11)
    得到: Sum=1fffef (        -17)
[1453590000] PATTERN: *** 比對錯誤 *** (Test #1016)
    預期: Sum=ffe6 (        -26)
    得到: Sum=000005 (          5)
[1453680000] PATTERN: *** 比對錯誤 *** (Test #1017)
    預期: Sum=000c (         12)
    得到: Sum=000015 (         21)
[1453770000] PATTERN: *** 比對錯誤 *** (Test #1018)
    預期: Sum=ffe1 (        -31)
    得到: Sum=1fffe2 (        -30)
[1453860000] PATTERN: *** 比對錯誤 *** (Test #1019)
    預期: Sum=ffe9 (        -23)
    得到: Sum=1fffdf (        -33)
[1453950000] PATTERN: *** 比對錯誤 *** (Test #1020)
    預期: Sum=ffd0 (        -48)
    得到: Sum=1fffb8 (        -72)
*Verdi* : Flush all FSDB Files at 1,454,000,000 ps.
[1454040000] PATTERN: *** 比對錯誤 *** (Test #1021)
    預期: Sum=0053 (         83)
    得到: Sum=00009c (        156)
[1454130000] PATTERN: *** 比對錯誤 *** (Test #1022)
    預期: Sum=ff15 (       -235)
    得到: Sum=1ffef8 (       -264)
[1454220000] PATTERN: *** 比對錯誤 *** (Test #1023)
    預期: Sum=fff9 (         -7)
    得到: Sum=1fffec (        -20)
[1454310000] PATTERN: *** 比對錯誤 *** (Test #1024)
    預期: Sum=ff2f (       -209)
    得到: Sum=1fff2d (       -211)
[1454400000] PATTERN: *** 比對錯誤 *** (Test #1025)
    預期: Sum=ffe0 (        -32)
    得到: Sum=000002 (          2)
[1454490000] PATTERN: *** 比對錯誤 *** (Test #1026)
    預期: Sum=fff1 (        -15)
    得到: Sum=1fffe8 (        -24)
[1454580000] PATTERN: *** 比對錯誤 *** (Test #1027)
    預期: Sum=ffd7 (        -41)
    得到: Sum=1fffe3 (        -29)
[1454670000] PATTERN: *** 比對錯誤 *** (Test #1028)
    預期: Sum=fff7 (         -9)
    得到: Sum=1ffffc (         -4)
[1454760000] PATTERN: *** 比對錯誤 *** (Test #1029)
    預期: Sum=001c (         28)
    得到: Sum=00001d (         29)
[1454850000] PATTERN: *** 比對錯誤 *** (Test #1030)
    預期: Sum=ffc5 (        -59)
    得到: Sum=1fffaf (        -81)
[1454940000] PATTERN: *** 比對錯誤 *** (Test #1031)
    預期: Sum=fef3 (       -269)
    得到: Sum=1ffef9 (       -263)
*Verdi* : Flush all FSDB Files at 1,455,000,000 ps.
[1455030000] PATTERN: *** 比對錯誤 *** (Test #1032)
    預期: Sum=0073 (        115)
    得到: Sum=00007e (        126)
[1455120000] PATTERN: *** 比對錯誤 *** (Test #1033)
    預期: Sum=ffa4 (        -92)
    得到: Sum=00003f (         63)
[1455210000] PATTERN: *** 比對錯誤 *** (Test #1034)
    預期: Sum=ff9d (        -99)
    得到: Sum=1fffb3 (        -77)
[1455300000] PATTERN: *** 比對錯誤 *** (Test #1035)
    預期: Sum=0007 (          7)
    得到: Sum=000008 (          8)
[1455390000] PATTERN: *** 比對錯誤 *** (Test #1036)
    預期: Sum=0061 (         97)
    得到: Sum=000064 (        100)
[1455480000] PATTERN: *** 比對錯誤 *** (Test #1037)
    預期: Sum=ff9d (        -99)
    得到: Sum=1fff9b (       -101)
[1455570000] PATTERN: *** 比對錯誤 *** (Test #1038)
    預期: Sum=ff3f (       -193)
    得到: Sum=1ffee9 (       -279)
[1455660000] PATTERN: *** 比對錯誤 *** (Test #1039)
    預期: Sum=001f (         31)
    得到: Sum=1ffffd (         -3)
[1455750000] PATTERN: *** 比對錯誤 *** (Test #1040)
    預期: Sum=0021 (         33)
    得到: Sum=1fffea (        -22)
[1455840000] PATTERN: *** 比對錯誤 *** (Test #1041)
    預期: Sum=000d (         13)
    得到: Sum=000008 (          8)
[1455930000] PATTERN: *** 比對錯誤 *** (Test #1042)
    預期: Sum=ffd4 (        -44)
    得到: Sum=1fffe1 (        -31)
*Verdi* : Flush all FSDB Files at 1,456,000,000 ps.
[1456020000] PATTERN: *** 比對錯誤 *** (Test #1043)
    預期: Sum=ffe8 (        -24)
    得到: Sum=000007 (          7)
[1456110000] PATTERN: *** 比對錯誤 *** (Test #1044)
    預期: Sum=fffa (         -6)
    得到: Sum=1fffef (        -17)
[1456200000] PATTERN: *** 比對錯誤 *** (Test #1045)
    預期: Sum=ffde (        -34)
    得到: Sum=1fffee (        -18)
[1456290000] PATTERN: *** 比對錯誤 *** (Test #1046)
    預期: Sum=ffd0 (        -48)
    得到: Sum=1fffa7 (        -89)
[1456380000] PATTERN: *** 比對錯誤 *** (Test #1047)
    預期: Sum=ff1c (       -228)
    得到: Sum=1fff15 (       -235)
[1456470000] PATTERN: *** 比對錯誤 *** (Test #1048)
    預期: Sum=0000 (          0)
    得到: Sum=00004a (         74)
[1456560000] PATTERN: *** 比對錯誤 *** (Test #1049)
    預期: Sum=0000 (          0)
    得到: Sum=00000e (         14)
[1456650000] PATTERN: *** 比對錯誤 *** (Test #1050)
    預期: Sum=000e (         14)
    得到: Sum=000006 (          6)
[1456740000] PATTERN: *** 比對錯誤 *** (Test #1051)
    預期: Sum=ffe4 (        -28)
    得到: Sum=1fffc4 (        -60)
[1456830000] PATTERN: *** 比對錯誤 *** (Test #1052)
    預期: Sum=feb8 (       -328)
    得到: Sum=1ffea7 (       -345)
[1456920000] PATTERN: *** 比對錯誤 *** (Test #1053)
    預期: Sum=0003 (          3)
    得到: Sum=000000 (          0)
*Verdi* : Flush all FSDB Files at 1,457,000,000 ps.
[1457100000] PATTERN: *** 比對錯誤 *** (Test #1055)
    預期: Sum=0030 (         48)
    得到: Sum=00001b (         27)
[1457190000] PATTERN: *** 比對錯誤 *** (Test #1056)
    預期: Sum=0030 (         48)
    得到: Sum=00003a (         58)
[1457280000] PATTERN: *** 比對錯誤 *** (Test #1057)
    預期: Sum=fffa (         -6)
    得到: Sum=000004 (          4)
[1457370000] PATTERN: *** 比對錯誤 *** (Test #1058)
    預期: Sum=0030 (         48)
    得到: Sum=000034 (         52)
[1457460000] PATTERN: *** 比對錯誤 *** (Test #1059)
    預期: Sum=fed5 (       -299)
    得到: Sum=1ffeef (       -273)
[1457550000] PATTERN: *** 比對錯誤 *** (Test #1060)
    預期: Sum=0001 (          1)
    得到: Sum=00000f (         15)
[1457640000] PATTERN: *** 比對錯誤 *** (Test #1061)
    預期: Sum=ffee (        -18)
    得到: Sum=1fffc9 (        -55)
[1457730000] PATTERN: *** 比對錯誤 *** (Test #1062)
    預期: Sum=fff9 (         -7)
    得到: Sum=00001b (         27)
[1457820000] PATTERN: *** 比對錯誤 *** (Test #1063)
    預期: Sum=0010 (         16)
    得到: Sum=000008 (          8)
[1457910000] PATTERN: *** 比對錯誤 *** (Test #1064)
    預期: Sum=ffd0 (        -48)
    得到: Sum=1fffca (        -54)
*Verdi* : Flush all FSDB Files at 1,458,000,000 ps.
[1458000000] PATTERN: *** 比對錯誤 *** (Test #1065)
    預期: Sum=ffc1 (        -63)
    得到: Sum=1fffca (        -54)
[1458090000] PATTERN: *** 比對錯誤 *** (Test #1066)
    預期: Sum=feef (       -273)
    得到: Sum=1fff11 (       -239)
[1458180000] PATTERN: *** 比對錯誤 *** (Test #1067)
    預期: Sum=ffce (        -50)
    得到: Sum=1fffcf (        -49)
[1458270000] PATTERN: *** 比對錯誤 *** (Test #1068)
    預期: Sum=ffb0 (        -80)
    得到: Sum=1fffcd (        -51)
[1458360000] PATTERN: *** 比對錯誤 *** (Test #1069)
    預期: Sum=fec7 (       -313)
    得到: Sum=1ffefc (       -260)
[1458450000] PATTERN: *** 比對錯誤 *** (Test #1070)
    預期: Sum=ffb1 (        -79)
    得到: Sum=1fffe9 (        -23)
[1458540000] PATTERN: *** 比對錯誤 *** (Test #1071)
    預期: Sum=ff5c (       -164)
    得到: Sum=1fff86 (       -122)
[1458630000] PATTERN: *** 比對錯誤 *** (Test #1072)
    預期: Sum=0007 (          7)
    得到: Sum=1ffffa (         -6)
[1458720000] PATTERN: *** 比對錯誤 *** (Test #1073)
    預期: Sum=0004 (          4)
    得到: Sum=00000d (         13)
[1458810000] PATTERN: *** 比對錯誤 *** (Test #1074)
    預期: Sum=ffe9 (        -23)
    得到: Sum=1ffff6 (        -10)
[1458900000] PATTERN: *** 比對錯誤 *** (Test #1075)
    預期: Sum=ffcb (        -53)
    得到: Sum=1fffb0 (        -80)
[1458990000] PATTERN: *** 比對錯誤 *** (Test #1076)
    預期: Sum=0074 (        116)
    得到: Sum=000066 (        102)
*Verdi* : Flush all FSDB Files at 1,459,000,000 ps.
[1459080000] PATTERN: *** 比對錯誤 *** (Test #1077)
    預期: Sum=ff17 (       -233)
    得到: Sum=1ffef9 (       -263)
[1459170000] PATTERN: *** 比對錯誤 *** (Test #1078)
    預期: Sum=0059 (         89)
    得到: Sum=000015 (         21)
[1459260000] PATTERN: *** 比對錯誤 *** (Test #1079)
    預期: Sum=0002 (          2)
    得到: Sum=000012 (         18)
[1459350000] PATTERN: *** 比對錯誤 *** (Test #1080)
    預期: Sum=0009 (          9)
    得到: Sum=000001 (          1)
[1459440000] PATTERN: *** 比對錯誤 *** (Test #1081)
    預期: Sum=000f (         15)
    得到: Sum=000008 (          8)
[1459530000] PATTERN: *** 比對錯誤 *** (Test #1082)
    預期: Sum=0006 (          6)
    得到: Sum=1ffffe (         -2)
[1459620000] PATTERN: *** 比對錯誤 *** (Test #1083)
    預期: Sum=ff9e (        -98)
    得到: Sum=1fff98 (       -104)
[1459710000] PATTERN: *** 比對錯誤 *** (Test #1084)
    預期: Sum=0046 (         70)
    得到: Sum=000049 (         73)
[1459800000] PATTERN: *** 比對錯誤 *** (Test #1085)
    預期: Sum=feb4 (       -332)
    得到: Sum=1ffec5 (       -315)
[1459890000] PATTERN: *** 比對錯誤 *** (Test #1086)
    預期: Sum=ffbd (        -67)
    得到: Sum=1fffb4 (        -76)
[1459980000] PATTERN: *** 比對錯誤 *** (Test #1087)
    預期: Sum=ffee (        -18)
    得到: Sum=1fffe5 (        -27)
*Verdi* : Flush all FSDB Files at 1,460,000,000 ps.
[1460070000] PATTERN: *** 比對錯誤 *** (Test #1088)
    預期: Sum=0052 (         82)
    得到: Sum=00000a (         10)
[1460160000] PATTERN: *** 比對錯誤 *** (Test #1089)
    預期: Sum=ffee (        -18)
    得到: Sum=000002 (          2)
[1460250000] PATTERN: *** 比對錯誤 *** (Test #1090)
    預期: Sum=ffe9 (        -23)
    得到: Sum=1fffc2 (        -62)
[1460340000] PATTERN: *** 比對錯誤 *** (Test #1091)
    預期: Sum=ffcc (        -52)
    得到: Sum=1fffca (        -54)
[1460430000] PATTERN: *** 比對錯誤 *** (Test #1092)
    預期: Sum=0007 (          7)
    得到: Sum=1fffe4 (        -28)
[1460520000] PATTERN: *** 比對錯誤 *** (Test #1093)
    預期: Sum=ffe2 (        -30)
    得到: Sum=1ffff7 (         -9)
[1460610000] PATTERN: *** 比對錯誤 *** (Test #1094)
    預期: Sum=0000 (          0)
    得到: Sum=1fffe6 (        -26)
[1460700000] PATTERN: *** 比對錯誤 *** (Test #1095)
    預期: Sum=ffea (        -22)
    得到: Sum=1fffef (        -17)
[1460790000] PATTERN: *** 比對錯誤 *** (Test #1096)
    預期: Sum=ff44 (       -188)
    得到: Sum=1fff72 (       -142)
[1460880000] PATTERN: *** 比對錯誤 *** (Test #1097)
    預期: Sum=003b (         59)
    得到: Sum=00002d (         45)
[1460970000] PATTERN: *** 比對錯誤 *** (Test #1098)
    預期: Sum=0001 (          1)
    得到: Sum=000003 (          3)
*Verdi* : Flush all FSDB Files at 1,461,000,000 ps.
[1461060000] PATTERN: *** 比對錯誤 *** (Test #1099)
    預期: Sum=fefc (       -260)
    得到: Sum=1ffef3 (       -269)
[1461150000] PATTERN: *** 比對錯誤 *** (Test #1100)
    預期: Sum=0008 (          8)
    得到: Sum=000063 (         99)
[1461240000] PATTERN: *** 比對錯誤 *** (Test #1101)
    預期: Sum=0054 (         84)
    得到: Sum=000004 (          4)
[1461330000] PATTERN: *** 比對錯誤 *** (Test #1102)
    預期: Sum=005b (         91)
    得到: Sum=00000f (         15)
[1461420000] PATTERN: *** 比對錯誤 *** (Test #1103)
    預期: Sum=ffd5 (        -43)
    得到: Sum=1fffcc (        -52)
[1461510000] PATTERN: *** 比對錯誤 *** (Test #1104)
    預期: Sum=ffda (        -38)
    得到: Sum=1fffea (        -22)
[1461600000] PATTERN: *** 比對錯誤 *** (Test #1105)
    預期: Sum=ffd9 (        -39)
    得到: Sum=1fffc7 (        -57)
[1461690000] PATTERN: *** 比對錯誤 *** (Test #1106)
    預期: Sum=ff9c (       -100)
    得到: Sum=1fffa7 (        -89)
[1461780000] PATTERN: *** 比對錯誤 *** (Test #1107)
    預期: Sum=ffda (        -38)
    得到: Sum=1fffe6 (        -26)
[1461870000] PATTERN: *** 比對錯誤 *** (Test #1108)
    預期: Sum=ffef (        -17)
    得到: Sum=1ffffe (         -2)
[1461960000] PATTERN: *** 比對錯誤 *** (Test #1109)
    預期: Sum=0025 (         37)
    得到: Sum=00001c (         28)
*Verdi* : Flush all FSDB Files at 1,462,000,000 ps.
[1462050000] PATTERN: *** 比對錯誤 *** (Test #1110)
    預期: Sum=004b (         75)
    得到: Sum=000045 (         69)
[1462140000] PATTERN: *** 比對錯誤 *** (Test #1111)
    預期: Sum=ffaf (        -81)
    得到: Sum=1fffe6 (        -26)
[1462230000] PATTERN: *** 比對錯誤 *** (Test #1112)
    預期: Sum=0061 (         97)
    得到: Sum=000078 (        120)
[1462320000] PATTERN: *** 比對錯誤 *** (Test #1113)
    預期: Sum=ffed (        -19)
    得到: Sum=1fffe8 (        -24)
[1462410000] PATTERN: *** 比對錯誤 *** (Test #1114)
    預期: Sum=fef7 (       -265)
    得到: Sum=1ffeea (       -278)
[1462500000] PATTERN: *** 比對錯誤 *** (Test #1115)
    預期: Sum=ffed (        -19)
    得到: Sum=1fffd9 (        -39)
[1462590000] PATTERN: *** 比對錯誤 *** (Test #1116)
    預期: Sum=0007 (          7)
    得到: Sum=000008 (          8)
[1462680000] PATTERN: *** 比對錯誤 *** (Test #1117)
    預期: Sum=ff35 (       -203)
    得到: Sum=1fff51 (       -175)
[1462770000] PATTERN: *** 比對錯誤 *** (Test #1118)
    預期: Sum=002b (         43)
    得到: Sum=1fffde (        -34)
[1462860000] PATTERN: *** 比對錯誤 *** (Test #1119)
    預期: Sum=000c (         12)
    得到: Sum=000010 (         16)
[1462950000] PATTERN: *** 比對錯誤 *** (Test #1120)
    預期: Sum=fff5 (        -11)
    得到: Sum=00000e (         14)
*Verdi* : Flush all FSDB Files at 1,463,000,000 ps.
[1463040000] PATTERN: *** 比對錯誤 *** (Test #1121)
    預期: Sum=ff13 (       -237)
    得到: Sum=1fff0a (       -246)
[1463130000] PATTERN: *** 比對錯誤 *** (Test #1122)
    預期: Sum=fff3 (        -13)
    得到: Sum=1ffff6 (        -10)
[1463220000] PATTERN: *** 比對錯誤 *** (Test #1123)
    預期: Sum=00fe (        254)
    得到: Sum=0000cb (        203)
[1463310000] PATTERN: *** 比對錯誤 *** (Test #1124)
    預期: Sum=0092 (        146)
    得到: Sum=00005f (         95)
[1463400000] PATTERN: *** 比對錯誤 *** (Test #1125)
    預期: Sum=0007 (          7)
    得到: Sum=000000 (          0)
[1463490000] PATTERN: *** 比對錯誤 *** (Test #1126)
    預期: Sum=00c9 (        201)
    得到: Sum=000082 (        130)
[1463580000] PATTERN: *** 比對錯誤 *** (Test #1127)
    預期: Sum=fff7 (         -9)
    得到: Sum=1fffde (        -34)
[1463670000] PATTERN: *** 比對錯誤 *** (Test #1128)
    預期: Sum=005b (         91)
    得到: Sum=00004a (         74)
[1463760000] PATTERN: *** 比對錯誤 *** (Test #1129)
    預期: Sum=ffd6 (        -42)
    得到: Sum=1fffd7 (        -41)
[1463850000] PATTERN: *** 比對錯誤 *** (Test #1130)
    預期: Sum=000b (         11)
    得到: Sum=1fffb0 (        -80)
[1463940000] PATTERN: *** 比對錯誤 *** (Test #1131)
    預期: Sum=ff65 (       -155)
    得到: Sum=1fff81 (       -127)
*Verdi* : Flush all FSDB Files at 1,464,000,000 ps.
[1464030000] PATTERN: *** 比對錯誤 *** (Test #1132)
    預期: Sum=ffd1 (        -47)
    得到: Sum=1fffcf (        -49)
[1464120000] PATTERN: *** 比對錯誤 *** (Test #1133)
    預期: Sum=ff5c (       -164)
    得到: Sum=1fff6e (       -146)
[1464210000] PATTERN: *** 比對錯誤 *** (Test #1134)
    預期: Sum=ff38 (       -200)
    得到: Sum=1fff31 (       -207)
[1464300000] PATTERN: *** 比對錯誤 *** (Test #1135)
    預期: Sum=0089 (        137)
    得到: Sum=0000c9 (        201)
[1464390000] PATTERN: *** 比對錯誤 *** (Test #1136)
    預期: Sum=ffd4 (        -44)
    得到: Sum=000015 (         21)
[1464480000] PATTERN: *** 比對錯誤 *** (Test #1137)
    預期: Sum=ffe0 (        -32)
    得到: Sum=1fffb9 (        -71)
[1464570000] PATTERN: *** 比對錯誤 *** (Test #1138)
    預期: Sum=ff89 (       -119)
    得到: Sum=1fff53 (       -173)
[1464660000] PATTERN: *** 比對錯誤 *** (Test #1139)
    預期: Sum=ff36 (       -202)
    得到: Sum=1fff41 (       -191)
[1464750000] PATTERN: *** 比對錯誤 *** (Test #1140)
    預期: Sum=fee2 (       -286)
    得到: Sum=1fff25 (       -219)
[1464840000] PATTERN: *** 比對錯誤 *** (Test #1141)
    預期: Sum=ffe0 (        -32)
    得到: Sum=1fffdb (        -37)
[1464930000] PATTERN: *** 比對錯誤 *** (Test #1142)
    預期: Sum=fef9 (       -263)
    得到: Sum=1ffef3 (       -269)
*Verdi* : Flush all FSDB Files at 1,465,000,000 ps.
[1465020000] PATTERN: *** 比對錯誤 *** (Test #1143)
    預期: Sum=ffd9 (        -39)
    得到: Sum=1fffd6 (        -42)
[1465110000] PATTERN: *** 比對錯誤 *** (Test #1144)
    預期: Sum=006f (        111)
    得到: Sum=00009c (        156)
[1465200000] PATTERN: *** 比對錯誤 *** (Test #1145)
    預期: Sum=0002 (          2)
    得到: Sum=000006 (          6)
[1465290000] PATTERN: *** 比對錯誤 *** (Test #1146)
    預期: Sum=0006 (          6)
    得到: Sum=00000e (         14)
[1465380000] PATTERN: *** 比對錯誤 *** (Test #1147)
    預期: Sum=002d (         45)
    得到: Sum=000040 (         64)
[1465470000] PATTERN: *** 比對錯誤 *** (Test #1148)
    預期: Sum=0005 (          5)
    得到: Sum=1ffff3 (        -13)
[1465560000] PATTERN: *** 比對錯誤 *** (Test #1149)
    預期: Sum=ff4a (       -182)
    得到: Sum=1fff57 (       -169)
[1465650000] PATTERN: *** 比對錯誤 *** (Test #1150)
    預期: Sum=fff8 (         -8)
    得到: Sum=1fffd5 (        -43)
[1465740000] PATTERN: *** 比對錯誤 *** (Test #1151)
    預期: Sum=ff17 (       -233)
    得到: Sum=1fff19 (       -231)
[1465830000] PATTERN: *** 比對錯誤 *** (Test #1152)
    預期: Sum=ff4d (       -179)
    得到: Sum=1fffa1 (        -95)
[1465920000] PATTERN: *** 比對錯誤 *** (Test #1153)
    預期: Sum=ff3c (       -196)
    得到: Sum=1fff45 (       -187)
*Verdi* : Flush all FSDB Files at 1,466,000,000 ps.
[1466010000] PATTERN: *** 比對錯誤 *** (Test #1154)
    預期: Sum=ffff (         -1)
    得到: Sum=000004 (          4)
[1466100000] PATTERN: *** 比對錯誤 *** (Test #1155)
    預期: Sum=0006 (          6)
    得到: Sum=000002 (          2)
[1466190000] PATTERN: *** 比對錯誤 *** (Test #1156)
    預期: Sum=fffa (         -6)
    得到: Sum=1ffff7 (         -9)
[1466280000] PATTERN: *** 比對錯誤 *** (Test #1157)
    預期: Sum=0014 (         20)
    得到: Sum=000001 (          1)
[1466370000] PATTERN: *** 比對錯誤 *** (Test #1158)
    預期: Sum=ff0c (       -244)
    得到: Sum=1fff03 (       -253)
[1466460000] PATTERN: *** 比對錯誤 *** (Test #1159)
    預期: Sum=ffe0 (        -32)
    得到: Sum=1fffff (         -1)
[1466550000] PATTERN: *** 比對錯誤 *** (Test #1160)
    預期: Sum=fee9 (       -279)
    得到: Sum=1ffee0 (       -288)
[1466640000] PATTERN: *** 比對錯誤 *** (Test #1161)
    預期: Sum=0042 (         66)
    得到: Sum=00002f (         47)
[1466730000] PATTERN: *** 比對錯誤 *** (Test #1162)
    預期: Sum=ff9a (       -102)
    得到: Sum=1fffde (        -34)
[1466820000] PATTERN: *** 比對錯誤 *** (Test #1163)
    預期: Sum=ffac (        -84)
    得到: Sum=1fff9c (       -100)
[1466910000] PATTERN: *** 比對錯誤 *** (Test #1164)
    預期: Sum=fff8 (         -8)
    得到: Sum=1ffff5 (        -11)
*Verdi* : Flush all FSDB Files at 1,467,000,000 ps.
[1467000000] PATTERN: *** 比對錯誤 *** (Test #1165)
    預期: Sum=fff3 (        -13)
    得到: Sum=1ffff9 (         -7)
[1467090000] PATTERN: *** 比對錯誤 *** (Test #1166)
    預期: Sum=0016 (         22)
    得到: Sum=000008 (          8)
[1467180000] PATTERN: *** 比對錯誤 *** (Test #1167)
    預期: Sum=fff6 (        -10)
    得到: Sum=000002 (          2)
[1467270000] PATTERN: *** 比對錯誤 *** (Test #1168)
    預期: Sum=0028 (         40)
    得到: Sum=00004c (         76)
[1467360000] PATTERN: *** 比對錯誤 *** (Test #1169)
    預期: Sum=fdd7 (       -553)
    得到: Sum=1ffe23 (       -477)
[1467450000] PATTERN: *** 比對錯誤 *** (Test #1170)
    預期: Sum=ffd5 (        -43)
    得到: Sum=000016 (         22)
[1467540000] PATTERN: *** 比對錯誤 *** (Test #1171)
    預期: Sum=ffbd (        -67)
    得到: Sum=1fffed (        -19)
[1467630000] PATTERN: *** 比對錯誤 *** (Test #1172)
    預期: Sum=0011 (         17)
    得到: Sum=1ffffa (         -6)
[1467720000] PATTERN: *** 比對錯誤 *** (Test #1173)
    預期: Sum=0014 (         20)
    得到: Sum=00002f (         47)
[1467810000] PATTERN: *** 比對錯誤 *** (Test #1174)
    預期: Sum=ffbc (        -68)
    得到: Sum=1fffd4 (        -44)
[1467900000] PATTERN: *** 比對錯誤 *** (Test #1175)
    預期: Sum=000d (         13)
    得到: Sum=00000c (         12)
[1467990000] PATTERN: *** 比對錯誤 *** (Test #1176)
    預期: Sum=ff88 (       -120)
    得到: Sum=1fffa4 (        -92)
*Verdi* : Flush all FSDB Files at 1,468,000,000 ps.
[1468080000] PATTERN: *** 比對錯誤 *** (Test #1177)
    預期: Sum=ffc0 (        -64)
    得到: Sum=1fffe3 (        -29)
[1468170000] PATTERN: *** 比對錯誤 *** (Test #1178)
    預期: Sum=ffe4 (        -28)
    得到: Sum=1fffc4 (        -60)
[1468260000] PATTERN: *** 比對錯誤 *** (Test #1179)
    預期: Sum=0059 (         89)
    得到: Sum=000083 (        131)
[1468350000] PATTERN: *** 比對錯誤 *** (Test #1180)
    預期: Sum=feeb (       -277)
    得到: Sum=1fff24 (       -220)
[1468440000] PATTERN: *** 比對錯誤 *** (Test #1181)
    預期: Sum=fff4 (        -12)
    得到: Sum=1fffed (        -19)
[1468530000] PATTERN: *** 比對錯誤 *** (Test #1182)
    預期: Sum=ffd7 (        -41)
    得到: Sum=000002 (          2)
[1468620000] PATTERN: *** 比對錯誤 *** (Test #1183)
    預期: Sum=0033 (         51)
    得到: Sum=000031 (         49)
[1468710000] PATTERN: *** 比對錯誤 *** (Test #1184)
    預期: Sum=ff6d (       -147)
    得到: Sum=1fff7e (       -130)
[1468800000] PATTERN: *** 比對錯誤 *** (Test #1185)
    預期: Sum=fee9 (       -279)
    得到: Sum=1ffeed (       -275)
[1468890000] PATTERN: *** 比對錯誤 *** (Test #1186)
    預期: Sum=000f (         15)
    得到: Sum=00000d (         13)
[1468980000] PATTERN: *** 比對錯誤 *** (Test #1187)
    預期: Sum=fffb (         -5)
    得到: Sum=1fffcf (        -49)
*Verdi* : Flush all FSDB Files at 1,469,000,000 ps.
[1469070000] PATTERN: *** 比對錯誤 *** (Test #1188)
    預期: Sum=fef1 (       -271)
    得到: Sum=1ffef4 (       -268)
[1469160000] PATTERN: *** 比對錯誤 *** (Test #1189)
    預期: Sum=ff1b (       -229)
    得到: Sum=1fff1e (       -226)
[1469250000] PATTERN: *** 比對錯誤 *** (Test #1190)
    預期: Sum=ffc7 (        -57)
    得到: Sum=1fffe0 (        -32)
[1469430000] PATTERN: *** 比對錯誤 *** (Test #1192)
    預期: Sum=ff29 (       -215)
    得到: Sum=1fff15 (       -235)
[1469520000] PATTERN: *** 比對錯誤 *** (Test #1193)
    預期: Sum=ffea (        -22)
    得到: Sum=00001c (         28)
[1469610000] PATTERN: *** 比對錯誤 *** (Test #1194)
    預期: Sum=feec (       -276)
    得到: Sum=1fff0c (       -244)
[1469700000] PATTERN: *** 比對錯誤 *** (Test #1195)
    預期: Sum=ffcc (        -52)
    得到: Sum=1fffea (        -22)
[1469790000] PATTERN: *** 比對錯誤 *** (Test #1196)
    預期: Sum=fff6 (        -10)
    得到: Sum=1fffeb (        -21)
[1469880000] PATTERN: *** 比對錯誤 *** (Test #1197)
    預期: Sum=ffac (        -84)
    得到: Sum=1fffc3 (        -61)
[1469970000] PATTERN: *** 比對錯誤 *** (Test #1198)
    預期: Sum=0013 (         19)
    得到: Sum=000003 (          3)
*Verdi* : Flush all FSDB Files at 1,470,000,000 ps.
[1470060000] PATTERN: *** 比對錯誤 *** (Test #1199)
    預期: Sum=ffd0 (        -48)
    得到: Sum=000015 (         21)
[1470150000] PATTERN: *** 比對錯誤 *** (Test #1200)
    預期: Sum=fec7 (       -313)
    得到: Sum=1ffec0 (       -320)
[1470240000] PATTERN: *** 比對錯誤 *** (Test #1201)
    預期: Sum=fec7 (       -313)
    得到: Sum=1ffef4 (       -268)
[1470330000] PATTERN: *** 比對錯誤 *** (Test #1202)
    預期: Sum=ffe3 (        -29)
    得到: Sum=1ffff2 (        -14)
[1470420000] PATTERN: *** 比對錯誤 *** (Test #1203)
    預期: Sum=fef0 (       -272)
    得到: Sum=1fff22 (       -222)
[1470510000] PATTERN: *** 比對錯誤 *** (Test #1204)
    預期: Sum=0012 (         18)
    得到: Sum=000014 (         20)
[1470690000] PATTERN: *** 比對錯誤 *** (Test #1206)
    預期: Sum=ffec (        -20)
    得到: Sum=000006 (          6)
[1470780000] PATTERN: *** 比對錯誤 *** (Test #1207)
    預期: Sum=000c (         12)
    得到: Sum=00000b (         11)
[1470870000] PATTERN: *** 比對錯誤 *** (Test #1208)
    預期: Sum=ff0f (       -241)
    得到: Sum=1fff35 (       -203)
[1470960000] PATTERN: *** 比對錯誤 *** (Test #1209)
    預期: Sum=ff32 (       -206)
    得到: Sum=1fff31 (       -207)
*Verdi* : Flush all FSDB Files at 1,471,000,000 ps.
[1471050000] PATTERN: *** 比對錯誤 *** (Test #1210)
    預期: Sum=0059 (         89)
    得到: Sum=00004f (         79)
[1471230000] PATTERN: *** 比對錯誤 *** (Test #1212)
    預期: Sum=ff6b (       -149)
    得到: Sum=1fff8d (       -115)
[1471320000] PATTERN: *** 比對錯誤 *** (Test #1213)
    預期: Sum=feee (       -274)
    得到: Sum=1ffee8 (       -280)
[1471410000] PATTERN: *** 比對錯誤 *** (Test #1214)
    預期: Sum=fff1 (        -15)
    得到: Sum=000005 (          5)
[1471500000] PATTERN: *** 比對錯誤 *** (Test #1215)
    預期: Sum=0071 (        113)
    得到: Sum=00005e (         94)
[1471590000] PATTERN: *** 比對錯誤 *** (Test #1216)
    預期: Sum=009b (        155)
    得到: Sum=00008e (        142)
[1471680000] PATTERN: *** 比對錯誤 *** (Test #1217)
    預期: Sum=ffe0 (        -32)
    得到: Sum=1fffdd (        -35)
[1471950000] PATTERN: *** 比對錯誤 *** (Test #1220)
    預期: Sum=ffed (        -19)
    得到: Sum=1fffd8 (        -40)
*Verdi* : Flush all FSDB Files at 1,472,000,000 ps.
[1472040000] PATTERN: *** 比對錯誤 *** (Test #1221)
    預期: Sum=ffed (        -19)
    得到: Sum=1ffff2 (        -14)
[1472130000] PATTERN: *** 比對錯誤 *** (Test #1222)
    預期: Sum=febb (       -325)
    得到: Sum=1ffede (       -290)
[1472220000] PATTERN: *** 比對錯誤 *** (Test #1223)
    預期: Sum=0059 (         89)
    得到: Sum=00003e (         62)
[1472310000] PATTERN: *** 比對錯誤 *** (Test #1224)
    預期: Sum=0035 (         53)
    得到: Sum=000044 (         68)
[1472400000] PATTERN: *** 比對錯誤 *** (Test #1225)
    預期: Sum=ffda (        -38)
    得到: Sum=1fffdb (        -37)
[1472490000] PATTERN: *** 比對錯誤 *** (Test #1226)
    預期: Sum=0035 (         53)
    得到: Sum=00001f (         31)
[1472580000] PATTERN: *** 比對錯誤 *** (Test #1227)
    預期: Sum=ffcc (        -52)
    得到: Sum=1fffc3 (        -61)
[1472670000] PATTERN: *** 比對錯誤 *** (Test #1228)
    預期: Sum=ffb5 (        -75)
    得到: Sum=1fffbd (        -67)
[1472760000] PATTERN: *** 比對錯誤 *** (Test #1229)
    預期: Sum=0008 (          8)
    得到: Sum=000001 (          1)
[1472850000] PATTERN: *** 比對錯誤 *** (Test #1230)
    預期: Sum=ffd5 (        -43)
    得到: Sum=1fffb9 (        -71)
[1472940000] PATTERN: *** 比對錯誤 *** (Test #1231)
    預期: Sum=0055 (         85)
    得到: Sum=00007f (        127)
*Verdi* : Flush all FSDB Files at 1,473,000,000 ps.
[1473030000] PATTERN: *** 比對錯誤 *** (Test #1232)
    預期: Sum=0004 (          4)
    得到: Sum=000007 (          7)
[1473120000] PATTERN: *** 比對錯誤 *** (Test #1233)
    預期: Sum=0011 (         17)
    得到: Sum=00006a (        106)
[1473210000] PATTERN: *** 比對錯誤 *** (Test #1234)
    預期: Sum=ffd9 (        -39)
    得到: Sum=1ffff6 (        -10)
[1473300000] PATTERN: *** 比對錯誤 *** (Test #1235)
    預期: Sum=0082 (        130)
    得到: Sum=00006f (        111)
[1473390000] PATTERN: *** 比對錯誤 *** (Test #1236)
    預期: Sum=ff8d (       -115)
    得到: Sum=1fff64 (       -156)
[1473480000] PATTERN: *** 比對錯誤 *** (Test #1237)
    預期: Sum=fffc (         -4)
    得到: Sum=00000e (         14)
[1473570000] PATTERN: *** 比對錯誤 *** (Test #1238)
    預期: Sum=ffce (        -50)
    得到: Sum=1fffa7 (        -89)
[1473660000] PATTERN: *** 比對錯誤 *** (Test #1239)
    預期: Sum=0053 (         83)
    得到: Sum=000066 (        102)
[1473750000] PATTERN: *** 比對錯誤 *** (Test #1240)
    預期: Sum=fef9 (       -263)
    得到: Sum=1ffef4 (       -268)
[1473840000] PATTERN: *** 比對錯誤 *** (Test #1241)
    預期: Sum=ffd3 (        -45)
    得到: Sum=000002 (          2)
[1473930000] PATTERN: *** 比對錯誤 *** (Test #1242)
    預期: Sum=feea (       -278)
    得到: Sum=1fff10 (       -240)
*Verdi* : Flush all FSDB Files at 1,474,000,000 ps.
[1474020000] PATTERN: *** 比對錯誤 *** (Test #1243)
    預期: Sum=ff01 (       -255)
    得到: Sum=1fff1a (       -230)
[1474110000] PATTERN: *** 比對錯誤 *** (Test #1244)
    預期: Sum=ff37 (       -201)
    得到: Sum=1ffefd (       -259)
[1474200000] PATTERN: *** 比對錯誤 *** (Test #1245)
    預期: Sum=ffa4 (        -92)
    得到: Sum=1fffc8 (        -56)
[1474290000] PATTERN: *** 比對錯誤 *** (Test #1246)
    預期: Sum=ff7c (       -132)
    得到: Sum=1fff99 (       -103)
[1474380000] PATTERN: *** 比對錯誤 *** (Test #1247)
    預期: Sum=0001 (          1)
    得到: Sum=1ffff0 (        -16)
[1474470000] PATTERN: *** 比對錯誤 *** (Test #1248)
    預期: Sum=fffa (         -6)
    得到: Sum=1ffff0 (        -16)
[1474560000] PATTERN: *** 比對錯誤 *** (Test #1249)
    預期: Sum=0035 (         53)
    得到: Sum=000011 (         17)
[1474650000] PATTERN: *** 比對錯誤 *** (Test #1250)
    預期: Sum=fef4 (       -268)
    得到: Sum=1fff33 (       -205)
[1474740000] PATTERN: *** 比對錯誤 *** (Test #1251)
    預期: Sum=ffef (        -17)
    得到: Sum=1fffeb (        -21)
[1474830000] PATTERN: *** 比對錯誤 *** (Test #1252)
    預期: Sum=ff20 (       -224)
    得到: Sum=1fff13 (       -237)
[1474920000] PATTERN: *** 比對錯誤 *** (Test #1253)
    預期: Sum=fedc (       -292)
    得到: Sum=1ffeeb (       -277)
*Verdi* : Flush all FSDB Files at 1,475,000,000 ps.
[1475010000] PATTERN: *** 比對錯誤 *** (Test #1254)
    預期: Sum=009a (        154)
    得到: Sum=000106 (        262)
[1475100000] PATTERN: *** 比對錯誤 *** (Test #1255)
    預期: Sum=fef2 (       -270)
    得到: Sum=1ffefa (       -262)
[1475190000] PATTERN: *** 比對錯誤 *** (Test #1256)
    預期: Sum=ff8a (       -118)
    得到: Sum=1fffef (        -17)
[1475280000] PATTERN: *** 比對錯誤 *** (Test #1257)
    預期: Sum=fff0 (        -16)
    得到: Sum=1ffff2 (        -14)
[1475370000] PATTERN: *** 比對錯誤 *** (Test #1258)
    預期: Sum=fee8 (       -280)
    得到: Sum=1ffeaf (       -337)
[1475460000] PATTERN: *** 比對錯誤 *** (Test #1259)
    預期: Sum=fffb (         -5)
    得到: Sum=1ffff3 (        -13)
[1475550000] PATTERN: *** 比對錯誤 *** (Test #1260)
    預期: Sum=ffee (        -18)
    得到: Sum=1ffff3 (        -13)
[1475640000] PATTERN: *** 比對錯誤 *** (Test #1261)
    預期: Sum=0005 (          5)
    得到: Sum=000014 (         20)
[1475730000] PATTERN: *** 比對錯誤 *** (Test #1262)
    預期: Sum=ff0a (       -246)
    得到: Sum=1fff98 (       -104)
[1475820000] PATTERN: *** 比對錯誤 *** (Test #1263)
    預期: Sum=feec (       -276)
    得到: Sum=1fff1f (       -225)
[1475910000] PATTERN: *** 比對錯誤 *** (Test #1264)
    預期: Sum=fead (       -339)
    得到: Sum=1ffedf (       -289)
*Verdi* : Flush all FSDB Files at 1,476,000,000 ps.
[1476000000] PATTERN: *** 比對錯誤 *** (Test #1265)
    預期: Sum=ffd6 (        -42)
    得到: Sum=1fffdd (        -35)
[1476090000] PATTERN: *** 比對錯誤 *** (Test #1266)
    預期: Sum=ffd5 (        -43)
    得到: Sum=1fffbd (        -67)
[1476180000] PATTERN: *** 比對錯誤 *** (Test #1267)
    預期: Sum=ff25 (       -219)
    得到: Sum=1fff2f (       -209)
[1476270000] PATTERN: *** 比對錯誤 *** (Test #1268)
    預期: Sum=ffe3 (        -29)
    得到: Sum=1fffda (        -38)
[1476360000] PATTERN: *** 比對錯誤 *** (Test #1269)
    預期: Sum=001c (         28)
    得到: Sum=000031 (         49)
[1476450000] PATTERN: *** 比對錯誤 *** (Test #1270)
    預期: Sum=ff0f (       -241)
    得到: Sum=1ffef8 (       -264)
[1476540000] PATTERN: *** 比對錯誤 *** (Test #1271)
    預期: Sum=ffea (        -22)
    得到: Sum=1fffed (        -19)
[1476630000] PATTERN: *** 比對錯誤 *** (Test #1272)
    預期: Sum=ffe1 (        -31)
    得到: Sum=000006 (          6)
[1476720000] PATTERN: *** 比對錯誤 *** (Test #1273)
    預期: Sum=0035 (         53)
    得到: Sum=000014 (         20)
[1476810000] PATTERN: *** 比對錯誤 *** (Test #1274)
    預期: Sum=fff4 (        -12)
    得到: Sum=1fffe1 (        -31)
[1476900000] PATTERN: *** 比對錯誤 *** (Test #1275)
    預期: Sum=ffec (        -20)
    得到: Sum=1fffde (        -34)
[1476990000] PATTERN: *** 比對錯誤 *** (Test #1276)
    預期: Sum=ffbf (        -65)
    得到: Sum=1fffb8 (        -72)
*Verdi* : Flush all FSDB Files at 1,477,000,000 ps.
[1477080000] PATTERN: *** 比對錯誤 *** (Test #1277)
    預期: Sum=0020 (         32)
    得到: Sum=000097 (        151)
[1477170000] PATTERN: *** 比對錯誤 *** (Test #1278)
    預期: Sum=fefe (       -258)
    得到: Sum=1ffef8 (       -264)
[1477260000] PATTERN: *** 比對錯誤 *** (Test #1279)
    預期: Sum=0016 (         22)
    得到: Sum=1fffeb (        -21)
[1477350000] PATTERN: *** 比對錯誤 *** (Test #1280)
    預期: Sum=ff5b (       -165)
    得到: Sum=1fff2d (       -211)
[1477440000] PATTERN: *** 比對錯誤 *** (Test #1281)
    預期: Sum=ffe4 (        -28)
    得到: Sum=000001 (          1)
[1477530000] PATTERN: *** 比對錯誤 *** (Test #1282)
    預期: Sum=fff3 (        -13)
    得到: Sum=1fffea (        -22)
[1477620000] PATTERN: *** 比對錯誤 *** (Test #1283)
    預期: Sum=0004 (          4)
    得到: Sum=1fffe9 (        -23)
[1477710000] PATTERN: *** 比對錯誤 *** (Test #1284)
    預期: Sum=fff7 (         -9)
    得到: Sum=1ffffb (         -5)
[1477800000] PATTERN: *** 比對錯誤 *** (Test #1285)
    預期: Sum=000f (         15)
    得到: Sum=00001b (         27)
[1477890000] PATTERN: *** 比對錯誤 *** (Test #1286)
    預期: Sum=ffc2 (        -62)
    得到: Sum=1fffaf (        -81)
[1477980000] PATTERN: *** 比對錯誤 *** (Test #1287)
    預期: Sum=ff10 (       -240)
    得到: Sum=1ffef8 (       -264)
*Verdi* : Flush all FSDB Files at 1,478,000,000 ps.
[1478070000] PATTERN: *** 比對錯誤 *** (Test #1288)
    預期: Sum=008f (        143)
    得到: Sum=00007e (        126)
[1478160000] PATTERN: *** 比對錯誤 *** (Test #1289)
    預期: Sum=ffd3 (        -45)
    得到: Sum=00003e (         62)
[1478250000] PATTERN: *** 比對錯誤 *** (Test #1290)
    預期: Sum=ffa2 (        -94)
    得到: Sum=1fffb2 (        -78)
[1478340000] PATTERN: *** 比對錯誤 *** (Test #1291)
    預期: Sum=0009 (          9)
    得到: Sum=00000a (         10)
[1478430000] PATTERN: *** 比對錯誤 *** (Test #1292)
    預期: Sum=007b (        123)
    得到: Sum=000063 (         99)
[1478520000] PATTERN: *** 比對錯誤 *** (Test #1293)
    預期: Sum=ff98 (       -104)
    得到: Sum=1fff9d (        -99)
[1478610000] PATTERN: *** 比對錯誤 *** (Test #1294)
    預期: Sum=ff0a (       -246)
    得到: Sum=1ffee8 (       -280)
[1478700000] PATTERN: *** 比對錯誤 *** (Test #1295)
    預期: Sum=0022 (         34)
    得到: Sum=1ffffe (         -2)
[1478790000] PATTERN: *** 比對錯誤 *** (Test #1296)
    預期: Sum=ffb7 (        -73)
    得到: Sum=1fffeb (        -21)
[1478880000] PATTERN: *** 比對錯誤 *** (Test #1297)
    預期: Sum=0017 (         23)
    得到: Sum=000008 (          8)
[1478970000] PATTERN: *** 比對錯誤 *** (Test #1298)
    預期: Sum=ffd4 (        -44)
    得到: Sum=1fffe0 (        -32)
*Verdi* : Flush all FSDB Files at 1,479,000,000 ps.
[1479060000] PATTERN: *** 比對錯誤 *** (Test #1299)
    預期: Sum=0003 (          3)
    得到: Sum=000008 (          8)
[1479150000] PATTERN: *** 比對錯誤 *** (Test #1300)
    預期: Sum=0006 (          6)
    得到: Sum=1fffef (        -17)
[1479240000] PATTERN: *** 比對錯誤 *** (Test #1301)
    預期: Sum=fff2 (        -14)
    得到: Sum=1ffff5 (        -11)
[1479330000] PATTERN: *** 比對錯誤 *** (Test #1302)
    預期: Sum=ff9a (       -102)
    得到: Sum=1fffa7 (        -89)
[1479420000] PATTERN: *** 比對錯誤 *** (Test #1303)
    預期: Sum=ff28 (       -216)
    得到: Sum=1fff15 (       -235)
[1479510000] PATTERN: *** 比對錯誤 *** (Test #1304)
    預期: Sum=0006 (          6)
    得到: Sum=00004a (         74)
[1479600000] PATTERN: *** 比對錯誤 *** (Test #1305)
    預期: Sum=000f (         15)
    得到: Sum=00000e (         14)
[1479690000] PATTERN: *** 比對錯誤 *** (Test #1306)
    預期: Sum=0016 (         22)
    得到: Sum=00000a (         10)
[1479780000] PATTERN: *** 比對錯誤 *** (Test #1307)
    預期: Sum=fff1 (        -15)
    得到: Sum=1fffc3 (        -61)
[1479870000] PATTERN: *** 比對錯誤 *** (Test #1308)
    預期: Sum=fecd (       -307)
    得到: Sum=1ffea6 (       -346)
[1479960000] PATTERN: *** 比對錯誤 *** (Test #1309)
    預期: Sum=fff7 (         -9)
    得到: Sum=000000 (          0)
*Verdi* : Flush all FSDB Files at 1,480,000,000 ps.
[1480050000] PATTERN: *** 比對錯誤 *** (Test #1310)
    預期: Sum=0006 (          6)
    得到: Sum=1ffff8 (         -8)
[1480140000] PATTERN: *** 比對錯誤 *** (Test #1311)
    預期: Sum=003e (         62)
    得到: Sum=00001b (         27)
[1480230000] PATTERN: *** 比對錯誤 *** (Test #1312)
    預期: Sum=0044 (         68)
    得到: Sum=00003a (         58)
[1480320000] PATTERN: *** 比對錯誤 *** (Test #1313)
    預期: Sum=0008 (          8)
    得到: Sum=000004 (          4)
[1480410000] PATTERN: *** 比對錯誤 *** (Test #1314)
    預期: Sum=0033 (         51)
    得到: Sum=000036 (         54)
[1480500000] PATTERN: *** 比對錯誤 *** (Test #1315)
    預期: Sum=fedc (       -292)
    得到: Sum=1ffef0 (       -272)
[1480590000] PATTERN: *** 比對錯誤 *** (Test #1316)
    預期: Sum=0004 (          4)
    得到: Sum=000010 (         16)
[1480680000] PATTERN: *** 比對錯誤 *** (Test #1317)
    預期: Sum=ffaa (        -86)
    得到: Sum=1fffc8 (        -56)
[1480770000] PATTERN: *** 比對錯誤 *** (Test #1318)
    預期: Sum=0005 (          5)
    得到: Sum=00001b (         27)
[1480860000] PATTERN: *** 比對錯誤 *** (Test #1319)
    預期: Sum=fff7 (         -9)
    得到: Sum=000004 (          4)
[1480950000] PATTERN: *** 比對錯誤 *** (Test #1320)
    預期: Sum=ffa2 (        -94)
    得到: Sum=1fffcb (        -53)
*Verdi* : Flush all FSDB Files at 1,481,000,000 ps.
[1481040000] PATTERN: *** 比對錯誤 *** (Test #1321)
    預期: Sum=ffc4 (        -60)
    得到: Sum=1fffca (        -54)
[1481130000] PATTERN: *** 比對錯誤 *** (Test #1322)
    預期: Sum=ff35 (       -203)
    得到: Sum=1fff12 (       -238)
[1481220000] PATTERN: *** 比對錯誤 *** (Test #1323)
    預期: Sum=ffd4 (        -44)
    得到: Sum=1fffd2 (        -46)
[1481310000] PATTERN: *** 比對錯誤 *** (Test #1324)
    預期: Sum=ffdb (        -37)
    得到: Sum=1fffcd (        -51)
[1481400000] PATTERN: *** 比對錯誤 *** (Test #1325)
    預期: Sum=febc (       -324)
    得到: Sum=1ffefc (       -260)
[1481490000] PATTERN: *** 比對錯誤 *** (Test #1326)
    預期: Sum=ffac (        -84)
    得到: Sum=1fffe9 (        -23)
[1481580000] PATTERN: *** 比對錯誤 *** (Test #1327)
    預期: Sum=ff55 (       -171)
    得到: Sum=1fff86 (       -122)
[1481670000] PATTERN: *** 比對錯誤 *** (Test #1328)
    預期: Sum=0003 (          3)
    得到: Sum=1ffffb (         -5)
[1481760000] PATTERN: *** 比對錯誤 *** (Test #1329)
    預期: Sum=0000 (          0)
    得到: Sum=00000d (         13)
[1481850000] PATTERN: *** 比對錯誤 *** (Test #1330)
    預期: Sum=fff8 (         -8)
    得到: Sum=1ffff6 (        -10)
[1481940000] PATTERN: *** 比對錯誤 *** (Test #1331)
    預期: Sum=ffa3 (        -93)
    得到: Sum=1fffb0 (        -80)
*Verdi* : Flush all FSDB Files at 1,482,000,000 ps.
[1482030000] PATTERN: *** 比對錯誤 *** (Test #1332)
    預期: Sum=0054 (         84)
    得到: Sum=000066 (        102)
[1482120000] PATTERN: *** 比對錯誤 *** (Test #1333)
    預期: Sum=ff04 (       -252)
    得到: Sum=1ffefb (       -261)
[1482210000] PATTERN: *** 比對錯誤 *** (Test #1334)
    預期: Sum=005b (         91)
    得到: Sum=000010 (         16)
[1482300000] PATTERN: *** 比對錯誤 *** (Test #1335)
    預期: Sum=0038 (         56)
    得到: Sum=000012 (         18)
[1482390000] PATTERN: *** 比對錯誤 *** (Test #1336)
    預期: Sum=fff5 (        -11)
    得到: Sum=000001 (          1)
[1482480000] PATTERN: *** 比對錯誤 *** (Test #1337)
    預期: Sum=0001 (          1)
    得到: Sum=000008 (          8)
[1482570000] PATTERN: *** 比對錯誤 *** (Test #1338)
    預期: Sum=fff2 (        -14)
    得到: Sum=1ffffb (         -5)
[1482660000] PATTERN: *** 比對錯誤 *** (Test #1339)
    預期: Sum=0023 (         35)
    得到: Sum=1fff98 (       -104)
[1482750000] PATTERN: *** 比對錯誤 *** (Test #1340)
    預期: Sum=0067 (        103)
    得到: Sum=000044 (         68)
[1482840000] PATTERN: *** 比對錯誤 *** (Test #1341)
    預期: Sum=fecc (       -308)
    得到: Sum=1ffec5 (       -315)
[1482930000] PATTERN: *** 比對錯誤 *** (Test #1342)
    預期: Sum=ffdc (        -36)
    得到: Sum=1fffbb (        -69)
*Verdi* : Flush all FSDB Files at 1,483,000,000 ps.
[1483020000] PATTERN: *** 比對錯誤 *** (Test #1343)
    預期: Sum=ffdb (        -37)
    得到: Sum=1fffe4 (        -28)
[1483110000] PATTERN: *** 比對錯誤 *** (Test #1344)
    預期: Sum=0099 (        153)
    得到: Sum=000009 (          9)
[1483200000] PATTERN: *** 比對錯誤 *** (Test #1345)
    預期: Sum=fffc (         -4)
    得到: Sum=000003 (          3)
[1483290000] PATTERN: *** 比對錯誤 *** (Test #1346)
    預期: Sum=ffef (        -17)
    得到: Sum=1fffc2 (        -62)
[1483380000] PATTERN: *** 比對錯誤 *** (Test #1347)
    預期: Sum=fffd (         -3)
    得到: Sum=1fffca (        -54)
[1483470000] PATTERN: *** 比對錯誤 *** (Test #1348)
    預期: Sum=fff2 (        -14)
    得到: Sum=1fffe3 (        -29)
[1483560000] PATTERN: *** 比對錯誤 *** (Test #1349)
    預期: Sum=ffea (        -22)
    得到: Sum=1ffff7 (         -9)
[1483650000] PATTERN: *** 比對錯誤 *** (Test #1350)
    預期: Sum=ffee (        -18)
    得到: Sum=1fffe0 (        -32)
[1483740000] PATTERN: *** 比對錯誤 *** (Test #1351)
    預期: Sum=ffe3 (        -29)
    得到: Sum=1fffef (        -17)
[1483830000] PATTERN: *** 比對錯誤 *** (Test #1352)
    預期: Sum=ff44 (       -188)
    得到: Sum=1fff73 (       -141)
[1483920000] PATTERN: *** 比對錯誤 *** (Test #1353)
    預期: Sum=0036 (         54)
    得到: Sum=00002f (         47)
*Verdi* : Flush all FSDB Files at 1,484,000,000 ps.
[1484010000] PATTERN: *** 比對錯誤 *** (Test #1354)
    預期: Sum=0007 (          7)
    得到: Sum=000005 (          5)
[1484100000] PATTERN: *** 比對錯誤 *** (Test #1355)
    預期: Sum=fef7 (       -265)
    得到: Sum=1ffef0 (       -272)
[1484190000] PATTERN: *** 比對錯誤 *** (Test #1356)
    預期: Sum=006d (        109)
    得到: Sum=000062 (         98)
[1484280000] PATTERN: *** 比對錯誤 *** (Test #1357)
    預期: Sum=007c (        124)
    得到: Sum=000004 (          4)
[1484370000] PATTERN: *** 比對錯誤 *** (Test #1358)
    預期: Sum=0070 (        112)
    得到: Sum=00000d (         13)
[1484460000] PATTERN: *** 比對錯誤 *** (Test #1359)
    預期: Sum=ffbd (        -67)
    得到: Sum=1fffca (        -54)
[1484550000] PATTERN: *** 比對錯誤 *** (Test #1360)
    預期: Sum=ffcf (        -49)
    得到: Sum=1fffea (        -22)
[1484640000] PATTERN: *** 比對錯誤 *** (Test #1361)
    預期: Sum=ffde (        -34)
    得到: Sum=1fffc7 (        -57)
[1484730000] PATTERN: *** 比對錯誤 *** (Test #1362)
    預期: Sum=ff95 (       -107)
    得到: Sum=1fffa7 (        -89)
[1484820000] PATTERN: *** 比對錯誤 *** (Test #1363)
    預期: Sum=ffb8 (        -72)
    得到: Sum=1fffe6 (        -26)
[1484910000] PATTERN: *** 比對錯誤 *** (Test #1364)
    預期: Sum=ffe4 (        -28)
    得到: Sum=1ffffe (         -2)
*Verdi* : Flush all FSDB Files at 1,485,000,000 ps.
[1485000000] PATTERN: *** 比對錯誤 *** (Test #1365)
    預期: Sum=0037 (         55)
    得到: Sum=00001c (         28)
[1485090000] PATTERN: *** 比對錯誤 *** (Test #1366)
    預期: Sum=004e (         78)
    得到: Sum=000046 (         70)
[1485180000] PATTERN: *** 比對錯誤 *** (Test #1367)
    預期: Sum=ffba (        -70)
    得到: Sum=1ffff0 (        -16)
[1485270000] PATTERN: *** 比對錯誤 *** (Test #1368)
    預期: Sum=006d (        109)
    得到: Sum=000078 (        120)
[1485360000] PATTERN: *** 比對錯誤 *** (Test #1369)
    預期: Sum=fffe (         -2)
    得到: Sum=1fffec (        -20)
[1485450000] PATTERN: *** 比對錯誤 *** (Test #1370)
    預期: Sum=fef5 (       -267)
    得到: Sum=1ffeed (       -275)
[1485540000] PATTERN: *** 比對錯誤 *** (Test #1371)
    預期: Sum=fffc (         -4)
    得到: Sum=1fffd8 (        -40)
[1485630000] PATTERN: *** 比對錯誤 *** (Test #1372)
    預期: Sum=fff2 (        -14)
    得到: Sum=000008 (          8)
[1485720000] PATTERN: *** 比對錯誤 *** (Test #1373)
    預期: Sum=ff26 (       -218)
    得到: Sum=1fff51 (       -175)
[1485810000] PATTERN: *** 比對錯誤 *** (Test #1374)
    預期: Sum=0007 (          7)
    得到: Sum=1fffdc (        -36)
[1485900000] PATTERN: *** 比對錯誤 *** (Test #1375)
    預期: Sum=0059 (         89)
    得到: Sum=00000f (         15)
[1485990000] PATTERN: *** 比對錯誤 *** (Test #1376)
    預期: Sum=0003 (          3)
    得到: Sum=00000e (         14)
*Verdi* : Flush all FSDB Files at 1,486,000,000 ps.
[1486080000] PATTERN: *** 比對錯誤 *** (Test #1377)
    預期: Sum=ff1b (       -229)
    得到: Sum=1fff09 (       -247)
[1486170000] PATTERN: *** 比對錯誤 *** (Test #1378)
    預期: Sum=fff5 (        -11)
    得到: Sum=1ffff7 (         -9)
[1486260000] PATTERN: *** 比對錯誤 *** (Test #1379)
    預期: Sum=010d (        269)
    得到: Sum=0000c5 (        197)
[1486350000] PATTERN: *** 比對錯誤 *** (Test #1380)
    預期: Sum=006e (        110)
    得到: Sum=00005f (         95)
[1486440000] PATTERN: *** 比對錯誤 *** (Test #1381)
    預期: Sum=000b (         11)
    得到: Sum=000002 (          2)
[1486530000] PATTERN: *** 比對錯誤 *** (Test #1382)
    預期: Sum=00c1 (        193)
    得到: Sum=000080 (        128)
[1486620000] PATTERN: *** 比對錯誤 *** (Test #1383)
    預期: Sum=ffec (        -20)
    得到: Sum=1fffe1 (        -31)
[1486710000] PATTERN: *** 比對錯誤 *** (Test #1384)
    預期: Sum=005a (         90)
    得到: Sum=00004c (         76)
[1486800000] PATTERN: *** 比對錯誤 *** (Test #1385)
    預期: Sum=ffcb (        -53)
    得到: Sum=1fffcc (        -52)
[1486890000] PATTERN: *** 比對錯誤 *** (Test #1386)
    預期: Sum=ffa8 (        -88)
    得到: Sum=1fffb0 (        -80)
[1486980000] PATTERN: *** 比對錯誤 *** (Test #1387)
    預期: Sum=ff5d (       -163)
    得到: Sum=1fff80 (       -128)
*Verdi* : Flush all FSDB Files at 1,487,000,000 ps.
[1487070000] PATTERN: *** 比對錯誤 *** (Test #1388)
    預期: Sum=ffa8 (        -88)
    得到: Sum=1fffd2 (        -46)
[1487160000] PATTERN: *** 比對錯誤 *** (Test #1389)
    預期: Sum=ff58 (       -168)
    得到: Sum=1fff6e (       -146)
[1487250000] PATTERN: *** 比對錯誤 *** (Test #1390)
    預期: Sum=ff11 (       -239)
    得到: Sum=1fff31 (       -207)
[1487340000] PATTERN: *** 比對錯誤 *** (Test #1391)
    預期: Sum=00cc (        204)
    得到: Sum=0000c0 (        192)
[1487430000] PATTERN: *** 比對錯誤 *** (Test #1392)
    預期: Sum=ffea (        -22)
    得到: Sum=000015 (         21)
[1487520000] PATTERN: *** 比對錯誤 *** (Test #1393)
    預期: Sum=ffdc (        -36)
    得到: Sum=1fffc3 (        -61)
[1487610000] PATTERN: *** 比對錯誤 *** (Test #1394)
    預期: Sum=ff82 (       -126)
    得到: Sum=1fff53 (       -173)
[1487700000] PATTERN: *** 比對錯誤 *** (Test #1395)
    預期: Sum=ff1d (       -227)
    得到: Sum=1fff42 (       -190)
[1487790000] PATTERN: *** 比對錯誤 *** (Test #1396)
    預期: Sum=febe (       -322)
    得到: Sum=1fff2b (       -213)
[1487880000] PATTERN: *** 比對錯誤 *** (Test #1397)
    預期: Sum=fff9 (         -7)
    得到: Sum=1fffd9 (        -39)
[1487970000] PATTERN: *** 比對錯誤 *** (Test #1398)
    預期: Sum=feeb (       -277)
    得到: Sum=1ffef6 (       -266)
*Verdi* : Flush all FSDB Files at 1,488,000,000 ps.
[1488060000] PATTERN: *** 比對錯誤 *** (Test #1399)
    預期: Sum=fff9 (         -7)
    得到: Sum=1fffd6 (        -42)
[1488150000] PATTERN: *** 比對錯誤 *** (Test #1400)
    預期: Sum=00aa (        170)
    得到: Sum=00009c (        156)
[1488240000] PATTERN: *** 比對錯誤 *** (Test #1401)
    預期: Sum=ffef (        -17)
    得到: Sum=000006 (          6)
[1488330000] PATTERN: *** 比對錯誤 *** (Test #1402)
    預期: Sum=0006 (          6)
    得到: Sum=00000f (         15)
[1488420000] PATTERN: *** 比對錯誤 *** (Test #1403)
    預期: Sum=0029 (         41)
    得到: Sum=000040 (         64)
[1488510000] PATTERN: *** 比對錯誤 *** (Test #1404)
    預期: Sum=ffe4 (        -28)
    得到: Sum=1fffeb (        -21)
[1488600000] PATTERN: *** 比對錯誤 *** (Test #1405)
    預期: Sum=ff3a (       -198)
    得到: Sum=1fff53 (       -173)
[1488690000] PATTERN: *** 比對錯誤 *** (Test #1406)
    預期: Sum=000a (         10)
    得到: Sum=1fffd5 (        -43)
[1488870000] PATTERN: *** 比對錯誤 *** (Test #1408)
    預期: Sum=ff6a (       -150)
    得到: Sum=1fffaa (        -86)
[1488960000] PATTERN: *** 比對錯誤 *** (Test #1409)
    預期: Sum=ff76 (       -138)
    得到: Sum=1fff45 (       -187)
*Verdi* : Flush all FSDB Files at 1,489,000,000 ps.
[1489050000] PATTERN: *** 比對錯誤 *** (Test #1410)
    預期: Sum=fff8 (         -8)
    得到: Sum=000003 (          3)
[1489140000] PATTERN: *** 比對錯誤 *** (Test #1411)
    預期: Sum=0014 (         20)
    得到: Sum=000002 (          2)
[1489230000] PATTERN: *** 比對錯誤 *** (Test #1412)
    預期: Sum=000b (         11)
    得到: Sum=000008 (          8)
[1489320000] PATTERN: *** 比對錯誤 *** (Test #1413)
    預期: Sum=000d (         13)
    得到: Sum=000001 (          1)
[1489410000] PATTERN: *** 比對錯誤 *** (Test #1414)
    預期: Sum=ff17 (       -233)
    得到: Sum=1fff03 (       -253)
[1489500000] PATTERN: *** 比對錯誤 *** (Test #1415)
    預期: Sum=ffab (        -85)
    得到: Sum=000003 (          3)
[1489590000] PATTERN: *** 比對錯誤 *** (Test #1416)
    預期: Sum=fee3 (       -285)
    得到: Sum=1ffedb (       -293)
[1489680000] PATTERN: *** 比對錯誤 *** (Test #1417)
    預期: Sum=003c (         60)
    得到: Sum=000023 (         35)
[1489770000] PATTERN: *** 比對錯誤 *** (Test #1418)
    預期: Sum=ffcb (        -53)
    得到: Sum=1fffde (        -34)
[1489860000] PATTERN: *** 比對錯誤 *** (Test #1419)
    預期: Sum=ffaa (        -86)
    得到: Sum=1fff9c (       -100)
[1489950000] PATTERN: *** 比對錯誤 *** (Test #1420)
    預期: Sum=ffef (        -17)
    得到: Sum=1ffff4 (        -12)
*Verdi* : Flush all FSDB Files at 1,490,000,000 ps.
[1490040000] PATTERN: *** 比對錯誤 *** (Test #1421)
    預期: Sum=ffb4 (        -76)
    得到: Sum=1ffff9 (         -7)
[1490130000] PATTERN: *** 比對錯誤 *** (Test #1422)
    預期: Sum=001d (         29)
    得到: Sum=000008 (          8)
[1490220000] PATTERN: *** 比對錯誤 *** (Test #1423)
    預期: Sum=ffd6 (        -42)
    得到: Sum=000003 (          3)
[1490310000] PATTERN: *** 比對錯誤 *** (Test #1424)
    預期: Sum=0029 (         41)
    得到: Sum=00004c (         76)
[1490400000] PATTERN: *** 比對錯誤 *** (Test #1425)
    預期: Sum=fddb (       -549)
    得到: Sum=1ffe21 (       -479)
[1490490000] PATTERN: *** 比對錯誤 *** (Test #1426)
    預期: Sum=ffe3 (        -29)
    得到: Sum=000016 (         22)
[1490580000] PATTERN: *** 比對錯誤 *** (Test #1427)
    預期: Sum=fff9 (         -7)
    得到: Sum=1fffed (        -19)
[1490670000] PATTERN: *** 比對錯誤 *** (Test #1428)
    預期: Sum=000e (         14)
    得到: Sum=1ffffa (         -6)
[1490760000] PATTERN: *** 比對錯誤 *** (Test #1429)
    預期: Sum=0037 (         55)
    得到: Sum=00002c (         44)
[1490850000] PATTERN: *** 比對錯誤 *** (Test #1430)
    預期: Sum=ffad (        -83)
    得到: Sum=1fffd1 (        -47)
[1490940000] PATTERN: *** 比對錯誤 *** (Test #1431)
    預期: Sum=0005 (          5)
    得到: Sum=00000c (         12)
*Verdi* : Flush all FSDB Files at 1,491,000,000 ps.
[1491030000] PATTERN: *** 比對錯誤 *** (Test #1432)
    預期: Sum=ff9a (       -102)
    得到: Sum=1fffa3 (        -93)
[1491120000] PATTERN: *** 比對錯誤 *** (Test #1433)
    預期: Sum=ffe9 (        -23)
    得到: Sum=1fffe3 (        -29)
[1491210000] PATTERN: *** 比對錯誤 *** (Test #1434)
    預期: Sum=ffe6 (        -26)
    得到: Sum=1fffc4 (        -60)
[1491300000] PATTERN: *** 比對錯誤 *** (Test #1435)
    預期: Sum=007c (        124)
    得到: Sum=000083 (        131)
[1491390000] PATTERN: *** 比對錯誤 *** (Test #1436)
    預期: Sum=fef9 (       -263)
    得到: Sum=1fff26 (       -218)
[1491480000] PATTERN: *** 比對錯誤 *** (Test #1437)
    預期: Sum=ffeb (        -21)
    得到: Sum=1fffed (        -19)
[1491570000] PATTERN: *** 比對錯誤 *** (Test #1438)
    預期: Sum=ffda (        -38)
    得到: Sum=000002 (          2)
[1491660000] PATTERN: *** 比對錯誤 *** (Test #1439)
    預期: Sum=ffff (         -1)
    得到: Sum=000031 (         49)
[1491750000] PATTERN: *** 比對錯誤 *** (Test #1440)
    預期: Sum=ff5f (       -161)
    得到: Sum=1fff82 (       -126)
[1491840000] PATTERN: *** 比對錯誤 *** (Test #1441)
    預期: Sum=fedb (       -293)
    得到: Sum=1ffeef (       -273)
[1491930000] PATTERN: *** 比對錯誤 *** (Test #1442)
    預期: Sum=001f (         31)
    得到: Sum=00000c (         12)
*Verdi* : Flush all FSDB Files at 1,492,000,000 ps.
[1492020000] PATTERN: *** 比對錯誤 *** (Test #1443)
    預期: Sum=ff9c (       -100)
    得到: Sum=1fffcf (        -49)
[1492200000] PATTERN: *** 比對錯誤 *** (Test #1445)
    預期: Sum=ff1e (       -226)
    得到: Sum=1fff1f (       -225)
[1492290000] PATTERN: *** 比對錯誤 *** (Test #1446)
    預期: Sum=ffb9 (        -71)
    得到: Sum=1fffe2 (        -30)
[1492380000] PATTERN: *** 比對錯誤 *** (Test #1447)
    預期: Sum=0006 (          6)
    得到: Sum=000003 (          3)
[1492470000] PATTERN: *** 比對錯誤 *** (Test #1448)
    預期: Sum=ff1d (       -227)
    得到: Sum=1fff17 (       -233)
[1492560000] PATTERN: *** 比對錯誤 *** (Test #1449)
    預期: Sum=fff4 (        -12)
    得到: Sum=00001e (         30)
[1492650000] PATTERN: *** 比對錯誤 *** (Test #1450)
    預期: Sum=ff13 (       -237)
    得到: Sum=1fff0c (       -244)
[1492740000] PATTERN: *** 比對錯誤 *** (Test #1451)
    預期: Sum=ffa4 (        -92)
    得到: Sum=1fffea (        -22)
[1492830000] PATTERN: *** 比對錯誤 *** (Test #1452)
    預期: Sum=ffe9 (        -23)
    得到: Sum=1fffeb (        -21)
[1492920000] PATTERN: *** 比對錯誤 *** (Test #1453)
    預期: Sum=ffc8 (        -56)
    得到: Sum=1fffc3 (        -61)
*Verdi* : Flush all FSDB Files at 1,493,000,000 ps.
[1493010000] PATTERN: *** 比對錯誤 *** (Test #1454)
    預期: Sum=001a (         26)
    得到: Sum=000003 (          3)
[1493100000] PATTERN: *** 比對錯誤 *** (Test #1455)
    預期: Sum=ffe9 (        -23)
    得到: Sum=000017 (         23)
[1493190000] PATTERN: *** 比對錯誤 *** (Test #1456)
    預期: Sum=fed2 (       -302)
    得到: Sum=1ffec0 (       -320)
[1493280000] PATTERN: *** 比對錯誤 *** (Test #1457)
    預期: Sum=fee7 (       -281)
    得到: Sum=1ffef4 (       -268)
[1493370000] PATTERN: *** 比對錯誤 *** (Test #1458)
    預期: Sum=ffde (        -34)
    得到: Sum=1ffff2 (        -14)
[1493460000] PATTERN: *** 比對錯誤 *** (Test #1459)
    預期: Sum=fefd (       -259)
    得到: Sum=1fff21 (       -223)
[1493550000] PATTERN: *** 比對錯誤 *** (Test #1460)
    預期: Sum=0036 (         54)
    得到: Sum=000014 (         20)
[1493640000] PATTERN: *** 比對錯誤 *** (Test #1461)
    預期: Sum=ffdc (        -36)
    得到: Sum=000000 (          0)
[1493730000] PATTERN: *** 比對錯誤 *** (Test #1462)
    預期: Sum=000d (         13)
    得到: Sum=000005 (          5)
[1493820000] PATTERN: *** 比對錯誤 *** (Test #1463)
    預期: Sum=0009 (          9)
    得到: Sum=00000b (         11)
[1493910000] PATTERN: *** 比對錯誤 *** (Test #1464)
    預期: Sum=ff2d (       -211)
    得到: Sum=1fff2f (       -209)
*Verdi* : Flush all FSDB Files at 1,494,000,000 ps.
[1494000000] PATTERN: *** 比對錯誤 *** (Test #1465)
    預期: Sum=ff2e (       -210)
    得到: Sum=1fff31 (       -207)
[1494090000] PATTERN: *** 比對錯誤 *** (Test #1466)
    預期: Sum=005e (         94)
    得到: Sum=00004f (         79)
[1494180000] PATTERN: *** 比對錯誤 *** (Test #1467)
    預期: Sum=000c (         12)
    得到: Sum=00000d (         13)
[1494270000] PATTERN: *** 比對錯誤 *** (Test #1468)
    預期: Sum=fffd (         -3)
    得到: Sum=1fff8d (       -115)
[1494360000] PATTERN: *** 比對錯誤 *** (Test #1469)
    預期: Sum=feff (       -257)
    得到: Sum=1ffedc (       -292)
[1494450000] PATTERN: *** 比對錯誤 *** (Test #1470)
    預期: Sum=ffeb (        -21)
    得到: Sum=000007 (          7)
[1494540000] PATTERN: *** 比對錯誤 *** (Test #1471)
    預期: Sum=004b (         75)
    得到: Sum=00005e (         94)
[1494630000] PATTERN: *** 比對錯誤 *** (Test #1472)
    預期: Sum=007b (        123)
    得到: Sum=00008e (        142)
[1494720000] PATTERN: *** 比對錯誤 *** (Test #1473)
    預期: Sum=ffd3 (        -45)
    得到: Sum=1fffdc (        -36)
[1494810000] PATTERN: *** 比對錯誤 *** (Test #1474)
    預期: Sum=ff1c (       -228)
    得到: Sum=1ffefa (       -262)
[1494900000] PATTERN: *** 比對錯誤 *** (Test #1475)
    預期: Sum=fff0 (        -16)
    得到: Sum=000002 (          2)
[1494990000] PATTERN: *** 比對錯誤 *** (Test #1476)
    預期: Sum=ffde (        -34)
    得到: Sum=1fffd8 (        -40)
*Verdi* : Flush all FSDB Files at 1,495,000,000 ps.
[1495080000] PATTERN: *** 比對錯誤 *** (Test #1477)
    預期: Sum=fffa (         -6)
    得到: Sum=1ffff3 (        -13)
[1495170000] PATTERN: *** 比對錯誤 *** (Test #1478)
    預期: Sum=fec8 (       -312)
    得到: Sum=1ffede (       -290)
[1495260000] PATTERN: *** 比對錯誤 *** (Test #1479)
    預期: Sum=002b (         43)
    得到: Sum=000043 (         67)
[1495350000] PATTERN: *** 比對錯誤 *** (Test #1480)
    預期: Sum=0052 (         82)
    得到: Sum=000043 (         67)
[1495440000] PATTERN: *** 比對錯誤 *** (Test #1481)
    預期: Sum=001a (         26)
    得到: Sum=1fffdb (        -37)
[1495530000] PATTERN: *** 比對錯誤 *** (Test #1482)
    預期: Sum=002f (         47)
    得到: Sum=000020 (         32)
[1495620000] PATTERN: *** 比對錯誤 *** (Test #1483)
    預期: Sum=0004 (          4)
    得到: Sum=1fffc3 (        -61)
[1495710000] PATTERN: *** 比對錯誤 *** (Test #1484)
    預期: Sum=ff91 (       -111)
    得到: Sum=1fffbd (        -67)
[1495800000] PATTERN: *** 比對錯誤 *** (Test #1485)
    預期: Sum=0002 (          2)
    得到: Sum=000000 (          0)
[1495890000] PATTERN: *** 比對錯誤 *** (Test #1486)
    預期: Sum=ffdd (        -35)
    得到: Sum=1fffb8 (        -72)
[1495980000] PATTERN: *** 比對錯誤 *** (Test #1487)
    預期: Sum=007a (        122)
    得到: Sum=00007f (        127)
*Verdi* : Flush all FSDB Files at 1,496,000,000 ps.
[1496070000] PATTERN: *** 比對錯誤 *** (Test #1488)
    預期: Sum=0004 (          4)
    得到: Sum=000006 (          6)
[1496160000] PATTERN: *** 比對錯誤 *** (Test #1489)
    預期: Sum=003d (         61)
    得到: Sum=000068 (        104)
[1496250000] PATTERN: *** 比對錯誤 *** (Test #1490)
    預期: Sum=ffcf (        -49)
    得到: Sum=1ffff5 (        -11)
[1496340000] PATTERN: *** 比對錯誤 *** (Test #1491)
    預期: Sum=0080 (        128)
    得到: Sum=000070 (        112)
[1496430000] PATTERN: *** 比對錯誤 *** (Test #1492)
    預期: Sum=ff8d (       -115)
    得到: Sum=1fff64 (       -156)
[1496520000] PATTERN: *** 比對錯誤 *** (Test #1493)
    預期: Sum=002a (         42)
    得到: Sum=000007 (          7)
[1496610000] PATTERN: *** 比對錯誤 *** (Test #1494)
    預期: Sum=ffb7 (        -73)
    得到: Sum=1fffa8 (        -88)
[1496700000] PATTERN: *** 比對錯誤 *** (Test #1495)
    預期: Sum=004b (         75)
    得到: Sum=000063 (         99)
[1496790000] PATTERN: *** 比對錯誤 *** (Test #1496)
    預期: Sum=ff3d (       -195)
    得到: Sum=1ffef5 (       -267)
[1496880000] PATTERN: *** 比對錯誤 *** (Test #1497)
    預期: Sum=ffd3 (        -45)
    得到: Sum=000003 (          3)
[1496970000] PATTERN: *** 比對錯誤 *** (Test #1498)
    預期: Sum=fee5 (       -283)
    得到: Sum=1fff11 (       -239)
*Verdi* : Flush all FSDB Files at 1,497,000,000 ps.
[1497060000] PATTERN: *** 比對錯誤 *** (Test #1499)
    預期: Sum=ff5d (       -163)
    得到: Sum=1fff1a (       -230)
[1497150000] PATTERN: *** 比對錯誤 *** (Test #1500)
    預期: Sum=ff10 (       -240)
    得到: Sum=1ffefd (       -259)
[1497240000] PATTERN: *** 比對錯誤 *** (Test #1501)
    預期: Sum=ffa4 (        -92)
    得到: Sum=1fffc7 (        -57)
[1497330000] PATTERN: *** 比對錯誤 *** (Test #1502)
    預期: Sum=ff39 (       -199)
    得到: Sum=1fff99 (       -103)
[1497420000] PATTERN: *** 比對錯誤 *** (Test #1503)
    預期: Sum=ffff (         -1)
    得到: Sum=1ffff3 (        -13)
[1497510000] PATTERN: *** 比對錯誤 *** (Test #1504)
    預期: Sum=ffa2 (        -94)
    得到: Sum=1ffff0 (        -16)
[1497600000] PATTERN: *** 比對錯誤 *** (Test #1505)
    預期: Sum=0013 (         19)
    得到: Sum=000015 (         21)
[1497690000] PATTERN: *** 比對錯誤 *** (Test #1506)
    預期: Sum=ff01 (       -255)
    得到: Sum=1fff33 (       -205)
[1497780000] PATTERN: *** 比對錯誤 *** (Test #1507)
    預期: Sum=0005 (          5)
    得到: Sum=1fffec (        -20)
[1497870000] PATTERN: *** 比對錯誤 *** (Test #1508)
    預期: Sum=fef6 (       -266)
    得到: Sum=1fff13 (       -237)
[1497960000] PATTERN: *** 比對錯誤 *** (Test #1509)
    預期: Sum=ff1a (       -230)
    得到: Sum=1ffeea (       -278)
*Verdi* : Flush all FSDB Files at 1,498,000,000 ps.
[1498050000] PATTERN: *** 比對錯誤 *** (Test #1510)
    預期: Sum=0086 (        134)
    得到: Sum=000108 (        264)
[1498140000] PATTERN: *** 比對錯誤 *** (Test #1511)
    預期: Sum=fee8 (       -280)
    得到: Sum=1ffefb (       -261)
[1498230000] PATTERN: *** 比對錯誤 *** (Test #1512)
    預期: Sum=000c (         12)
    得到: Sum=1fffef (        -17)
[1498320000] PATTERN: *** 比對錯誤 *** (Test #1513)
    預期: Sum=0009 (          9)
    得到: Sum=1ffff2 (        -14)
[1498410000] PATTERN: *** 比對錯誤 *** (Test #1514)
    預期: Sum=feff (       -257)
    得到: Sum=1ffeb0 (       -336)
[1498500000] PATTERN: *** 比對錯誤 *** (Test #1515)
    預期: Sum=ffd2 (        -46)
    得到: Sum=1ffff5 (        -11)
[1498590000] PATTERN: *** 比對錯誤 *** (Test #1516)
    預期: Sum=0001 (          1)
    得到: Sum=1ffff3 (        -13)
[1498680000] PATTERN: *** 比對錯誤 *** (Test #1517)
    預期: Sum=0007 (          7)
    得到: Sum=000013 (         19)
[1498770000] PATTERN: *** 比對錯誤 *** (Test #1518)
    預期: Sum=ff23 (       -221)
    得到: Sum=1fff8e (       -114)
[1498860000] PATTERN: *** 比對錯誤 *** (Test #1519)
    預期: Sum=ff23 (       -221)
    得到: Sum=1fff1e (       -226)
[1498950000] PATTERN: *** 比對錯誤 *** (Test #1520)
    預期: Sum=ff0f (       -241)
    得到: Sum=1ffedf (       -289)
*Verdi* : Flush all FSDB Files at 1,499,000,000 ps.
[1499040000] PATTERN: *** 比對錯誤 *** (Test #1521)
    預期: Sum=fff3 (        -13)
    得到: Sum=1fffdd (        -35)
[1499130000] PATTERN: *** 比對錯誤 *** (Test #1522)
    預期: Sum=ff8b (       -117)
    得到: Sum=1fffbd (        -67)
[1499220000] PATTERN: *** 比對錯誤 *** (Test #1523)
    預期: Sum=ff48 (       -184)
    得到: Sum=1fff31 (       -207)
[1499310000] PATTERN: *** 比對錯誤 *** (Test #1524)
    預期: Sum=ffac (        -84)
    得到: Sum=1fffd9 (        -39)
[1499400000] PATTERN: *** 比對錯誤 *** (Test #1525)
    預期: Sum=0049 (         73)
    得到: Sum=00002e (         46)
[1499490000] PATTERN: *** 比對錯誤 *** (Test #1526)
    預期: Sum=fef0 (       -272)
    得到: Sum=1ffef8 (       -264)
[1499580000] PATTERN: *** 比對錯誤 *** (Test #1527)
    預期: Sum=ffe1 (        -31)
    得到: Sum=1ffff1 (        -15)
[1499670000] PATTERN: *** 比對錯誤 *** (Test #1528)
    預期: Sum=0001 (          1)
    得到: Sum=000006 (          6)
[1499760000] PATTERN: *** 比對錯誤 *** (Test #1529)
    預期: Sum=0031 (         49)
    得到: Sum=000014 (         20)
[1499850000] PATTERN: *** 比對錯誤 *** (Test #1530)
    預期: Sum=ffe6 (        -26)
    得到: Sum=1fffe2 (        -30)
[1499940000] PATTERN: *** 比對錯誤 *** (Test #1531)
    預期: Sum=0001 (          1)
    得到: Sum=1fffdf (        -33)
*Verdi* : Flush all FSDB Files at 1,500,000,000 ps.
[1500030000] PATTERN: *** 比對錯誤 *** (Test #1532)
    預期: Sum=ffa5 (        -91)
    得到: Sum=1fffb9 (        -71)
[1500120000] PATTERN: *** 比對錯誤 *** (Test #1533)
    預期: Sum=0044 (         68)
    得到: Sum=0000aa (        170)
[1500210000] PATTERN: *** 比對錯誤 *** (Test #1534)
    預期: Sum=fedd (       -291)
    得到: Sum=1ffef8 (       -264)
[1500300000] PATTERN: *** 比對錯誤 *** (Test #1535)
    預期: Sum=ffdc (        -36)
    得到: Sum=1fffec (        -20)
[1500390000] PATTERN: *** 比對錯誤 *** (Test #1536)
    預期: Sum=ff5c (       -164)
    得到: Sum=1fff2c (       -212)
[1500480000] PATTERN: *** 比對錯誤 *** (Test #1537)
    預期: Sum=fff1 (        -15)
    得到: Sum=000004 (          4)
[1500570000] PATTERN: *** 比對錯誤 *** (Test #1538)
    預期: Sum=ffd5 (        -43)
    得到: Sum=1fffd7 (        -41)
[1500660000] PATTERN: *** 比對錯誤 *** (Test #1539)
    預期: Sum=fff6 (        -10)
    得到: Sum=1fffe9 (        -23)
[1500750000] PATTERN: *** 比對錯誤 *** (Test #1540)
    預期: Sum=fff2 (        -14)
    得到: Sum=1ffffc (         -4)
[1500840000] PATTERN: *** 比對錯誤 *** (Test #1541)
    預期: Sum=000f (         15)
    得到: Sum=000019 (         25)
[1500930000] PATTERN: *** 比對錯誤 *** (Test #1542)
    預期: Sum=ffce (        -50)
    得到: Sum=1fffaf (        -81)
*Verdi* : Flush all FSDB Files at 1,501,000,000 ps.
[1501020000] PATTERN: *** 比對錯誤 *** (Test #1543)
    預期: Sum=ff2d (       -211)
    得到: Sum=1ffef9 (       -263)
[1501110000] PATTERN: *** 比對錯誤 *** (Test #1544)
    預期: Sum=008b (        139)
    得到: Sum=00007e (        126)
[1501200000] PATTERN: *** 比對錯誤 *** (Test #1545)
    預期: Sum=0031 (         49)
    得到: Sum=00003f (         63)
[1501290000] PATTERN: *** 比對錯誤 *** (Test #1546)
    預期: Sum=ffdd (        -35)
    得到: Sum=1fffb2 (        -78)
[1501380000] PATTERN: *** 比對錯誤 *** (Test #1547)
    預期: Sum=0013 (         19)
    得到: Sum=000008 (          8)
[1501470000] PATTERN: *** 比對錯誤 *** (Test #1548)
    預期: Sum=008c (        140)
    得到: Sum=000064 (        100)
[1501560000] PATTERN: *** 比對錯誤 *** (Test #1549)
    預期: Sum=ff92 (       -110)
    得到: Sum=1fff99 (       -103)
[1501650000] PATTERN: *** 比對錯誤 *** (Test #1550)
    預期: Sum=ff09 (       -247)
    得到: Sum=1ffeef (       -273)
[1501740000] PATTERN: *** 比對錯誤 *** (Test #1551)
    預期: Sum=0014 (         20)
    得到: Sum=1ffffe (         -2)
[1501830000] PATTERN: *** 比對錯誤 *** (Test #1552)
    預期: Sum=001c (         28)
    得到: Sum=1fffea (        -22)
[1501920000] PATTERN: *** 比對錯誤 *** (Test #1553)
    預期: Sum=0021 (         33)
    得到: Sum=000008 (          8)
*Verdi* : Flush all FSDB Files at 1,502,000,000 ps.
[1502010000] PATTERN: *** 比對錯誤 *** (Test #1554)
    預期: Sum=ffd8 (        -40)
    得到: Sum=1fffe0 (        -32)
[1502100000] PATTERN: *** 比對錯誤 *** (Test #1555)
    預期: Sum=fff4 (        -12)
    得到: Sum=000006 (          6)
[1502190000] PATTERN: *** 比對錯誤 *** (Test #1556)
    預期: Sum=fff2 (        -14)
    得到: Sum=1ffff1 (        -15)
[1502280000] PATTERN: *** 比對錯誤 *** (Test #1557)
    預期: Sum=0003 (          3)
    得到: Sum=1fffeb (        -21)
[1502370000] PATTERN: *** 比對錯誤 *** (Test #1558)
    預期: Sum=ffae (        -82)
    得到: Sum=1fffa4 (        -92)
[1502460000] PATTERN: *** 比對錯誤 *** (Test #1559)
    預期: Sum=ff46 (       -186)
    得到: Sum=1fff15 (       -235)
[1502550000] PATTERN: *** 比對錯誤 *** (Test #1560)
    預期: Sum=003b (         59)
    得到: Sum=00004a (         74)
[1502640000] PATTERN: *** 比對錯誤 *** (Test #1561)
    預期: Sum=0008 (          8)
    得到: Sum=00000e (         14)
[1502730000] PATTERN: *** 比對錯誤 *** (Test #1562)
    預期: Sum=ffe9 (        -23)
    得到: Sum=1fffe6 (        -26)
[1502820000] PATTERN: *** 比對錯誤 *** (Test #1563)
    預期: Sum=ffee (        -18)
    得到: Sum=1fffc4 (        -60)
[1502910000] PATTERN: *** 比對錯誤 *** (Test #1564)
    預期: Sum=fec1 (       -319)
    得到: Sum=1ffea7 (       -345)
*Verdi* : Flush all FSDB Files at 1,503,000,000 ps.
[1503000000] PATTERN: *** 比對錯誤 *** (Test #1565)
    預期: Sum=fff5 (        -11)
    得到: Sum=000000 (          0)
[1503090000] PATTERN: *** 比對錯誤 *** (Test #1566)
    預期: Sum=fffd (         -3)
    得到: Sum=1ffff9 (         -7)
[1503180000] PATTERN: *** 比對錯誤 *** (Test #1567)
    預期: Sum=0047 (         71)
    得到: Sum=00001c (         28)
[1503270000] PATTERN: *** 比對錯誤 *** (Test #1568)
    預期: Sum=002d (         45)
    得到: Sum=00003a (         58)
[1503360000] PATTERN: *** 比對錯誤 *** (Test #1569)
    預期: Sum=ffe4 (        -28)
    得到: Sum=000004 (          4)
[1503450000] PATTERN: *** 比對錯誤 *** (Test #1570)
    預期: Sum=002b (         43)
    得到: Sum=000035 (         53)
[1503540000] PATTERN: *** 比對錯誤 *** (Test #1571)
    預期: Sum=ff08 (       -248)
    得到: Sum=1ffef0 (       -272)
[1503630000] PATTERN: *** 比對錯誤 *** (Test #1572)
    預期: Sum=0003 (          3)
    得到: Sum=00000e (         14)
[1503720000] PATTERN: *** 比對錯誤 *** (Test #1573)
    預期: Sum=ffd3 (        -45)
    得到: Sum=1fffc9 (        -55)
[1503810000] PATTERN: *** 比對錯誤 *** (Test #1574)
    預期: Sum=0030 (         48)
    得到: Sum=00001b (         27)
[1503900000] PATTERN: *** 比對錯誤 *** (Test #1575)
    預期: Sum=0001 (          1)
    得到: Sum=000006 (          6)
[1503990000] PATTERN: *** 比對錯誤 *** (Test #1576)
    預期: Sum=ffb5 (        -75)
    得到: Sum=1fffcc (        -52)
*Verdi* : Flush all FSDB Files at 1,504,000,000 ps.
[1504080000] PATTERN: *** 比對錯誤 *** (Test #1577)
    預期: Sum=ffb7 (        -73)
    得到: Sum=1fffca (        -54)
[1504170000] PATTERN: *** 比對錯誤 *** (Test #1578)
    預期: Sum=ff1c (       -228)
    得到: Sum=1fff11 (       -239)
[1504260000] PATTERN: *** 比對錯誤 *** (Test #1579)
    預期: Sum=ffc1 (        -63)
    得到: Sum=1fffd1 (        -47)
[1504350000] PATTERN: *** 比對錯誤 *** (Test #1580)
    預期: Sum=ffe1 (        -31)
    得到: Sum=1fffce (        -50)
[1504440000] PATTERN: *** 比對錯誤 *** (Test #1581)
    預期: Sum=feb6 (       -330)
    得到: Sum=1ffefc (       -260)
[1504530000] PATTERN: *** 比對錯誤 *** (Test #1582)
    預期: Sum=ffd7 (        -41)
    得到: Sum=1fffe9 (        -23)
[1504620000] PATTERN: *** 比對錯誤 *** (Test #1583)
    預期: Sum=ff56 (       -170)
    得到: Sum=1fff84 (       -124)
[1504710000] PATTERN: *** 比對錯誤 *** (Test #1584)
    預期: Sum=000b (         11)
    得到: Sum=1ffffa (         -6)
[1504800000] PATTERN: *** 比對錯誤 *** (Test #1585)
    預期: Sum=fffb (         -5)
    得到: Sum=00000d (         13)
[1504890000] PATTERN: *** 比對錯誤 *** (Test #1586)
    預期: Sum=fffc (         -4)
    得到: Sum=1ffffa (         -6)
[1504980000] PATTERN: *** 比對錯誤 *** (Test #1587)
    預期: Sum=ffdf (        -33)
    得到: Sum=1fffb1 (        -79)
*Verdi* : Flush all FSDB Files at 1,505,000,000 ps.
[1505070000] PATTERN: *** 比對錯誤 *** (Test #1588)
    預期: Sum=006f (        111)
    得到: Sum=000066 (        102)
[1505160000] PATTERN: *** 比對錯誤 *** (Test #1589)
    預期: Sum=ff1a (       -230)
    得到: Sum=1ffefb (       -261)
[1505250000] PATTERN: *** 比對錯誤 *** (Test #1590)
    預期: Sum=0016 (         22)
    得到: Sum=000011 (         17)
[1505340000] PATTERN: *** 比對錯誤 *** (Test #1591)
    預期: Sum=0010 (         16)
    得到: Sum=000013 (         19)
[1505430000] PATTERN: *** 比對錯誤 *** (Test #1592)
    預期: Sum=ffe9 (        -23)
    得到: Sum=000001 (          1)
[1505520000] PATTERN: *** 比對錯誤 *** (Test #1593)
    預期: Sum=fffd (         -3)
    得到: Sum=000008 (          8)
[1505610000] PATTERN: *** 比對錯誤 *** (Test #1594)
    預期: Sum=ffff (         -1)
    得到: Sum=1ffffd (         -3)
[1505700000] PATTERN: *** 比對錯誤 *** (Test #1595)
    預期: Sum=ffb8 (        -72)
    得到: Sum=1fff94 (       -108)
[1505790000] PATTERN: *** 比對錯誤 *** (Test #1596)
    預期: Sum=00bb (        187)
    得到: Sum=00003f (         63)
[1505880000] PATTERN: *** 比對錯誤 *** (Test #1597)
    預期: Sum=febd (       -323)
    得到: Sum=1ffec4 (       -316)
[1505970000] PATTERN: *** 比對錯誤 *** (Test #1598)
    預期: Sum=fff1 (        -15)
    得到: Sum=1fffba (        -70)
*Verdi* : Flush all FSDB Files at 1,506,000,000 ps.
[1506060000] PATTERN: *** 比對錯誤 *** (Test #1599)
    預期: Sum=ffef (        -17)
    得到: Sum=1fffe4 (        -28)
[1506150000] PATTERN: *** 比對錯誤 *** (Test #1600)
    預期: Sum=0107 (        263)
    得到: Sum=000008 (          8)
[1506240000] PATTERN: *** 比對錯誤 *** (Test #1601)
    預期: Sum=000b (         11)
    得到: Sum=000003 (          3)
[1506330000] PATTERN: *** 比對錯誤 *** (Test #1602)
    預期: Sum=ffd1 (        -47)
    得到: Sum=1fffc2 (        -62)
[1506420000] PATTERN: *** 比對錯誤 *** (Test #1603)
    預期: Sum=fff4 (        -12)
    得到: Sum=1fffca (        -54)
[1506510000] PATTERN: *** 比對錯誤 *** (Test #1604)
    預期: Sum=0007 (          7)
    得到: Sum=1fffe4 (        -28)
[1506600000] PATTERN: *** 比對錯誤 *** (Test #1605)
    預期: Sum=fff1 (        -15)
    得到: Sum=1ffff8 (         -8)
[1506690000] PATTERN: *** 比對錯誤 *** (Test #1606)
    預期: Sum=ffeb (        -21)
    得到: Sum=1fffe3 (        -29)
[1506780000] PATTERN: *** 比對錯誤 *** (Test #1607)
    預期: Sum=ffeb (        -21)
    得到: Sum=1fffef (        -17)
[1506870000] PATTERN: *** 比對錯誤 *** (Test #1608)
    預期: Sum=ff53 (       -173)
    得到: Sum=1fff71 (       -143)
[1506960000] PATTERN: *** 比對錯誤 *** (Test #1609)
    預期: Sum=0024 (         36)
    得到: Sum=00002e (         46)
*Verdi* : Flush all FSDB Files at 1,507,000,000 ps.
[1507050000] PATTERN: *** 比對錯誤 *** (Test #1610)
    預期: Sum=0006 (          6)
    得到: Sum=000005 (          5)
[1507140000] PATTERN: *** 比對錯誤 *** (Test #1611)
    預期: Sum=feb2 (       -334)
    得到: Sum=1ffef2 (       -270)
[1507230000] PATTERN: *** 比對錯誤 *** (Test #1612)
    預期: Sum=00a6 (        166)
    得到: Sum=000062 (         98)
[1507320000] PATTERN: *** 比對錯誤 *** (Test #1613)
    預期: Sum=007c (        124)
    得到: Sum=000003 (          3)
[1507410000] PATTERN: *** 比對錯誤 *** (Test #1614)
    預期: Sum=0065 (        101)
    得到: Sum=000010 (         16)
[1507500000] PATTERN: *** 比對錯誤 *** (Test #1615)
    預期: Sum=fffa (         -6)
    得到: Sum=1fffcc (        -52)
[1507590000] PATTERN: *** 比對錯誤 *** (Test #1616)
    預期: Sum=ffb7 (        -73)
    得到: Sum=1fffea (        -22)
[1507680000] PATTERN: *** 比對錯誤 *** (Test #1617)
    預期: Sum=ffda (        -38)
    得到: Sum=1fffc7 (        -57)
[1507770000] PATTERN: *** 比對錯誤 *** (Test #1618)
    預期: Sum=ffae (        -82)
    得到: Sum=1fffa6 (        -90)
[1507860000] PATTERN: *** 比對錯誤 *** (Test #1619)
    預期: Sum=ffda (        -38)
    得到: Sum=1fffe6 (        -26)
[1507950000] PATTERN: *** 比對錯誤 *** (Test #1620)
    預期: Sum=ffe6 (        -26)
    得到: Sum=1ffffe (         -2)
*Verdi* : Flush all FSDB Files at 1,508,000,000 ps.
[1508040000] PATTERN: *** 比對錯誤 *** (Test #1621)
    預期: Sum=000d (         13)
    得到: Sum=00001c (         28)
[1508220000] PATTERN: *** 比對錯誤 *** (Test #1623)
    預期: Sum=ffee (        -18)
    得到: Sum=1fffef (        -17)
[1508310000] PATTERN: *** 比對錯誤 *** (Test #1624)
    預期: Sum=005b (         91)
    得到: Sum=000077 (        119)
[1508400000] PATTERN: *** 比對錯誤 *** (Test #1625)
    預期: Sum=ffe2 (        -30)
    得到: Sum=1fffe9 (        -23)
[1508490000] PATTERN: *** 比對錯誤 *** (Test #1626)
    預期: Sum=fee0 (       -288)
    得到: Sum=1ffeeb (       -277)
[1508580000] PATTERN: *** 比對錯誤 *** (Test #1627)
    預期: Sum=000e (         14)
    得到: Sum=1fffd7 (        -41)
[1508670000] PATTERN: *** 比對錯誤 *** (Test #1628)
    預期: Sum=fff4 (        -12)
    得到: Sum=000009 (          9)
[1508760000] PATTERN: *** 比對錯誤 *** (Test #1629)
    預期: Sum=ff2f (       -209)
    得到: Sum=1fff50 (       -176)
[1508850000] PATTERN: *** 比對錯誤 *** (Test #1630)
    預期: Sum=fff7 (         -9)
    得到: Sum=1fffde (        -34)
[1508940000] PATTERN: *** 比對錯誤 *** (Test #1631)
    預期: Sum=0060 (         96)
    得到: Sum=000010 (         16)
*Verdi* : Flush all FSDB Files at 1,509,000,000 ps.
[1509030000] PATTERN: *** 比對錯誤 *** (Test #1632)
    預期: Sum=000c (         12)
    得到: Sum=00000e (         14)
[1509120000] PATTERN: *** 比對錯誤 *** (Test #1633)
    預期: Sum=ff2b (       -213)
    得到: Sum=1fff09 (       -247)
[1509210000] PATTERN: *** 比對錯誤 *** (Test #1634)
    預期: Sum=fff2 (        -14)
    得到: Sum=1ffff5 (        -11)
[1509300000] PATTERN: *** 比對錯誤 *** (Test #1635)
    預期: Sum=00f7 (        247)
    得到: Sum=0000c3 (        195)
[1509390000] PATTERN: *** 比對錯誤 *** (Test #1636)
    預期: Sum=007a (        122)
    得到: Sum=00005f (         95)
[1509480000] PATTERN: *** 比對錯誤 *** (Test #1637)
    預期: Sum=0002 (          2)
    得到: Sum=000004 (          4)
[1509570000] PATTERN: *** 比對錯誤 *** (Test #1638)
    預期: Sum=00b5 (        181)
    得到: Sum=000083 (        131)
[1509660000] PATTERN: *** 比對錯誤 *** (Test #1639)
    預期: Sum=fff9 (         -7)
    得到: Sum=1fffdd (        -35)
[1509750000] PATTERN: *** 比對錯誤 *** (Test #1640)
    預期: Sum=0036 (         54)
    得到: Sum=00004c (         76)
[1509840000] PATTERN: *** 比對錯誤 *** (Test #1641)
    預期: Sum=fff5 (        -11)
    得到: Sum=1ffff3 (        -13)
[1509930000] PATTERN: *** 比對錯誤 *** (Test #1642)
    預期: Sum=ff96 (       -106)
    得到: Sum=1fffb2 (        -78)
*Verdi* : Flush all FSDB Files at 1,510,000,000 ps.
[1510020000] PATTERN: *** 比對錯誤 *** (Test #1643)
    預期: Sum=ff59 (       -167)
    得到: Sum=1fff80 (       -128)
[1510110000] PATTERN: *** 比對錯誤 *** (Test #1644)
    預期: Sum=ffc3 (        -61)
    得到: Sum=1fffd1 (        -47)
[1510200000] PATTERN: *** 比對錯誤 *** (Test #1645)
    預期: Sum=ff3b (       -197)
    得到: Sum=1fff6e (       -146)
[1510290000] PATTERN: *** 比對錯誤 *** (Test #1646)
    預期: Sum=ff17 (       -233)
    得到: Sum=1fff32 (       -206)
[1510380000] PATTERN: *** 比對錯誤 *** (Test #1647)
    預期: Sum=00d7 (        215)
    得到: Sum=0000c0 (        192)
[1510470000] PATTERN: *** 比對錯誤 *** (Test #1648)
    預期: Sum=ffeb (        -21)
    得到: Sum=000016 (         22)
[1510560000] PATTERN: *** 比對錯誤 *** (Test #1649)
    預期: Sum=0014 (         20)
    得到: Sum=1fffc8 (        -56)
[1510650000] PATTERN: *** 比對錯誤 *** (Test #1650)
    預期: Sum=ff4f (       -177)
    得到: Sum=1fff52 (       -174)
[1510740000] PATTERN: *** 比對錯誤 *** (Test #1651)
    預期: Sum=ff28 (       -216)
    得到: Sum=1fff42 (       -190)
[1510830000] PATTERN: *** 比對錯誤 *** (Test #1652)
    預期: Sum=fef3 (       -269)
    得到: Sum=1fff27 (       -217)
[1510920000] PATTERN: *** 比對錯誤 *** (Test #1653)
    預期: Sum=ffff (         -1)
    得到: Sum=1fffd9 (        -39)
*Verdi* : Flush all FSDB Files at 1,511,000,000 ps.
[1511010000] PATTERN: *** 比對錯誤 *** (Test #1654)
    預期: Sum=fef8 (       -264)
    得到: Sum=1ffef7 (       -265)
[1511100000] PATTERN: *** 比對錯誤 *** (Test #1655)
    預期: Sum=000c (         12)
    得到: Sum=1fffd2 (        -46)
[1511190000] PATTERN: *** 比對錯誤 *** (Test #1656)
    預期: Sum=00a2 (        162)
    得到: Sum=00009b (        155)
[1511280000] PATTERN: *** 比對錯誤 *** (Test #1657)
    預期: Sum=ffef (        -17)
    得到: Sum=000002 (          2)
[1511370000] PATTERN: *** 比對錯誤 *** (Test #1658)
    預期: Sum=0007 (          7)
    得到: Sum=00000e (         14)
[1511460000] PATTERN: *** 比對錯誤 *** (Test #1659)
    預期: Sum=0045 (         69)
    得到: Sum=000040 (         64)
[1511550000] PATTERN: *** 比對錯誤 *** (Test #1660)
    預期: Sum=ffe0 (        -32)
    得到: Sum=1fffea (        -22)
[1511640000] PATTERN: *** 比對錯誤 *** (Test #1661)
    預期: Sum=ff3b (       -197)
    得到: Sum=1fff56 (       -170)
[1511730000] PATTERN: *** 比對錯誤 *** (Test #1662)
    預期: Sum=0000 (          0)
    得到: Sum=1fffd6 (        -42)
[1511820000] PATTERN: *** 比對錯誤 *** (Test #1663)
    預期: Sum=feff (       -257)
    得到: Sum=1fff18 (       -232)
[1511910000] PATTERN: *** 比對錯誤 *** (Test #1664)
    預期: Sum=ff8e (       -114)
    得到: Sum=1fffa4 (        -92)
*Verdi* : Flush all FSDB Files at 1,512,000,000 ps.
[1512000000] PATTERN: *** 比對錯誤 *** (Test #1665)
    預期: Sum=ff3f (       -193)
    得到: Sum=1fff45 (       -187)
[1512090000] PATTERN: *** 比對錯誤 *** (Test #1666)
    預期: Sum=fffc (         -4)
    得到: Sum=000004 (          4)
[1512180000] PATTERN: *** 比對錯誤 *** (Test #1667)
    預期: Sum=000a (         10)
    得到: Sum=000002 (          2)
[1512270000] PATTERN: *** 比對錯誤 *** (Test #1668)
    預期: Sum=000a (         10)
    得到: Sum=000010 (         16)
[1512360000] PATTERN: *** 比對錯誤 *** (Test #1669)
    預期: Sum=0009 (          9)
    得到: Sum=000002 (          2)
[1512450000] PATTERN: *** 比對錯誤 *** (Test #1670)
    預期: Sum=ff24 (       -220)
    得到: Sum=1fff03 (       -253)
[1512540000] PATTERN: *** 比對錯誤 *** (Test #1671)
    預期: Sum=ffba (        -70)
    得到: Sum=000002 (          2)
[1512630000] PATTERN: *** 比對錯誤 *** (Test #1672)
    預期: Sum=fed6 (       -298)
    得到: Sum=1ffeda (       -294)
[1512720000] PATTERN: *** 比對錯誤 *** (Test #1673)
    預期: Sum=002f (         47)
    得到: Sum=00001e (         30)
[1512810000] PATTERN: *** 比對錯誤 *** (Test #1674)
    預期: Sum=ffb8 (        -72)
    得到: Sum=1fffe2 (        -30)
[1512900000] PATTERN: *** 比對錯誤 *** (Test #1675)
    預期: Sum=ffc1 (        -63)
    得到: Sum=1fff9c (       -100)
[1512990000] PATTERN: *** 比對錯誤 *** (Test #1676)
    預期: Sum=fff5 (        -11)
    得到: Sum=1ffff4 (        -12)
*Verdi* : Flush all FSDB Files at 1,513,000,000 ps.
[1513080000] PATTERN: *** 比對錯誤 *** (Test #1677)
    預期: Sum=ffcf (        -49)
    得到: Sum=1ffff9 (         -7)
[1513170000] PATTERN: *** 比對錯誤 *** (Test #1678)
    預期: Sum=0012 (         18)
    得到: Sum=000008 (          8)
[1513260000] PATTERN: *** 比對錯誤 *** (Test #1679)
    預期: Sum=0004 (          4)
    得到: Sum=000003 (          3)
[1513350000] PATTERN: *** 比對錯誤 *** (Test #1680)
    預期: Sum=0022 (         34)
    得到: Sum=00004c (         76)
[1513440000] PATTERN: *** 比對錯誤 *** (Test #1681)
    預期: Sum=fdde (       -546)
    得到: Sum=1ffe24 (       -476)
[1513530000] PATTERN: *** 比對錯誤 *** (Test #1682)
    預期: Sum=0006 (          6)
    得到: Sum=000017 (         23)
[1513620000] PATTERN: *** 比對錯誤 *** (Test #1683)
    預期: Sum=ffe3 (        -29)
    得到: Sum=1fffef (        -17)
[1513710000] PATTERN: *** 比對錯誤 *** (Test #1684)
    預期: Sum=0011 (         17)
    得到: Sum=1ffffa (         -6)
[1513800000] PATTERN: *** 比對錯誤 *** (Test #1685)
    預期: Sum=0016 (         22)
    得到: Sum=00002d (         45)
[1513890000] PATTERN: *** 比對錯誤 *** (Test #1686)
    預期: Sum=ff77 (       -137)
    得到: Sum=1fffd4 (        -44)
[1513980000] PATTERN: *** 比對錯誤 *** (Test #1687)
    預期: Sum=0011 (         17)
    得到: Sum=00000c (         12)
*Verdi* : Flush all FSDB Files at 1,514,000,000 ps.
[1514070000] PATTERN: *** 比對錯誤 *** (Test #1688)
    預期: Sum=ff97 (       -105)
    得到: Sum=1fffa3 (        -93)
[1514160000] PATTERN: *** 比對錯誤 *** (Test #1689)
    預期: Sum=0003 (          3)
    得到: Sum=1fffe3 (        -29)
[1514250000] PATTERN: *** 比對錯誤 *** (Test #1690)
    預期: Sum=fffc (         -4)
    得到: Sum=1fffc5 (        -59)
[1514340000] PATTERN: *** 比對錯誤 *** (Test #1691)
    預期: Sum=0067 (        103)
    得到: Sum=000083 (        131)
[1514430000] PATTERN: *** 比對錯誤 *** (Test #1692)
    預期: Sum=ff0c (       -244)
    得到: Sum=1fff27 (       -217)
[1514520000] PATTERN: *** 比對錯誤 *** (Test #1693)
    預期: Sum=fffc (         -4)
    得到: Sum=1fffee (        -18)
[1514610000] PATTERN: *** 比對錯誤 *** (Test #1694)
    預期: Sum=ffeb (        -21)
    得到: Sum=000003 (          3)
[1514700000] PATTERN: *** 比對錯誤 *** (Test #1695)
    預期: Sum=0008 (          8)
    得到: Sum=00002f (         47)
[1514790000] PATTERN: *** 比對錯誤 *** (Test #1696)
    預期: Sum=ff64 (       -156)
    得到: Sum=1fff80 (       -128)
[1514880000] PATTERN: *** 比對錯誤 *** (Test #1697)
    預期: Sum=fefc (       -260)
    得到: Sum=1ffeee (       -274)
[1514970000] PATTERN: *** 比對錯誤 *** (Test #1698)
    預期: Sum=fffe (         -2)
    得到: Sum=00000b (         11)
*Verdi* : Flush all FSDB Files at 1,515,000,000 ps.
[1515060000] PATTERN: *** 比對錯誤 *** (Test #1699)
    預期: Sum=ffd6 (        -42)
    得到: Sum=1fffce (        -50)
[1515150000] PATTERN: *** 比對錯誤 *** (Test #1700)
    預期: Sum=fee7 (       -281)
    得到: Sum=1ffef2 (       -270)
[1515240000] PATTERN: *** 比對錯誤 *** (Test #1701)
    預期: Sum=ff20 (       -224)
    得到: Sum=1fff1d (       -227)
[1515330000] PATTERN: *** 比對錯誤 *** (Test #1702)
    預期: Sum=0005 (          5)
    得到: Sum=1fffe0 (        -32)
[1515420000] PATTERN: *** 比對錯誤 *** (Test #1703)
    預期: Sum=fffa (         -6)
    得到: Sum=000002 (          2)
[1515510000] PATTERN: *** 比對錯誤 *** (Test #1704)
    預期: Sum=ff1c (       -228)
    得到: Sum=1fff17 (       -233)
[1515600000] PATTERN: *** 比對錯誤 *** (Test #1705)
    預期: Sum=0011 (         17)
    得到: Sum=00001c (         28)
[1515690000] PATTERN: *** 比對錯誤 *** (Test #1706)
    預期: Sum=fef3 (       -269)
    得到: Sum=1fff0d (       -243)
[1515780000] PATTERN: *** 比對錯誤 *** (Test #1707)
    預期: Sum=ffa2 (        -94)
    得到: Sum=1fffea (        -22)
[1515870000] PATTERN: *** 比對錯誤 *** (Test #1708)
    預期: Sum=ffe4 (        -28)
    得到: Sum=1fffeb (        -21)
[1515960000] PATTERN: *** 比對錯誤 *** (Test #1709)
    預期: Sum=ffdb (        -37)
    得到: Sum=1fffc3 (        -61)
*Verdi* : Flush all FSDB Files at 1,516,000,000 ps.
[1516050000] PATTERN: *** 比對錯誤 *** (Test #1710)
    預期: Sum=fffb (         -5)
    得到: Sum=000003 (          3)
[1516140000] PATTERN: *** 比對錯誤 *** (Test #1711)
    預期: Sum=000a (         10)
    得到: Sum=000013 (         19)
[1516230000] PATTERN: *** 比對錯誤 *** (Test #1712)
    預期: Sum=fec1 (       -319)
    得到: Sum=1ffec0 (       -320)
[1516320000] PATTERN: *** 比對錯誤 *** (Test #1713)
    預期: Sum=fee7 (       -281)
    得到: Sum=1ffef3 (       -269)
[1516410000] PATTERN: *** 比對錯誤 *** (Test #1714)
    預期: Sum=ffe0 (        -32)
    得到: Sum=1ffff1 (        -15)
[1516500000] PATTERN: *** 比對錯誤 *** (Test #1715)
    預期: Sum=ff22 (       -222)
    得到: Sum=1fff21 (       -223)
[1516590000] PATTERN: *** 比對錯誤 *** (Test #1716)
    預期: Sum=002e (         46)
    得到: Sum=000013 (         19)
[1516680000] PATTERN: *** 比對錯誤 *** (Test #1717)
    預期: Sum=ffda (        -38)
    得到: Sum=000000 (          0)
[1516770000] PATTERN: *** 比對錯誤 *** (Test #1718)
    預期: Sum=000c (         12)
    得到: Sum=000006 (          6)
[1516860000] PATTERN: *** 比對錯誤 *** (Test #1719)
    預期: Sum=ffef (        -17)
    得到: Sum=00000b (         11)
[1516950000] PATTERN: *** 比對錯誤 *** (Test #1720)
    預期: Sum=ff50 (       -176)
    得到: Sum=1fff33 (       -205)
*Verdi* : Flush all FSDB Files at 1,517,000,000 ps.
[1517040000] PATTERN: *** 比對錯誤 *** (Test #1721)
    預期: Sum=ff1d (       -227)
    得到: Sum=1fff31 (       -207)
[1517130000] PATTERN: *** 比對錯誤 *** (Test #1722)
    預期: Sum=0076 (        118)
    得到: Sum=00004f (         79)
[1517310000] PATTERN: *** 比對錯誤 *** (Test #1724)
    預期: Sum=ffe5 (        -27)
    得到: Sum=1fff8d (       -115)
[1517400000] PATTERN: *** 比對錯誤 *** (Test #1725)
    預期: Sum=feb0 (       -336)
    得到: Sum=1ffedf (       -289)
[1517490000] PATTERN: *** 比對錯誤 *** (Test #1726)
    預期: Sum=000a (         10)
    得到: Sum=000006 (          6)
[1517580000] PATTERN: *** 比對錯誤 *** (Test #1727)
    預期: Sum=0041 (         65)
    得到: Sum=00005e (         94)
[1517670000] PATTERN: *** 比對錯誤 *** (Test #1728)
    預期: Sum=0097 (        151)
    得到: Sum=00008e (        142)
[1517760000] PATTERN: *** 比對錯誤 *** (Test #1729)
    預期: Sum=0000 (          0)
    得到: Sum=1fffde (        -34)
[1517850000] PATTERN: *** 比對錯誤 *** (Test #1730)
    預期: Sum=ff32 (       -206)
    得到: Sum=1ffefa (       -262)
[1517940000] PATTERN: *** 比對錯誤 *** (Test #1731)
    預期: Sum=fff5 (        -11)
    得到: Sum=000002 (          2)
*Verdi* : Flush all FSDB Files at 1,518,000,000 ps.
[1518030000] PATTERN: *** 比對錯誤 *** (Test #1732)
    預期: Sum=ffe2 (        -30)
    得到: Sum=1fffd8 (        -40)
[1518120000] PATTERN: *** 比對錯誤 *** (Test #1733)
    預期: Sum=fffb (         -5)
    得到: Sum=1ffff3 (        -13)
[1518210000] PATTERN: *** 比對錯誤 *** (Test #1734)
    預期: Sum=fec4 (       -316)
    得到: Sum=1ffede (       -290)
[1518300000] PATTERN: *** 比對錯誤 *** (Test #1735)
    預期: Sum=004b (         75)
    得到: Sum=000044 (         68)
[1518390000] PATTERN: *** 比對錯誤 *** (Test #1736)
    預期: Sum=0045 (         69)
    得到: Sum=000043 (         67)
[1518480000] PATTERN: *** 比對錯誤 *** (Test #1737)
    預期: Sum=ffdd (        -35)
    得到: Sum=1fffd9 (        -39)
[1518570000] PATTERN: *** 比對錯誤 *** (Test #1738)
    預期: Sum=0032 (         50)
    得到: Sum=00001f (         31)
[1518660000] PATTERN: *** 比對錯誤 *** (Test #1739)
    預期: Sum=ffea (        -22)
    得到: Sum=1fffc3 (        -61)
[1518750000] PATTERN: *** 比對錯誤 *** (Test #1740)
    預期: Sum=ffa8 (        -88)
    得到: Sum=1fffbd (        -67)
[1518840000] PATTERN: *** 比對錯誤 *** (Test #1741)
    預期: Sum=fff8 (         -8)
    得到: Sum=000000 (          0)
[1518930000] PATTERN: *** 比對錯誤 *** (Test #1742)
    預期: Sum=ffd6 (        -42)
    得到: Sum=1fffba (        -70)
*Verdi* : Flush all FSDB Files at 1,519,000,000 ps.
[1519020000] PATTERN: *** 比對錯誤 *** (Test #1743)
    預期: Sum=0093 (        147)
    得到: Sum=00007f (        127)
[1519110000] PATTERN: *** 比對錯誤 *** (Test #1744)
    預期: Sum=ffff (         -1)
    得到: Sum=000008 (          8)
[1519200000] PATTERN: *** 比對錯誤 *** (Test #1745)
    預期: Sum=007f (        127)
    得到: Sum=000067 (        103)
[1519290000] PATTERN: *** 比對錯誤 *** (Test #1746)
    預期: Sum=ffc4 (        -60)
    得到: Sum=1ffff5 (        -11)
[1519380000] PATTERN: *** 比對錯誤 *** (Test #1747)
    預期: Sum=0089 (        137)
    得到: Sum=000070 (        112)
[1519470000] PATTERN: *** 比對錯誤 *** (Test #1748)
    預期: Sum=ff9c (       -100)
    得到: Sum=1fff66 (       -154)
[1519560000] PATTERN: *** 比對錯誤 *** (Test #1749)
    預期: Sum=fff8 (         -8)
    得到: Sum=000007 (          7)
[1519650000] PATTERN: *** 比對錯誤 *** (Test #1750)
    預期: Sum=ffcc (        -52)
    得到: Sum=1fffa7 (        -89)
[1519740000] PATTERN: *** 比對錯誤 *** (Test #1751)
    預期: Sum=0049 (         73)
    得到: Sum=000065 (        101)
[1519830000] PATTERN: *** 比對錯誤 *** (Test #1752)
    預期: Sum=ff40 (       -192)
    得到: Sum=1ffef7 (       -265)
[1519920000] PATTERN: *** 比對錯誤 *** (Test #1753)
    預期: Sum=ffd3 (        -45)
    得到: Sum=000001 (          1)
*Verdi* : Flush all FSDB Files at 1,520,000,000 ps.
[1520010000] PATTERN: *** 比對錯誤 *** (Test #1754)
    預期: Sum=feee (       -274)
    得到: Sum=1fff11 (       -239)
[1520100000] PATTERN: *** 比對錯誤 *** (Test #1755)
    預期: Sum=ff83 (       -125)
    得到: Sum=1fff1b (       -229)
[1520190000] PATTERN: *** 比對錯誤 *** (Test #1756)
    預期: Sum=ff1f (       -225)
    得到: Sum=1ffefd (       -259)
[1520280000] PATTERN: *** 比對錯誤 *** (Test #1757)
    預期: Sum=000a (         10)
    得到: Sum=1fffc7 (        -57)
[1520370000] PATTERN: *** 比對錯誤 *** (Test #1758)
    預期: Sum=ff68 (       -152)
    得到: Sum=1fff99 (       -103)
[1520460000] PATTERN: *** 比對錯誤 *** (Test #1759)
    預期: Sum=0000 (          0)
    得到: Sum=1fffed (        -19)
[1520550000] PATTERN: *** 比對錯誤 *** (Test #1760)
    預期: Sum=ffd3 (        -45)
    得到: Sum=1ffff1 (        -15)
[1520640000] PATTERN: *** 比對錯誤 *** (Test #1761)
    預期: Sum=001e (         30)
    得到: Sum=000014 (         20)
[1520730000] PATTERN: *** 比對錯誤 *** (Test #1762)
    預期: Sum=fee6 (       -282)
    得到: Sum=1fff33 (       -205)
[1520820000] PATTERN: *** 比對錯誤 *** (Test #1763)
    預期: Sum=ffe2 (        -30)
    得到: Sum=1fffeb (        -21)
[1520910000] PATTERN: *** 比對錯誤 *** (Test #1764)
    預期: Sum=ff13 (       -237)
    得到: Sum=1fff15 (       -235)
*Verdi* : Flush all FSDB Files at 1,521,000,000 ps.
[1521000000] PATTERN: *** 比對錯誤 *** (Test #1765)
    預期: Sum=ff1e (       -226)
    得到: Sum=1ffeeb (       -277)
[1521090000] PATTERN: *** 比對錯誤 *** (Test #1766)
    預期: Sum=00d1 (        209)
    得到: Sum=000108 (        264)
[1521180000] PATTERN: *** 比對錯誤 *** (Test #1767)
    預期: Sum=fede (       -290)
    得到: Sum=1ffefa (       -262)
[1521270000] PATTERN: *** 比對錯誤 *** (Test #1768)
    預期: Sum=ffbb (        -69)
    得到: Sum=1ffff0 (        -16)
[1521360000] PATTERN: *** 比對錯誤 *** (Test #1769)
    預期: Sum=0004 (          4)
    得到: Sum=1ffff2 (        -14)
[1521450000] PATTERN: *** 比對錯誤 *** (Test #1770)
    預期: Sum=fef9 (       -263)
    得到: Sum=1ffead (       -339)
[1521540000] PATTERN: *** 比對錯誤 *** (Test #1771)
    預期: Sum=0007 (          7)
    得到: Sum=1ffff5 (        -11)
[1521630000] PATTERN: *** 比對錯誤 *** (Test #1772)
    預期: Sum=000e (         14)
    得到: Sum=1ffff3 (        -13)
[1521720000] PATTERN: *** 比對錯誤 *** (Test #1773)
    預期: Sum=0013 (         19)
    得到: Sum=000012 (         18)
[1521810000] PATTERN: *** 比對錯誤 *** (Test #1774)
    預期: Sum=ff70 (       -144)
    得到: Sum=1fff91 (       -111)
[1521900000] PATTERN: *** 比對錯誤 *** (Test #1775)
    預期: Sum=fefb (       -261)
    得到: Sum=1fff1f (       -225)
[1521990000] PATTERN: *** 比對錯誤 *** (Test #1776)
    預期: Sum=fef6 (       -266)
    得到: Sum=1ffedf (       -289)
*Verdi* : Flush all FSDB Files at 1,522,000,000 ps.
[1522080000] PATTERN: *** 比對錯誤 *** (Test #1777)
    預期: Sum=fff5 (        -11)
    得到: Sum=1fffdc (        -36)
[1522170000] PATTERN: *** 比對錯誤 *** (Test #1778)
    預期: Sum=ffc3 (        -61)
    得到: Sum=1fffbd (        -67)
[1522260000] PATTERN: *** 比對錯誤 *** (Test #1779)
    預期: Sum=ff49 (       -183)
    得到: Sum=1fff31 (       -207)
[1522350000] PATTERN: *** 比對錯誤 *** (Test #1780)
    預期: Sum=ffde (        -34)
    得到: Sum=1fffda (        -38)
[1522440000] PATTERN: *** 比對錯誤 *** (Test #1781)
    預期: Sum=0068 (        104)
    得到: Sum=00002b (         43)
[1522530000] PATTERN: *** 比對錯誤 *** (Test #1782)
    預期: Sum=ff0d (       -243)
    得到: Sum=1ffef8 (       -264)
[1522620000] PATTERN: *** 比對錯誤 *** (Test #1783)
    預期: Sum=fffc (         -4)
    得到: Sum=1ffff1 (        -15)
[1522710000] PATTERN: *** 比對錯誤 *** (Test #1784)
    預期: Sum=ffee (        -18)
    得到: Sum=000006 (          6)
[1522800000] PATTERN: *** 比對錯誤 *** (Test #1785)
    預期: Sum=ffff (         -1)
    得到: Sum=000014 (         20)
[1522890000] PATTERN: *** 比對錯誤 *** (Test #1786)
    預期: Sum=ffd4 (        -44)
    得到: Sum=1fffe2 (        -30)
[1522980000] PATTERN: *** 比對錯誤 *** (Test #1787)
    預期: Sum=0007 (          7)
    得到: Sum=1fffdf (        -33)
*Verdi* : Flush all FSDB Files at 1,523,000,000 ps.
[1523070000] PATTERN: *** 比對錯誤 *** (Test #1788)
    預期: Sum=ffcb (        -53)
    得到: Sum=1fffb8 (        -72)
[1523160000] PATTERN: *** 比對錯誤 *** (Test #1789)
    預期: Sum=009d (        157)
    得到: Sum=0000aa (        170)
[1523250000] PATTERN: *** 比對錯誤 *** (Test #1790)
    預期: Sum=feca (       -310)
    得到: Sum=1ffef8 (       -264)
[1523340000] PATTERN: *** 比對錯誤 *** (Test #1791)
    預期: Sum=ffe8 (        -24)
    得到: Sum=1fffed (        -19)
[1523430000] PATTERN: *** 比對錯誤 *** (Test #1792)
    預期: Sum=ff4e (       -178)
    得到: Sum=1fff2d (       -211)
[1523520000] PATTERN: *** 比對錯誤 *** (Test #1793)
    預期: Sum=ffed (        -19)
    得到: Sum=000002 (          2)
[1523610000] PATTERN: *** 比對錯誤 *** (Test #1794)
    預期: Sum=ffe2 (        -30)
    得到: Sum=1fffd9 (        -39)
[1523700000] PATTERN: *** 比對錯誤 *** (Test #1795)
    預期: Sum=fff2 (        -14)
    得到: Sum=1fffe5 (        -27)
[1523790000] PATTERN: *** 比對錯誤 *** (Test #1796)
    預期: Sum=fff1 (        -15)
    得到: Sum=1ffffd (         -3)
[1523880000] PATTERN: *** 比對錯誤 *** (Test #1797)
    預期: Sum=0007 (          7)
    得到: Sum=00001a (         26)
[1523970000] PATTERN: *** 比對錯誤 *** (Test #1798)
    預期: Sum=ffc4 (        -60)
    得到: Sum=1fffaf (        -81)
*Verdi* : Flush all FSDB Files at 1,524,000,000 ps.
[1524060000] PATTERN: *** 比對錯誤 *** (Test #1799)
    預期: Sum=ff12 (       -238)
    得到: Sum=1ffef8 (       -264)
[1524150000] PATTERN: *** 比對錯誤 *** (Test #1800)
    預期: Sum=0074 (        116)
    得到: Sum=00007e (        126)
[1524240000] PATTERN: *** 比對錯誤 *** (Test #1801)
    預期: Sum=fffd (         -3)
    得到: Sum=00003f (         63)
[1524330000] PATTERN: *** 比對錯誤 *** (Test #1802)
    預期: Sum=ffd6 (        -42)
    得到: Sum=1fffb3 (        -77)
[1524420000] PATTERN: *** 比對錯誤 *** (Test #1803)
    預期: Sum=000e (         14)
    得到: Sum=000007 (          7)
[1524510000] PATTERN: *** 比對錯誤 *** (Test #1804)
    預期: Sum=0080 (        128)
    得到: Sum=000063 (         99)
[1524600000] PATTERN: *** 比對錯誤 *** (Test #1805)
    預期: Sum=ff89 (       -119)
    得到: Sum=1fff9a (       -102)
[1524690000] PATTERN: *** 比對錯誤 *** (Test #1806)
    預期: Sum=ff4c (       -180)
    得到: Sum=1ffefa (       -262)
[1524780000] PATTERN: *** 比對錯誤 *** (Test #1807)
    預期: Sum=0021 (         33)
    得到: Sum=1ffffe (         -2)
[1524870000] PATTERN: *** 比對錯誤 *** (Test #1808)
    預期: Sum=000b (         11)
    得到: Sum=1fffea (        -22)
[1524960000] PATTERN: *** 比對錯誤 *** (Test #1809)
    預期: Sum=0021 (         33)
    得到: Sum=000008 (          8)
*Verdi* : Flush all FSDB Files at 1,525,000,000 ps.
[1525050000] PATTERN: *** 比對錯誤 *** (Test #1810)
    預期: Sum=0004 (          4)
    得到: Sum=1fffe1 (        -31)
[1525140000] PATTERN: *** 比對錯誤 *** (Test #1811)
    預期: Sum=ffee (        -18)
    得到: Sum=000006 (          6)
[1525230000] PATTERN: *** 比對錯誤 *** (Test #1812)
    預期: Sum=ffe4 (        -28)
    得到: Sum=1fffef (        -17)
[1525320000] PATTERN: *** 比對錯誤 *** (Test #1813)
    預期: Sum=ffea (        -22)
    得到: Sum=1fffef (        -17)
[1525410000] PATTERN: *** 比對錯誤 *** (Test #1814)
    預期: Sum=ff8a (       -118)
    得到: Sum=1fffa5 (        -91)
[1525500000] PATTERN: *** 比對錯誤 *** (Test #1815)
    預期: Sum=ff24 (       -220)
    得到: Sum=1fff15 (       -235)
[1525590000] PATTERN: *** 比對錯誤 *** (Test #1816)
    預期: Sum=0019 (         25)
    得到: Sum=00004a (         74)
[1525680000] PATTERN: *** 比對錯誤 *** (Test #1817)
    預期: Sum=000b (         11)
    得到: Sum=00000c (         12)
[1525770000] PATTERN: *** 比對錯誤 *** (Test #1818)
    預期: Sum=0009 (          9)
    得到: Sum=1ffff7 (         -9)
[1525860000] PATTERN: *** 比對錯誤 *** (Test #1819)
    預期: Sum=ffe1 (        -31)
    得到: Sum=1fffc4 (        -60)
[1525950000] PATTERN: *** 比對錯誤 *** (Test #1820)
    預期: Sum=fe92 (       -366)
    得到: Sum=1ffea7 (       -345)
*Verdi* : Flush all FSDB Files at 1,526,000,000 ps.
[1526040000] PATTERN: *** 比對錯誤 *** (Test #1821)
    預期: Sum=0007 (          7)
    得到: Sum=1fffff (         -1)
[1526130000] PATTERN: *** 比對錯誤 *** (Test #1822)
    預期: Sum=0007 (          7)
    得到: Sum=1ffff9 (         -7)
[1526220000] PATTERN: *** 比對錯誤 *** (Test #1823)
    預期: Sum=0043 (         67)
    得到: Sum=000019 (         25)
[1526310000] PATTERN: *** 比對錯誤 *** (Test #1824)
    預期: Sum=0022 (         34)
    得到: Sum=00003a (         58)
[1526400000] PATTERN: *** 比對錯誤 *** (Test #1825)
    預期: Sum=fff2 (        -14)
    得到: Sum=000004 (          4)
[1526490000] PATTERN: *** 比對錯誤 *** (Test #1826)
    預期: Sum=004b (         75)
    得到: Sum=000037 (         55)
[1526580000] PATTERN: *** 比對錯誤 *** (Test #1827)
    預期: Sum=fef6 (       -266)
    得到: Sum=1ffeef (       -273)
[1526670000] PATTERN: *** 比對錯誤 *** (Test #1828)
    預期: Sum=ffe6 (        -26)
    得到: Sum=000012 (         18)
[1526760000] PATTERN: *** 比對錯誤 *** (Test #1829)
    預期: Sum=ffe6 (        -26)
    得到: Sum=1fffc8 (        -56)
[1526850000] PATTERN: *** 比對錯誤 *** (Test #1830)
    預期: Sum=ffff (         -1)
    得到: Sum=00001b (         27)
[1526940000] PATTERN: *** 比對錯誤 *** (Test #1831)
    預期: Sum=0001 (          1)
    得到: Sum=00000b (         11)
*Verdi* : Flush all FSDB Files at 1,527,000,000 ps.
[1527030000] PATTERN: *** 比對錯誤 *** (Test #1832)
    預期: Sum=ffd8 (        -40)
    得到: Sum=1fffc8 (        -56)
[1527120000] PATTERN: *** 比對錯誤 *** (Test #1833)
    預期: Sum=ffb9 (        -71)
    得到: Sum=1fffca (        -54)
[1527210000] PATTERN: *** 比對錯誤 *** (Test #1834)
    預期: Sum=fef7 (       -265)
    得到: Sum=1fff12 (       -238)
[1527300000] PATTERN: *** 比對錯誤 *** (Test #1835)
    預期: Sum=ffc0 (        -64)
    得到: Sum=1fffd3 (        -45)
[1527390000] PATTERN: *** 比對錯誤 *** (Test #1836)
    預期: Sum=ffd2 (        -46)
    得到: Sum=1fffce (        -50)
[1527480000] PATTERN: *** 比對錯誤 *** (Test #1837)
    預期: Sum=fedf (       -289)
    得到: Sum=1ffefc (       -260)
[1527570000] PATTERN: *** 比對錯誤 *** (Test #1838)
    預期: Sum=ffc2 (        -62)
    得到: Sum=1fffe9 (        -23)
[1527660000] PATTERN: *** 比對錯誤 *** (Test #1839)
    預期: Sum=ff57 (       -169)
    得到: Sum=1fff84 (       -124)
[1527750000] PATTERN: *** 比對錯誤 *** (Test #1840)
    預期: Sum=0006 (          6)
    得到: Sum=1ffffb (         -5)
[1527840000] PATTERN: *** 比對錯誤 *** (Test #1841)
    預期: Sum=fff9 (         -7)
    得到: Sum=00000e (         14)
[1527930000] PATTERN: *** 比對錯誤 *** (Test #1842)
    預期: Sum=fffc (         -4)
    得到: Sum=000000 (          0)
*Verdi* : Flush all FSDB Files at 1,528,000,000 ps.
[1528020000] PATTERN: *** 比對錯誤 *** (Test #1843)
    預期: Sum=ff98 (       -104)
    得到: Sum=1fffb1 (        -79)
[1528110000] PATTERN: *** 比對錯誤 *** (Test #1844)
    預期: Sum=0052 (         82)
    得到: Sum=000066 (        102)
[1528200000] PATTERN: *** 比對錯誤 *** (Test #1845)
    預期: Sum=ff1d (       -227)
    得到: Sum=1ffefb (       -261)
[1528290000] PATTERN: *** 比對錯誤 *** (Test #1846)
    預期: Sum=0038 (         56)
    得到: Sum=000015 (         21)
[1528380000] PATTERN: *** 比對錯誤 *** (Test #1847)
    預期: Sum=0046 (         70)
    得到: Sum=000014 (         20)
[1528470000] PATTERN: *** 比對錯誤 *** (Test #1848)
    預期: Sum=fffc (         -4)
    得到: Sum=000001 (          1)
[1528560000] PATTERN: *** 比對錯誤 *** (Test #1849)
    預期: Sum=0003 (          3)
    得到: Sum=000008 (          8)
[1528650000] PATTERN: *** 比對錯誤 *** (Test #1850)
    預期: Sum=fff9 (         -7)
    得到: Sum=1fffff (         -1)
[1528740000] PATTERN: *** 比對錯誤 *** (Test #1851)
    預期: Sum=ff7d (       -131)
    得到: Sum=1fff96 (       -106)
[1528830000] PATTERN: *** 比對錯誤 *** (Test #1852)
    預期: Sum=0098 (        152)
    得到: Sum=00004b (         75)
[1528920000] PATTERN: *** 比對錯誤 *** (Test #1853)
    預期: Sum=feda (       -294)
    得到: Sum=1ffec5 (       -315)
*Verdi* : Flush all FSDB Files at 1,529,000,000 ps.
[1529010000] PATTERN: *** 比對錯誤 *** (Test #1854)
    預期: Sum=ffd5 (        -43)
    得到: Sum=1fffb8 (        -72)
[1529100000] PATTERN: *** 比對錯誤 *** (Test #1855)
    預期: Sum=ffee (        -18)
    得到: Sum=1fffe4 (        -28)
[1529190000] PATTERN: *** 比對錯誤 *** (Test #1856)
    預期: Sum=00cd (        205)
    得到: Sum=00000a (         10)
[1529280000] PATTERN: *** 比對錯誤 *** (Test #1857)
    預期: Sum=ffff (         -1)
    得到: Sum=000004 (          4)
[1529370000] PATTERN: *** 比對錯誤 *** (Test #1858)
    預期: Sum=ffe4 (        -28)
    得到: Sum=1fffc2 (        -62)
[1529460000] PATTERN: *** 比對錯誤 *** (Test #1859)
    預期: Sum=0001 (          1)
    得到: Sum=1fffcb (        -53)
[1529550000] PATTERN: *** 比對錯誤 *** (Test #1860)
    預期: Sum=fffb (         -5)
    得到: Sum=1fffe4 (        -28)
[1529640000] PATTERN: *** 比對錯誤 *** (Test #1861)
    預期: Sum=0000 (          0)
    得到: Sum=1ffff7 (         -9)
[1529730000] PATTERN: *** 比對錯誤 *** (Test #1862)
    預期: Sum=ffe2 (        -30)
    得到: Sum=1fffe9 (        -23)
[1529820000] PATTERN: *** 比對錯誤 *** (Test #1863)
    預期: Sum=fffd (         -3)
    得到: Sum=1fffef (        -17)
[1529910000] PATTERN: *** 比對錯誤 *** (Test #1864)
    預期: Sum=ff4c (       -180)
    得到: Sum=1fff73 (       -141)
*Verdi* : Flush all FSDB Files at 1,530,000,000 ps.
[1530000000] PATTERN: *** 比對錯誤 *** (Test #1865)
    預期: Sum=004d (         77)
    得到: Sum=00002d (         45)
[1530090000] PATTERN: *** 比對錯誤 *** (Test #1866)
    預期: Sum=0006 (          6)
    得到: Sum=000005 (          5)
[1530180000] PATTERN: *** 比對錯誤 *** (Test #1867)
    預期: Sum=feec (       -276)
    得到: Sum=1ffef2 (       -270)
[1530270000] PATTERN: *** 比對錯誤 *** (Test #1868)
    預期: Sum=0056 (         86)
    得到: Sum=000062 (         98)
[1530360000] PATTERN: *** 比對錯誤 *** (Test #1869)
    預期: Sum=0072 (        114)
    得到: Sum=000003 (          3)
[1530450000] PATTERN: *** 比對錯誤 *** (Test #1870)
    預期: Sum=0068 (        104)
    得到: Sum=000013 (         19)
[1530540000] PATTERN: *** 比對錯誤 *** (Test #1871)
    預期: Sum=ffe8 (        -24)
    得到: Sum=1fffc9 (        -55)
[1530630000] PATTERN: *** 比對錯誤 *** (Test #1872)
    預期: Sum=ffdf (        -33)
    得到: Sum=1fffec (        -20)
[1530720000] PATTERN: *** 比對錯誤 *** (Test #1873)
    預期: Sum=ffd2 (        -46)
    得到: Sum=1fffc6 (        -58)
[1530810000] PATTERN: *** 比對錯誤 *** (Test #1874)
    預期: Sum=ffa8 (        -88)
    得到: Sum=1fffa4 (        -92)
[1530900000] PATTERN: *** 比對錯誤 *** (Test #1875)
    預期: Sum=ffce (        -50)
    得到: Sum=1fffe5 (        -27)
[1530990000] PATTERN: *** 比對錯誤 *** (Test #1876)
    預期: Sum=ffe0 (        -32)
    得到: Sum=1ffffe (         -2)
*Verdi* : Flush all FSDB Files at 1,531,000,000 ps.
[1531080000] PATTERN: *** 比對錯誤 *** (Test #1877)
    預期: Sum=0037 (         55)
    得到: Sum=00001c (         28)
[1531170000] PATTERN: *** 比對錯誤 *** (Test #1878)
    預期: Sum=0045 (         69)
    得到: Sum=000046 (         70)
[1531260000] PATTERN: *** 比對錯誤 *** (Test #1879)
    預期: Sum=ffe5 (        -27)
    得到: Sum=1fffe8 (        -24)
[1531350000] PATTERN: *** 比對錯誤 *** (Test #1880)
    預期: Sum=0095 (        149)
    得到: Sum=000078 (        120)
[1531440000] PATTERN: *** 比對錯誤 *** (Test #1881)
    預期: Sum=ffed (        -19)
    得到: Sum=1fffe6 (        -26)
[1531530000] PATTERN: *** 比對錯誤 *** (Test #1882)
    預期: Sum=ff02 (       -254)
    得到: Sum=1ffeed (       -275)
[1531620000] PATTERN: *** 比對錯誤 *** (Test #1883)
    預期: Sum=002a (         42)
    得到: Sum=1fffd3 (        -45)
[1531710000] PATTERN: *** 比對錯誤 *** (Test #1884)
    預期: Sum=000d (         13)
    得到: Sum=00000a (         10)
[1531800000] PATTERN: *** 比對錯誤 *** (Test #1885)
    預期: Sum=ff2c (       -212)
    得到: Sum=1fff51 (       -175)
[1531890000] PATTERN: *** 比對錯誤 *** (Test #1886)
    預期: Sum=0013 (         19)
    得到: Sum=1fffe3 (        -29)
[1531980000] PATTERN: *** 比對錯誤 *** (Test #1887)
    預期: Sum=0014 (         20)
    得到: Sum=000010 (         16)
*Verdi* : Flush all FSDB Files at 1,532,000,000 ps.
[1532070000] PATTERN: *** 比對錯誤 *** (Test #1888)
    預期: Sum=0010 (         16)
    得到: Sum=00000c (         12)
[1532160000] PATTERN: *** 比對錯誤 *** (Test #1889)
    預期: Sum=ff16 (       -234)
    得到: Sum=1fff07 (       -249)
[1532250000] PATTERN: *** 比對錯誤 *** (Test #1890)
    預期: Sum=fff8 (         -8)
    得到: Sum=1ffff5 (        -11)
[1532340000] PATTERN: *** 比對錯誤 *** (Test #1891)
    預期: Sum=00f6 (        246)
    得到: Sum=0000cb (        203)
[1532430000] PATTERN: *** 比對錯誤 *** (Test #1892)
    預期: Sum=0062 (         98)
    得到: Sum=00005f (         95)
[1532520000] PATTERN: *** 比對錯誤 *** (Test #1893)
    預期: Sum=000f (         15)
    得到: Sum=000004 (          4)
[1532610000] PATTERN: *** 比對錯誤 *** (Test #1894)
    預期: Sum=00bf (        191)
    得到: Sum=000081 (        129)
[1532700000] PATTERN: *** 比對錯誤 *** (Test #1895)
    預期: Sum=fffb (         -5)
    得到: Sum=1fffdb (        -37)
[1532790000] PATTERN: *** 比對錯誤 *** (Test #1896)
    預期: Sum=006a (        106)
    得到: Sum=00004d (         77)
[1532880000] PATTERN: *** 比對錯誤 *** (Test #1897)
    預期: Sum=ffcd (        -51)
    得到: Sum=1fffd0 (        -48)
[1532970000] PATTERN: *** 比對錯誤 *** (Test #1898)
    預期: Sum=ffb8 (        -72)
    得到: Sum=1fffb3 (        -77)
*Verdi* : Flush all FSDB Files at 1,533,000,000 ps.
[1533060000] PATTERN: *** 比對錯誤 *** (Test #1899)
    預期: Sum=ff5b (       -165)
    得到: Sum=1fff82 (       -126)
[1533150000] PATTERN: *** 比對錯誤 *** (Test #1900)
    預期: Sum=ff9e (        -98)
    得到: Sum=1fffd4 (        -44)
[1533240000] PATTERN: *** 比對錯誤 *** (Test #1901)
    預期: Sum=ff69 (       -151)
    得到: Sum=1fff6e (       -146)
[1533330000] PATTERN: *** 比對錯誤 *** (Test #1902)
    預期: Sum=ff09 (       -247)
    得到: Sum=1fff2e (       -210)
[1533420000] PATTERN: *** 比對錯誤 *** (Test #1903)
    預期: Sum=009e (        158)
    得到: Sum=0000c5 (        197)
[1533510000] PATTERN: *** 比對錯誤 *** (Test #1904)
    預期: Sum=ffdd (        -35)
    得到: Sum=000016 (         22)
[1533600000] PATTERN: *** 比對錯誤 *** (Test #1905)
    預期: Sum=0014 (         20)
    得到: Sum=1fffbb (        -69)
[1533690000] PATTERN: *** 比對錯誤 *** (Test #1906)
    預期: Sum=ff4b (       -181)
    得到: Sum=1fff54 (       -172)
[1533780000] PATTERN: *** 比對錯誤 *** (Test #1907)
    預期: Sum=ff36 (       -202)
    得到: Sum=1fff41 (       -191)
[1533870000] PATTERN: *** 比對錯誤 *** (Test #1908)
    預期: Sum=fec8 (       -312)
    得到: Sum=1fff26 (       -218)
[1533960000] PATTERN: *** 比對錯誤 *** (Test #1909)
    預期: Sum=ffe7 (        -25)
    得到: Sum=1fffd8 (        -40)
*Verdi* : Flush all FSDB Files at 1,534,000,000 ps.
[1534050000] PATTERN: *** 比對錯誤 *** (Test #1910)
    預期: Sum=ff17 (       -233)
    得到: Sum=1ffef3 (       -269)
[1534140000] PATTERN: *** 比對錯誤 *** (Test #1911)
    預期: Sum=ffca (        -54)
    得到: Sum=1fffd3 (        -45)
[1534230000] PATTERN: *** 比對錯誤 *** (Test #1912)
    預期: Sum=009d (        157)
    得到: Sum=00009c (        156)
[1534320000] PATTERN: *** 比對錯誤 *** (Test #1913)
    預期: Sum=fff4 (        -12)
    得到: Sum=000000 (          0)
[1534410000] PATTERN: *** 比對錯誤 *** (Test #1914)
    預期: Sum=0004 (          4)
    得到: Sum=00000e (         14)
[1534500000] PATTERN: *** 比對錯誤 *** (Test #1915)
    預期: Sum=0046 (         70)
    得到: Sum=000040 (         64)
[1534590000] PATTERN: *** 比對錯誤 *** (Test #1916)
    預期: Sum=fff5 (        -11)
    得到: Sum=1fffed (        -19)
[1534680000] PATTERN: *** 比對錯誤 *** (Test #1917)
    預期: Sum=ff69 (       -151)
    得到: Sum=1fff59 (       -167)
[1534770000] PATTERN: *** 比對錯誤 *** (Test #1918)
    預期: Sum=0003 (          3)
    得到: Sum=1fffd7 (        -41)
[1534950000] PATTERN: *** 比對錯誤 *** (Test #1920)
    預期: Sum=ff6e (       -146)
    得到: Sum=1fff9f (        -97)
*Verdi* : Flush all FSDB Files at 1,535,000,000 ps.
[1535040000] PATTERN: *** 比對錯誤 *** (Test #1921)
    預期: Sum=ff3e (       -194)
    得到: Sum=1fff45 (       -187)
[1535130000] PATTERN: *** 比對錯誤 *** (Test #1922)
    預期: Sum=fff7 (         -9)
    得到: Sum=000004 (          4)
[1535220000] PATTERN: *** 比對錯誤 *** (Test #1923)
    預期: Sum=0013 (         19)
    得到: Sum=000003 (          3)
[1535310000] PATTERN: *** 比對錯誤 *** (Test #1924)
    預期: Sum=ffd9 (        -39)
    得到: Sum=1fffe2 (        -30)
[1535400000] PATTERN: *** 比對錯誤 *** (Test #1925)
    預期: Sum=fffc (         -4)
    得到: Sum=000001 (          1)
[1535490000] PATTERN: *** 比對錯誤 *** (Test #1926)
    預期: Sum=ff19 (       -231)
    得到: Sum=1fff02 (       -254)
[1535580000] PATTERN: *** 比對錯誤 *** (Test #1927)
    預期: Sum=ffae (        -82)
    得到: Sum=000001 (          1)
[1535670000] PATTERN: *** 比對錯誤 *** (Test #1928)
    預期: Sum=fef9 (       -263)
    得到: Sum=1ffee2 (       -286)
[1535760000] PATTERN: *** 比對錯誤 *** (Test #1929)
    預期: Sum=0035 (         53)
    得到: Sum=00002c (         44)
[1535850000] PATTERN: *** 比對錯誤 *** (Test #1930)
    預期: Sum=ffc0 (        -64)
    得到: Sum=1fffdd (        -35)
[1535940000] PATTERN: *** 比對錯誤 *** (Test #1931)
    預期: Sum=ff95 (       -107)
    得到: Sum=1fff9d (        -99)
*Verdi* : Flush all FSDB Files at 1,536,000,000 ps.
[1536030000] PATTERN: *** 比對錯誤 *** (Test #1932)
    預期: Sum=000a (         10)
    得到: Sum=1ffff5 (        -11)
[1536120000] PATTERN: *** 比對錯誤 *** (Test #1933)
    預期: Sum=0009 (          9)
    得到: Sum=1ffff9 (         -7)
[1536210000] PATTERN: *** 比對錯誤 *** (Test #1934)
    預期: Sum=000e (         14)
    得到: Sum=000008 (          8)
[1536300000] PATTERN: *** 比對錯誤 *** (Test #1935)
    預期: Sum=ffea (        -22)
    得到: Sum=000000 (          0)
[1536390000] PATTERN: *** 比對錯誤 *** (Test #1936)
    預期: Sum=0022 (         34)
    得到: Sum=00004c (         76)
[1536480000] PATTERN: *** 比對錯誤 *** (Test #1937)
    預期: Sum=fdef (       -529)
    得到: Sum=1ffe24 (       -476)
[1536570000] PATTERN: *** 比對錯誤 *** (Test #1938)
    預期: Sum=fff0 (        -16)
    得到: Sum=000018 (         24)
[1536660000] PATTERN: *** 比對錯誤 *** (Test #1939)
    預期: Sum=ffce (        -50)
    得到: Sum=1fffef (        -17)
[1536750000] PATTERN: *** 比對錯誤 *** (Test #1940)
    預期: Sum=0007 (          7)
    得到: Sum=1ffffa (         -6)
[1536840000] PATTERN: *** 比對錯誤 *** (Test #1941)
    預期: Sum=003c (         60)
    得到: Sum=00002b (         43)
[1536930000] PATTERN: *** 比對錯誤 *** (Test #1942)
    預期: Sum=ffb1 (        -79)
    得到: Sum=1fffd6 (        -42)
*Verdi* : Flush all FSDB Files at 1,537,000,000 ps.
[1537020000] PATTERN: *** 比對錯誤 *** (Test #1943)
    預期: Sum=0000 (          0)
    得到: Sum=00000c (         12)
[1537110000] PATTERN: *** 比對錯誤 *** (Test #1944)
    預期: Sum=ff98 (       -104)
    得到: Sum=1fffa3 (        -93)
[1537200000] PATTERN: *** 比對錯誤 *** (Test #1945)
    預期: Sum=ffcf (        -49)
    得到: Sum=1fffe3 (        -29)
[1537290000] PATTERN: *** 比對錯誤 *** (Test #1946)
    預期: Sum=ffdc (        -36)
    得到: Sum=1fffc4 (        -60)
[1537380000] PATTERN: *** 比對錯誤 *** (Test #1947)
    預期: Sum=0063 (         99)
    得到: Sum=000084 (        132)
[1537470000] PATTERN: *** 比對錯誤 *** (Test #1948)
    預期: Sum=ff35 (       -203)
    得到: Sum=1fff24 (       -220)
[1537560000] PATTERN: *** 比對錯誤 *** (Test #1949)
    預期: Sum=fff1 (        -15)
    得到: Sum=1fffee (        -18)
[1537650000] PATTERN: *** 比對錯誤 *** (Test #1950)
    預期: Sum=fff9 (         -7)
    得到: Sum=000003 (          3)
[1537740000] PATTERN: *** 比對錯誤 *** (Test #1951)
    預期: Sum=0002 (          2)
    得到: Sum=00002e (         46)
[1537830000] PATTERN: *** 比對錯誤 *** (Test #1952)
    預期: Sum=ff69 (       -151)
    得到: Sum=1fff80 (       -128)
*Verdi* : Flush all FSDB Files at 1,538,000,000 ps.
[1538010000] PATTERN: *** 比對錯誤 *** (Test #1954)
    預期: Sum=ffff (         -1)
    得到: Sum=00000b (         11)
[1538190000] PATTERN: *** 比對錯誤 *** (Test #1956)
    預期: Sum=ff2e (       -210)
    得到: Sum=1ffef5 (       -267)
[1538280000] PATTERN: *** 比對錯誤 *** (Test #1957)
    預期: Sum=ff19 (       -231)
    得到: Sum=1fff1e (       -226)
[1538370000] PATTERN: *** 比對錯誤 *** (Test #1958)
    預期: Sum=ffda (        -38)
    得到: Sum=1fffe1 (        -31)
[1538460000] PATTERN: *** 比對錯誤 *** (Test #1959)
    預期: Sum=fff7 (         -9)
    得到: Sum=000002 (          2)
[1538550000] PATTERN: *** 比對錯誤 *** (Test #1960)
    預期: Sum=ff34 (       -204)
    得到: Sum=1fff14 (       -236)
[1538640000] PATTERN: *** 比對錯誤 *** (Test #1961)
    預期: Sum=fff2 (        -14)
    得到: Sum=000019 (         25)
[1538730000] PATTERN: *** 比對錯誤 *** (Test #1962)
    預期: Sum=fed9 (       -295)
    得到: Sum=1fff0d (       -243)
[1538820000] PATTERN: *** 比對錯誤 *** (Test #1963)
    預期: Sum=ffcb (        -53)
    得到: Sum=1fffea (        -22)
[1538910000] PATTERN: *** 比對錯誤 *** (Test #1964)
    預期: Sum=ffe2 (        -30)
    得到: Sum=1fffeb (        -21)
*Verdi* : Flush all FSDB Files at 1,539,000,000 ps.
[1539000000] PATTERN: *** 比對錯誤 *** (Test #1965)
    預期: Sum=ffa8 (        -88)
    得到: Sum=1fffc2 (        -62)
[1539090000] PATTERN: *** 比對錯誤 *** (Test #1966)
    預期: Sum=fff7 (         -9)
    得到: Sum=000000 (          0)
[1539180000] PATTERN: *** 比對錯誤 *** (Test #1967)
    預期: Sum=000c (         12)
    得到: Sum=000011 (         17)
[1539270000] PATTERN: *** 比對錯誤 *** (Test #1968)
    預期: Sum=febb (       -325)
    得到: Sum=1ffec0 (       -320)
[1539360000] PATTERN: *** 比對錯誤 *** (Test #1969)
    預期: Sum=fed4 (       -300)
    得到: Sum=1ffef8 (       -264)
[1539450000] PATTERN: *** 比對錯誤 *** (Test #1970)
    預期: Sum=fff3 (        -13)
    得到: Sum=1ffff2 (        -14)
[1539540000] PATTERN: *** 比對錯誤 *** (Test #1971)
    預期: Sum=ff0c (       -244)
    得到: Sum=1fff20 (       -224)
[1539630000] PATTERN: *** 比對錯誤 *** (Test #1972)
    預期: Sum=0040 (         64)
    得到: Sum=000013 (         19)
[1539720000] PATTERN: *** 比對錯誤 *** (Test #1973)
    預期: Sum=ffea (        -22)
    得到: Sum=000000 (          0)
[1539810000] PATTERN: *** 比對錯誤 *** (Test #1974)
    預期: Sum=fff5 (        -11)
    得到: Sum=000007 (          7)
[1539900000] PATTERN: *** 比對錯誤 *** (Test #1975)
    預期: Sum=fff9 (         -7)
    得到: Sum=00000a (         10)
[1539990000] PATTERN: *** 比對錯誤 *** (Test #1976)
    預期: Sum=ff42 (       -190)
    得到: Sum=1fff39 (       -199)
*Verdi* : Flush all FSDB Files at 1,540,000,000 ps.
[1540080000] PATTERN: *** 比對錯誤 *** (Test #1977)
    預期: Sum=ff3d (       -195)
    得到: Sum=1fff31 (       -207)
[1540170000] PATTERN: *** 比對錯誤 *** (Test #1978)
    預期: Sum=004c (         76)
    得到: Sum=00004f (         79)
[1540260000] PATTERN: *** 比對錯誤 *** (Test #1979)
    預期: Sum=0013 (         19)
    得到: Sum=00000e (         14)
[1540350000] PATTERN: *** 比對錯誤 *** (Test #1980)
    預期: Sum=ffed (        -19)
    得到: Sum=1fff8c (       -116)
[1540440000] PATTERN: *** 比對錯誤 *** (Test #1981)
    預期: Sum=fef6 (       -266)
    得到: Sum=1ffedb (       -293)
[1540530000] PATTERN: *** 比對錯誤 *** (Test #1982)
    預期: Sum=fffc (         -4)
    得到: Sum=000007 (          7)
[1540620000] PATTERN: *** 比對錯誤 *** (Test #1983)
    預期: Sum=0065 (        101)
    得到: Sum=00005e (         94)
[1540710000] PATTERN: *** 比對錯誤 *** (Test #1984)
    預期: Sum=0070 (        112)
    得到: Sum=000091 (        145)
[1540800000] PATTERN: *** 比對錯誤 *** (Test #1985)
    預期: Sum=fff7 (         -9)
    得到: Sum=1fffdb (        -37)
[1540890000] PATTERN: *** 比對錯誤 *** (Test #1986)
    預期: Sum=fefc (       -260)
    得到: Sum=1ffefa (       -262)
[1540980000] PATTERN: *** 比對錯誤 *** (Test #1987)
    預期: Sum=0016 (         22)
    得到: Sum=000002 (          2)
*Verdi* : Flush all FSDB Files at 1,541,000,000 ps.
[1541070000] PATTERN: *** 比對錯誤 *** (Test #1988)
    預期: Sum=ffed (        -19)
    得到: Sum=1fffd8 (        -40)
[1541160000] PATTERN: *** 比對錯誤 *** (Test #1989)
    預期: Sum=0002 (          2)
    得到: Sum=1ffff4 (        -12)
[1541250000] PATTERN: *** 比對錯誤 *** (Test #1990)
    預期: Sum=febb (       -325)
    得到: Sum=1ffede (       -290)
[1541340000] PATTERN: *** 比對錯誤 *** (Test #1991)
    預期: Sum=004b (         75)
    得到: Sum=00003e (         62)
[1541430000] PATTERN: *** 比對錯誤 *** (Test #1992)
    預期: Sum=0031 (         49)
    得到: Sum=000044 (         68)
[1541520000] PATTERN: *** 比對錯誤 *** (Test #1993)
    預期: Sum=0016 (         22)
    得到: Sum=1fffda (        -38)
[1541610000] PATTERN: *** 比對錯誤 *** (Test #1994)
    預期: Sum=0026 (         38)
    得到: Sum=00001d (         29)
[1541700000] PATTERN: *** 比對錯誤 *** (Test #1995)
    預期: Sum=ffe6 (        -26)
    得到: Sum=1fffc3 (        -61)
[1541790000] PATTERN: *** 比對錯誤 *** (Test #1996)
    預期: Sum=ffb6 (        -74)
    得到: Sum=1fffbc (        -68)
[1541880000] PATTERN: *** 比對錯誤 *** (Test #1997)
    預期: Sum=fff8 (         -8)
    得到: Sum=000002 (          2)
[1541970000] PATTERN: *** 比對錯誤 *** (Test #1998)
    預期: Sum=ffe2 (        -30)
    得到: Sum=1fffba (        -70)
*Verdi* : Flush all FSDB Files at 1,542,000,000 ps.
[1542060000] PATTERN: *** 比對錯誤 *** (Test #1999)
    預期: Sum=0078 (        120)
    得到: Sum=00007f (        127)
[1542150000] PATTERN: *** 比對錯誤 *** (Test #2000)
    預期: Sum=fffd (         -3)
    得到: Sum=000008 (          8)
[1542240000] PATTERN: *** 比對錯誤 *** (Test #2001)
    預期: Sum=0058 (         88)
    得到: Sum=00006a (        106)
[1542330000] PATTERN: *** 比對錯誤 *** (Test #2002)
    預期: Sum=ffe0 (        -32)
    得到: Sum=1ffff4 (        -12)
[1542420000] PATTERN: *** 比對錯誤 *** (Test #2003)
    預期: Sum=005c (         92)
    得到: Sum=000072 (        114)
[1542510000] PATTERN: *** 比對錯誤 *** (Test #2004)
    預期: Sum=ff81 (       -127)
    得到: Sum=1fff67 (       -153)
[1542600000] PATTERN: *** 比對錯誤 *** (Test #2005)
    預期: Sum=0000 (          0)
    得到: Sum=00000d (         13)
[1542690000] PATTERN: *** 比對錯誤 *** (Test #2006)
    預期: Sum=ffef (        -17)
    得到: Sum=1fffa6 (        -90)
[1542780000] PATTERN: *** 比對錯誤 *** (Test #2007)
    預期: Sum=005d (         93)
    得到: Sum=000067 (        103)
[1542870000] PATTERN: *** 比對錯誤 *** (Test #2008)
    預期: Sum=ff1f (       -225)
    得到: Sum=1ffef4 (       -268)
[1542960000] PATTERN: *** 比對錯誤 *** (Test #2009)
    預期: Sum=0009 (          9)
    得到: Sum=000002 (          2)
*Verdi* : Flush all FSDB Files at 1,543,000,000 ps.
[1543050000] PATTERN: *** 比對錯誤 *** (Test #2010)
    預期: Sum=ff0d (       -243)
    得到: Sum=1fff11 (       -239)
[1543140000] PATTERN: *** 比對錯誤 *** (Test #2011)
    預期: Sum=ff7a (       -134)
    得到: Sum=1fff1f (       -225)
[1543230000] PATTERN: *** 比對錯誤 *** (Test #2012)
    預期: Sum=fef6 (       -266)
    得到: Sum=1ffefd (       -259)
[1543320000] PATTERN: *** 比對錯誤 *** (Test #2013)
    預期: Sum=0001 (          1)
    得到: Sum=1fffc7 (        -57)
[1543410000] PATTERN: *** 比對錯誤 *** (Test #2014)
    預期: Sum=ff71 (       -143)
    得到: Sum=1fff98 (       -104)
[1543500000] PATTERN: *** 比對錯誤 *** (Test #2015)
    預期: Sum=fff6 (        -10)
    得到: Sum=1ffff3 (        -13)
[1543590000] PATTERN: *** 比對錯誤 *** (Test #2016)
    預期: Sum=ffed (        -19)
    得到: Sum=1ffff0 (        -16)
[1543680000] PATTERN: *** 比對錯誤 *** (Test #2017)
    預期: Sum=0038 (         56)
    得到: Sum=000013 (         19)
[1543770000] PATTERN: *** 比對錯誤 *** (Test #2018)
    預期: Sum=ff21 (       -223)
    得到: Sum=1fff33 (       -205)
[1543860000] PATTERN: *** 比對錯誤 *** (Test #2019)
    預期: Sum=ffdc (        -36)
    得到: Sum=1fffec (        -20)
[1543950000] PATTERN: *** 比對錯誤 *** (Test #2020)
    預期: Sum=fee7 (       -281)
    得到: Sum=1fff1f (       -225)
*Verdi* : Flush all FSDB Files at 1,544,000,000 ps.
[1544040000] PATTERN: *** 比對錯誤 *** (Test #2021)
    預期: Sum=feda (       -294)
    得到: Sum=1ffeeb (       -277)
[1544130000] PATTERN: *** 比對錯誤 *** (Test #2022)
    預期: Sum=009d (        157)
    得到: Sum=000106 (        262)
[1544220000] PATTERN: *** 比對錯誤 *** (Test #2023)
    預期: Sum=fee1 (       -287)
    得到: Sum=1ffefc (       -260)
[1544310000] PATTERN: *** 比對錯誤 *** (Test #2024)
    預期: Sum=ffbd (        -67)
    得到: Sum=1ffff1 (        -15)
[1544400000] PATTERN: *** 比對錯誤 *** (Test #2025)
    預期: Sum=ffea (        -22)
    得到: Sum=1ffff2 (        -14)
[1544490000] PATTERN: *** 比對錯誤 *** (Test #2026)
    預期: Sum=ff02 (       -254)
    得到: Sum=1ffeae (       -338)
[1544580000] PATTERN: *** 比對錯誤 *** (Test #2027)
    預期: Sum=fff6 (        -10)
    得到: Sum=1ffff3 (        -13)
[1544670000] PATTERN: *** 比對錯誤 *** (Test #2028)
    預期: Sum=000a (         10)
    得到: Sum=1ffff3 (        -13)
[1544760000] PATTERN: *** 比對錯誤 *** (Test #2029)
    預期: Sum=fff3 (        -13)
    得到: Sum=000013 (         19)
[1544850000] PATTERN: *** 比對錯誤 *** (Test #2030)
    預期: Sum=ff58 (       -168)
    得到: Sum=1fff9c (       -100)
[1544940000] PATTERN: *** 比對錯誤 *** (Test #2031)
    預期: Sum=ff07 (       -249)
    得到: Sum=1fff1f (       -225)
*Verdi* : Flush all FSDB Files at 1,545,000,000 ps.
[1545030000] PATTERN: *** 比對錯誤 *** (Test #2032)
    預期: Sum=ff22 (       -222)
    得到: Sum=1ffedf (       -289)
[1545120000] PATTERN: *** 比對錯誤 *** (Test #2033)
    預期: Sum=ffe7 (        -25)
    得到: Sum=1fffdc (        -36)
[1545210000] PATTERN: *** 比對錯誤 *** (Test #2034)
    預期: Sum=ffd1 (        -47)
    得到: Sum=1fffbc (        -68)
[1545300000] PATTERN: *** 比對錯誤 *** (Test #2035)
    預期: Sum=ff24 (       -220)
    得到: Sum=1fff30 (       -208)
[1545390000] PATTERN: *** 比對錯誤 *** (Test #2036)
    預期: Sum=ffd3 (        -45)
    得到: Sum=1fffda (        -38)
[1545480000] PATTERN: *** 比對錯誤 *** (Test #2037)
    預期: Sum=0048 (         72)
    得到: Sum=000031 (         49)
[1545570000] PATTERN: *** 比對錯誤 *** (Test #2038)
    預期: Sum=fee9 (       -279)
    得到: Sum=1ffef9 (       -263)
[1545660000] PATTERN: *** 比對錯誤 *** (Test #2039)
    預期: Sum=ffff (         -1)
    得到: Sum=1fffed (        -19)
[1545750000] PATTERN: *** 比對錯誤 *** (Test #2040)
    預期: Sum=ffdc (        -36)
    得到: Sum=000006 (          6)
[1545840000] PATTERN: *** 比對錯誤 *** (Test #2041)
    預期: Sum=0010 (         16)
    得到: Sum=000015 (         21)
[1545930000] PATTERN: *** 比對錯誤 *** (Test #2042)
    預期: Sum=ffee (        -18)
    得到: Sum=1fffe1 (        -31)
*Verdi* : Flush all FSDB Files at 1,546,000,000 ps.
[1546020000] PATTERN: *** 比對錯誤 *** (Test #2043)
    預期: Sum=fffd (         -3)
    得到: Sum=1fffde (        -34)
[1546110000] PATTERN: *** 比對錯誤 *** (Test #2044)
    預期: Sum=ffc8 (        -56)
    得到: Sum=1fffb9 (        -71)
[1546200000] PATTERN: *** 比對錯誤 *** (Test #2045)
    預期: Sum=007d (        125)
    得到: Sum=000099 (        153)
[1546290000] PATTERN: *** 比對錯誤 *** (Test #2046)
    預期: Sum=fef8 (       -264)
    得到: Sum=1ffefb (       -261)
[1546380000] PATTERN: *** 比對錯誤 *** (Test #2047)
    預期: Sum=ffb3 (        -77)
    得到: Sum=1fffed (        -19)
[1546470000] PATTERN: *** 比對錯誤 *** (Test #2048)
    預期: Sum=ff4b (       -181)
    得到: Sum=1fff2e (       -210)
[1546560000] PATTERN: *** 比對錯誤 *** (Test #2049)
    預期: Sum=ffe9 (        -23)
    得到: Sum=000001 (          1)
[1546650000] PATTERN: *** 比對錯誤 *** (Test #2050)
    預期: Sum=ffd4 (        -44)
    得到: Sum=1fffd2 (        -46)
[1546740000] PATTERN: *** 比對錯誤 *** (Test #2051)
    預期: Sum=ffe5 (        -27)
    得到: Sum=1fffe6 (        -26)
[1546830000] PATTERN: *** 比對錯誤 *** (Test #2052)
    預期: Sum=fff8 (         -8)
    得到: Sum=1ffffd (         -3)
[1546920000] PATTERN: *** 比對錯誤 *** (Test #2053)
    預期: Sum=0008 (          8)
    得到: Sum=00001a (         26)
*Verdi* : Flush all FSDB Files at 1,547,000,000 ps.
[1547010000] PATTERN: *** 比對錯誤 *** (Test #2054)
    預期: Sum=ffa6 (        -90)
    得到: Sum=1fffaf (        -81)
[1547100000] PATTERN: *** 比對錯誤 *** (Test #2055)
    預期: Sum=ff20 (       -224)
    得到: Sum=1ffef8 (       -264)
[1547190000] PATTERN: *** 比對錯誤 *** (Test #2056)
    預期: Sum=007d (        125)
    得到: Sum=00007e (        126)
[1547280000] PATTERN: *** 比對錯誤 *** (Test #2057)
    預期: Sum=ffe6 (        -26)
    得到: Sum=00003f (         63)
[1547370000] PATTERN: *** 比對錯誤 *** (Test #2058)
    預期: Sum=ffb9 (        -71)
    得到: Sum=1fffb3 (        -77)
[1547460000] PATTERN: *** 比對錯誤 *** (Test #2059)
    預期: Sum=000d (         13)
    得到: Sum=000008 (          8)
[1547550000] PATTERN: *** 比對錯誤 *** (Test #2060)
    預期: Sum=0081 (        129)
    得到: Sum=000063 (         99)
[1547640000] PATTERN: *** 比對錯誤 *** (Test #2061)
    預期: Sum=ff88 (       -120)
    得到: Sum=1fff9b (       -101)
[1547730000] PATTERN: *** 比對錯誤 *** (Test #2062)
    預期: Sum=ff68 (       -152)
    得到: Sum=1ffee8 (       -280)
[1547820000] PATTERN: *** 比對錯誤 *** (Test #2063)
    預期: Sum=000c (         12)
    得到: Sum=1ffffd (         -3)
[1547910000] PATTERN: *** 比對錯誤 *** (Test #2064)
    預期: Sum=0003 (          3)
    得到: Sum=1fffe9 (        -23)
*Verdi* : Flush all FSDB Files at 1,548,000,000 ps.
[1548000000] PATTERN: *** 比對錯誤 *** (Test #2065)
    預期: Sum=002a (         42)
    得到: Sum=000008 (          8)
[1548090000] PATTERN: *** 比對錯誤 *** (Test #2066)
    預期: Sum=ffb2 (        -78)
    得到: Sum=1fffdb (        -37)
[1548180000] PATTERN: *** 比對錯誤 *** (Test #2067)
    預期: Sum=0006 (          6)
    得到: Sum=000005 (          5)
[1548270000] PATTERN: *** 比對錯誤 *** (Test #2068)
    預期: Sum=0009 (          9)
    得到: Sum=1ffff0 (        -16)
[1548450000] PATTERN: *** 比對錯誤 *** (Test #2070)
    預期: Sum=ffa5 (        -91)
    得到: Sum=1fffa6 (        -90)
[1548540000] PATTERN: *** 比對錯誤 *** (Test #2071)
    預期: Sum=fefb (       -261)
    得到: Sum=1fff15 (       -235)
[1548630000] PATTERN: *** 比對錯誤 *** (Test #2072)
    預期: Sum=001d (         29)
    得到: Sum=00004a (         74)
[1548720000] PATTERN: *** 比對錯誤 *** (Test #2073)
    預期: Sum=0016 (         22)
    得到: Sum=000014 (         20)
[1548810000] PATTERN: *** 比對錯誤 *** (Test #2074)
    預期: Sum=001c (         28)
    得到: Sum=00000c (         12)
[1548900000] PATTERN: *** 比對錯誤 *** (Test #2075)
    預期: Sum=fff4 (        -12)
    得到: Sum=1fffc4 (        -60)
[1548990000] PATTERN: *** 比對錯誤 *** (Test #2076)
    預期: Sum=feec (       -276)
    得到: Sum=1ffea8 (       -344)
*Verdi* : Flush all FSDB Files at 1,549,000,000 ps.
[1549080000] PATTERN: *** 比對錯誤 *** (Test #2077)
    預期: Sum=fff7 (         -9)
    得到: Sum=000000 (          0)
[1549170000] PATTERN: *** 比對錯誤 *** (Test #2078)
    預期: Sum=0009 (          9)
    得到: Sum=1ffff6 (        -10)
[1549260000] PATTERN: *** 比對錯誤 *** (Test #2079)
    預期: Sum=0041 (         65)
    得到: Sum=000019 (         25)
[1549350000] PATTERN: *** 比對錯誤 *** (Test #2080)
    預期: Sum=0030 (         48)
    得到: Sum=00003b (         59)
[1549440000] PATTERN: *** 比對錯誤 *** (Test #2081)
    預期: Sum=fff7 (         -9)
    得到: Sum=000004 (          4)
[1549530000] PATTERN: *** 比對錯誤 *** (Test #2082)
    預期: Sum=002d (         45)
    得到: Sum=000035 (         53)
[1549620000] PATTERN: *** 比對錯誤 *** (Test #2083)
    預期: Sum=feeb (       -277)
    得到: Sum=1ffeef (       -273)
[1549710000] PATTERN: *** 比對錯誤 *** (Test #2084)
    預期: Sum=000d (         13)
    得到: Sum=00000b (         11)
[1549800000] PATTERN: *** 比對錯誤 *** (Test #2085)
    預期: Sum=ffe3 (        -29)
    得到: Sum=1fffc9 (        -55)
[1549890000] PATTERN: *** 比對錯誤 *** (Test #2086)
    預期: Sum=0012 (         18)
    得到: Sum=00001b (         27)
[1549980000] PATTERN: *** 比對錯誤 *** (Test #2087)
    預期: Sum=0008 (          8)
    得到: Sum=000009 (          9)
*Verdi* : Flush all FSDB Files at 1,550,000,000 ps.
[1550070000] PATTERN: *** 比對錯誤 *** (Test #2088)
    預期: Sum=ffbb (        -69)
    得到: Sum=1fffc9 (        -55)
[1550160000] PATTERN: *** 比對錯誤 *** (Test #2089)
    預期: Sum=ffa6 (        -90)
    得到: Sum=1fffca (        -54)
[1550250000] PATTERN: *** 比對錯誤 *** (Test #2090)
    預期: Sum=ff2a (       -214)
    得到: Sum=1fff11 (       -239)
[1550340000] PATTERN: *** 比對錯誤 *** (Test #2091)
    預期: Sum=ffb9 (        -71)
    得到: Sum=1fffd2 (        -46)
[1550430000] PATTERN: *** 比對錯誤 *** (Test #2092)
    預期: Sum=ffd5 (        -43)
    得到: Sum=1fffce (        -50)
[1550520000] PATTERN: *** 比對錯誤 *** (Test #2093)
    預期: Sum=fe99 (       -359)
    得到: Sum=1ffefc (       -260)
[1550610000] PATTERN: *** 比對錯誤 *** (Test #2094)
    預期: Sum=ffc4 (        -60)
    得到: Sum=1fffe9 (        -23)
[1550700000] PATTERN: *** 比對錯誤 *** (Test #2095)
    預期: Sum=ff5a (       -166)
    得到: Sum=1fff83 (       -125)
[1550790000] PATTERN: *** 比對錯誤 *** (Test #2096)
    預期: Sum=000e (         14)
    得到: Sum=1ffffa (         -6)
[1550880000] PATTERN: *** 比對錯誤 *** (Test #2097)
    預期: Sum=fffa (         -6)
    得到: Sum=00000e (         14)
[1550970000] PATTERN: *** 比對錯誤 *** (Test #2098)
    預期: Sum=ffec (        -20)
    得到: Sum=1ffff3 (        -13)
*Verdi* : Flush all FSDB Files at 1,551,000,000 ps.
[1551060000] PATTERN: *** 比對錯誤 *** (Test #2099)
    預期: Sum=ffe6 (        -26)
    得到: Sum=1fffb1 (        -79)
[1551150000] PATTERN: *** 比對錯誤 *** (Test #2100)
    預期: Sum=0075 (        117)
    得到: Sum=000066 (        102)
[1551330000] PATTERN: *** 比對錯誤 *** (Test #2102)
    預期: Sum=0044 (         68)
    得到: Sum=000012 (         18)
[1551420000] PATTERN: *** 比對錯誤 *** (Test #2103)
    預期: Sum=0007 (          7)
    得到: Sum=000012 (         18)
[1551510000] PATTERN: *** 比對錯誤 *** (Test #2104)
    預期: Sum=fff4 (        -12)
    得到: Sum=000001 (          1)
[1551600000] PATTERN: *** 比對錯誤 *** (Test #2105)
    預期: Sum=fff7 (         -9)
    得到: Sum=000008 (          8)
[1551690000] PATTERN: *** 比對錯誤 *** (Test #2106)
    預期: Sum=fffe (         -2)
    得到: Sum=1ffffb (         -5)
[1551780000] PATTERN: *** 比對錯誤 *** (Test #2107)
    預期: Sum=0011 (         17)
    得到: Sum=1fff92 (       -110)
[1551870000] PATTERN: *** 比對錯誤 *** (Test #2108)
    預期: Sum=0061 (         97)
    得到: Sum=000046 (         70)
[1551960000] PATTERN: *** 比對錯誤 *** (Test #2109)
    預期: Sum=fece (       -306)
    得到: Sum=1ffec5 (       -315)
*Verdi* : Flush all FSDB Files at 1,552,000,000 ps.
[1552050000] PATTERN: *** 比對錯誤 *** (Test #2110)
    預期: Sum=ffde (        -34)
    得到: Sum=1fffc2 (        -62)
[1552140000] PATTERN: *** 比對錯誤 *** (Test #2111)
    預期: Sum=ffe5 (        -27)
    得到: Sum=1fffe4 (        -28)
[1552230000] PATTERN: *** 比對錯誤 *** (Test #2112)
    預期: Sum=00c9 (        201)
    得到: Sum=00000a (         10)
[1552410000] PATTERN: *** 比對錯誤 *** (Test #2114)
    預期: Sum=fff8 (         -8)
    得到: Sum=1fffc2 (        -62)
[1552500000] PATTERN: *** 比對錯誤 *** (Test #2115)
    預期: Sum=ffbd (        -67)
    得到: Sum=1fffcb (        -53)
[1552590000] PATTERN: *** 比對錯誤 *** (Test #2116)
    預期: Sum=ffe9 (        -23)
    得到: Sum=1fffe5 (        -27)
[1552680000] PATTERN: *** 比對錯誤 *** (Test #2117)
    預期: Sum=fff3 (        -13)
    得到: Sum=1ffff6 (        -10)
[1552770000] PATTERN: *** 比對錯誤 *** (Test #2118)
    預期: Sum=fff6 (        -10)
    得到: Sum=1fffe5 (        -27)
[1552860000] PATTERN: *** 比對錯誤 *** (Test #2119)
    預期: Sum=fff1 (        -15)
    得到: Sum=1fffef (        -17)
[1552950000] PATTERN: *** 比對錯誤 *** (Test #2120)
    預期: Sum=ff43 (       -189)
    得到: Sum=1fff73 (       -141)
*Verdi* : Flush all FSDB Files at 1,553,000,000 ps.
[1553040000] PATTERN: *** 比對錯誤 *** (Test #2121)
    預期: Sum=003f (         63)
    得到: Sum=00002e (         46)
[1553130000] PATTERN: *** 比對錯誤 *** (Test #2122)
    預期: Sum=0009 (          9)
    得到: Sum=000006 (          6)
[1553220000] PATTERN: *** 比對錯誤 *** (Test #2123)
    預期: Sum=fed9 (       -295)
    得到: Sum=1ffef0 (       -272)
[1553310000] PATTERN: *** 比對錯誤 *** (Test #2124)
    預期: Sum=003a (         58)
    得到: Sum=000063 (         99)
[1553400000] PATTERN: *** 比對錯誤 *** (Test #2125)
    預期: Sum=005b (         91)
    得到: Sum=000003 (          3)
[1553490000] PATTERN: *** 比對錯誤 *** (Test #2126)
    預期: Sum=0076 (        118)
    得到: Sum=000010 (         16)
[1553580000] PATTERN: *** 比對錯誤 *** (Test #2127)
    預期: Sum=ff96 (       -106)
    得到: Sum=1fffcb (        -53)
[1553670000] PATTERN: *** 比對錯誤 *** (Test #2128)
    預期: Sum=ffed (        -19)
    得到: Sum=1fffe8 (        -24)
[1553760000] PATTERN: *** 比對錯誤 *** (Test #2129)
    預期: Sum=ffdf (        -33)
    得到: Sum=1fffc7 (        -57)
[1553850000] PATTERN: *** 比對錯誤 *** (Test #2130)
    預期: Sum=ff98 (       -104)
    得到: Sum=1fffa6 (        -90)
[1553940000] PATTERN: *** 比對錯誤 *** (Test #2131)
    預期: Sum=ffcd (        -51)
    得到: Sum=1fffe6 (        -26)
*Verdi* : Flush all FSDB Files at 1,554,000,000 ps.
[1554030000] PATTERN: *** 比對錯誤 *** (Test #2132)
    預期: Sum=ffe0 (        -32)
    得到: Sum=1ffffe (         -2)
[1554120000] PATTERN: *** 比對錯誤 *** (Test #2133)
    預期: Sum=002c (         44)
    得到: Sum=00001c (         28)
[1554210000] PATTERN: *** 比對錯誤 *** (Test #2134)
    預期: Sum=003a (         58)
    得到: Sum=000047 (         71)
[1554300000] PATTERN: *** 比對錯誤 *** (Test #2135)
    預期: Sum=ffb5 (        -75)
    得到: Sum=1fffef (        -17)
[1554390000] PATTERN: *** 比對錯誤 *** (Test #2136)
    預期: Sum=0067 (        103)
    得到: Sum=000078 (        120)
[1554480000] PATTERN: *** 比對錯誤 *** (Test #2137)
    預期: Sum=fff5 (        -11)
    得到: Sum=1fffe9 (        -23)
[1554570000] PATTERN: *** 比對錯誤 *** (Test #2138)
    預期: Sum=fee2 (       -286)
    得到: Sum=1ffeec (       -276)
[1554660000] PATTERN: *** 比對錯誤 *** (Test #2139)
    預期: Sum=ffce (        -50)
    得到: Sum=1fffd9 (        -39)
[1554750000] PATTERN: *** 比對錯誤 *** (Test #2140)
    預期: Sum=fffa (         -6)
    得到: Sum=000009 (          9)
[1554840000] PATTERN: *** 比對錯誤 *** (Test #2141)
    預期: Sum=ff25 (       -219)
    得到: Sum=1fff52 (       -174)
[1554930000] PATTERN: *** 比對錯誤 *** (Test #2142)
    預期: Sum=0035 (         53)
    得到: Sum=1fffdd (        -35)
*Verdi* : Flush all FSDB Files at 1,555,000,000 ps.
[1555020000] PATTERN: *** 比對錯誤 *** (Test #2143)
    預期: Sum=002a (         42)
    得到: Sum=00000f (         15)
[1555110000] PATTERN: *** 比對錯誤 *** (Test #2144)
    預期: Sum=ffe2 (        -30)
    得到: Sum=00000d (         13)
[1555200000] PATTERN: *** 比對錯誤 *** (Test #2145)
    預期: Sum=ff12 (       -238)
    得到: Sum=1fff07 (       -249)
[1555290000] PATTERN: *** 比對錯誤 *** (Test #2146)
    預期: Sum=fff8 (         -8)
    得到: Sum=1ffff5 (        -11)
[1555380000] PATTERN: *** 比對錯誤 *** (Test #2147)
    預期: Sum=0104 (        260)
    得到: Sum=0000c8 (        200)
[1555470000] PATTERN: *** 比對錯誤 *** (Test #2148)
    預期: Sum=0068 (        104)
    得到: Sum=00005f (         95)
[1555560000] PATTERN: *** 比對錯誤 *** (Test #2149)
    預期: Sum=0002 (          2)
    得到: Sum=000001 (          1)
[1555650000] PATTERN: *** 比對錯誤 *** (Test #2150)
    預期: Sum=00c0 (        192)
    得到: Sum=000080 (        128)
[1555740000] PATTERN: *** 比對錯誤 *** (Test #2151)
    預期: Sum=ffde (        -34)
    得到: Sum=1fffd2 (        -46)
[1555830000] PATTERN: *** 比對錯誤 *** (Test #2152)
    預期: Sum=0062 (         98)
    得到: Sum=000049 (         73)
[1555920000] PATTERN: *** 比對錯誤 *** (Test #2153)
    預期: Sum=ffc4 (        -60)
    得到: Sum=1fffc6 (        -58)
*Verdi* : Flush all FSDB Files at 1,556,000,000 ps.
[1556010000] PATTERN: *** 比對錯誤 *** (Test #2154)
    預期: Sum=ffca (        -54)
    得到: Sum=1fffad (        -83)
[1556100000] PATTERN: *** 比對錯誤 *** (Test #2155)
    預期: Sum=ff5e (       -162)
    得到: Sum=1fff81 (       -127)
[1556190000] PATTERN: *** 比對錯誤 *** (Test #2156)
    預期: Sum=fff1 (        -15)
    得到: Sum=1fffd2 (        -46)
[1556280000] PATTERN: *** 比對錯誤 *** (Test #2157)
    預期: Sum=ff2d (       -211)
    得到: Sum=1fff6e (       -146)
[1556370000] PATTERN: *** 比對錯誤 *** (Test #2158)
    預期: Sum=ff17 (       -233)
    得到: Sum=1fff2d (       -211)
[1556460000] PATTERN: *** 比對錯誤 *** (Test #2159)
    預期: Sum=00b0 (        176)
    得到: Sum=0000c7 (        199)
[1556550000] PATTERN: *** 比對錯誤 *** (Test #2160)
    預期: Sum=ffde (        -34)
    得到: Sum=000015 (         21)
[1556640000] PATTERN: *** 比對錯誤 *** (Test #2161)
    預期: Sum=0014 (         20)
    得到: Sum=1fffbe (        -66)
[1556730000] PATTERN: *** 比對錯誤 *** (Test #2162)
    預期: Sum=ffa3 (        -93)
    得到: Sum=1fff53 (       -173)
[1556820000] PATTERN: *** 比對錯誤 *** (Test #2163)
    預期: Sum=ff23 (       -221)
    得到: Sum=1fff41 (       -191)
[1556910000] PATTERN: *** 比對錯誤 *** (Test #2164)
    預期: Sum=fef4 (       -268)
    得到: Sum=1fff2b (       -213)
*Verdi* : Flush all FSDB Files at 1,557,000,000 ps.
[1557000000] PATTERN: *** 比對錯誤 *** (Test #2165)
    預期: Sum=ffec (        -20)
    得到: Sum=1fffda (        -38)
[1557090000] PATTERN: *** 比對錯誤 *** (Test #2166)
    預期: Sum=feff (       -257)
    得到: Sum=1ffef4 (       -268)
[1557180000] PATTERN: *** 比對錯誤 *** (Test #2167)
    預期: Sum=fff1 (        -15)
    得到: Sum=1fffd6 (        -42)
[1557270000] PATTERN: *** 比對錯誤 *** (Test #2168)
    預期: Sum=0088 (        136)
    得到: Sum=00009c (        156)
[1557360000] PATTERN: *** 比對錯誤 *** (Test #2169)
    預期: Sum=fffb (         -5)
    得到: Sum=000003 (          3)
[1557450000] PATTERN: *** 比對錯誤 *** (Test #2170)
    預期: Sum=0009 (          9)
    得到: Sum=00000e (         14)
[1557540000] PATTERN: *** 比對錯誤 *** (Test #2171)
    預期: Sum=0048 (         72)
    得到: Sum=000040 (         64)
[1557630000] PATTERN: *** 比對錯誤 *** (Test #2172)
    預期: Sum=fff6 (        -10)
    得到: Sum=1fffec (        -20)
[1557720000] PATTERN: *** 比對錯誤 *** (Test #2173)
    預期: Sum=ff3e (       -194)
    得到: Sum=1fff54 (       -172)
[1557810000] PATTERN: *** 比對錯誤 *** (Test #2174)
    預期: Sum=ffe6 (        -26)
    得到: Sum=1fffd5 (        -43)
[1557900000] PATTERN: *** 比對錯誤 *** (Test #2175)
    預期: Sum=ff18 (       -232)
    得到: Sum=1fff19 (       -231)
[1557990000] PATTERN: *** 比對錯誤 *** (Test #2176)
    預期: Sum=ff4a (       -182)
    得到: Sum=1fffa0 (        -96)
*Verdi* : Flush all FSDB Files at 1,558,000,000 ps.
[1558080000] PATTERN: *** 比對錯誤 *** (Test #2177)
    預期: Sum=ff47 (       -185)
    得到: Sum=1fff45 (       -187)
[1558170000] PATTERN: *** 比對錯誤 *** (Test #2178)
    預期: Sum=fff8 (         -8)
    得到: Sum=000004 (          4)
[1558260000] PATTERN: *** 比對錯誤 *** (Test #2179)
    預期: Sum=001d (         29)
    得到: Sum=000002 (          2)
[1558350000] PATTERN: *** 比對錯誤 *** (Test #2180)
    預期: Sum=ffe5 (        -27)
    得到: Sum=1fffed (        -19)
[1558440000] PATTERN: *** 比對錯誤 *** (Test #2181)
    預期: Sum=0004 (          4)
    得到: Sum=000001 (          1)
[1558530000] PATTERN: *** 比對錯誤 *** (Test #2182)
    預期: Sum=ff02 (       -254)
    得到: Sum=1fff03 (       -253)
[1558620000] PATTERN: *** 比對錯誤 *** (Test #2183)
    預期: Sum=fff9 (         -7)
    得到: Sum=000002 (          2)
[1558710000] PATTERN: *** 比對錯誤 *** (Test #2184)
    預期: Sum=feeb (       -277)
    得到: Sum=1ffee4 (       -284)
[1558800000] PATTERN: *** 比對錯誤 *** (Test #2185)
    預期: Sum=0060 (         96)
    得到: Sum=00004f (         79)
[1558890000] PATTERN: *** 比對錯誤 *** (Test #2186)
    預期: Sum=ff93 (       -109)
    得到: Sum=1fffdc (        -36)
[1558980000] PATTERN: *** 比對錯誤 *** (Test #2187)
    預期: Sum=ffc4 (        -60)
    得到: Sum=1fff9c (       -100)
*Verdi* : Flush all FSDB Files at 1,559,000,000 ps.
[1559070000] PATTERN: *** 比對錯誤 *** (Test #2188)
    預期: Sum=ffe6 (        -26)
    得到: Sum=1ffff5 (        -11)
[1559160000] PATTERN: *** 比對錯誤 *** (Test #2189)
    預期: Sum=ffea (        -22)
    得到: Sum=1ffff9 (         -7)
[1559250000] PATTERN: *** 比對錯誤 *** (Test #2190)
    預期: Sum=0009 (          9)
    得到: Sum=000008 (          8)
[1559340000] PATTERN: *** 比對錯誤 *** (Test #2191)
    預期: Sum=fff4 (        -12)
    得到: Sum=000003 (          3)
[1559430000] PATTERN: *** 比對錯誤 *** (Test #2192)
    預期: Sum=0025 (         37)
    得到: Sum=00004c (         76)
[1559520000] PATTERN: *** 比對錯誤 *** (Test #2193)
    預期: Sum=fdf0 (       -528)
    得到: Sum=1ffe20 (       -480)
[1559610000] PATTERN: *** 比對錯誤 *** (Test #2194)
    預期: Sum=ffba (        -70)
    得到: Sum=000017 (         23)
[1559700000] PATTERN: *** 比對錯誤 *** (Test #2195)
    預期: Sum=ffff (         -1)
    得到: Sum=1fffec (        -20)
[1559790000] PATTERN: *** 比對錯誤 *** (Test #2196)
    預期: Sum=fffe (         -2)
    得到: Sum=1ffffa (         -6)
[1559880000] PATTERN: *** 比對錯誤 *** (Test #2197)
    預期: Sum=003c (         60)
    得到: Sum=00002b (         43)
[1559970000] PATTERN: *** 比對錯誤 *** (Test #2198)
    預期: Sum=ffd6 (        -42)
    得到: Sum=1fffd4 (        -44)
*Verdi* : Flush all FSDB Files at 1,560,000,000 ps.
[1560060000] PATTERN: *** 比對錯誤 *** (Test #2199)
    預期: Sum=000a (         10)
    得到: Sum=00000c (         12)
[1560150000] PATTERN: *** 比對錯誤 *** (Test #2200)
    預期: Sum=ff9d (        -99)
    得到: Sum=1fffa3 (        -93)
[1560240000] PATTERN: *** 比對錯誤 *** (Test #2201)
    預期: Sum=ffdd (        -35)
    得到: Sum=1fffe3 (        -29)
[1560330000] PATTERN: *** 比對錯誤 *** (Test #2202)
    預期: Sum=ffed (        -19)
    得到: Sum=1fffc5 (        -59)
[1560420000] PATTERN: *** 比對錯誤 *** (Test #2203)
    預期: Sum=007e (        126)
    得到: Sum=000083 (        131)
[1560510000] PATTERN: *** 比對錯誤 *** (Test #2204)
    預期: Sum=feda (       -294)
    得到: Sum=1fff25 (       -219)
[1560600000] PATTERN: *** 比對錯誤 *** (Test #2205)
    預期: Sum=ffea (        -22)
    得到: Sum=1fffee (        -18)
[1560690000] PATTERN: *** 比對錯誤 *** (Test #2206)
    預期: Sum=0003 (          3)
    得到: Sum=000002 (          2)
[1560870000] PATTERN: *** 比對錯誤 *** (Test #2208)
    預期: Sum=ff5c (       -164)
    得到: Sum=1fff80 (       -128)
[1560960000] PATTERN: *** 比對錯誤 *** (Test #2209)
    預期: Sum=fef6 (       -266)
    得到: Sum=1ffeee (       -274)
*Verdi* : Flush all FSDB Files at 1,561,000,000 ps.
[1561050000] PATTERN: *** 比對錯誤 *** (Test #2210)
    預期: Sum=0000 (          0)
    得到: Sum=00000b (         11)
[1561140000] PATTERN: *** 比對錯誤 *** (Test #2211)
    預期: Sum=ffcc (        -52)
    得到: Sum=1fffcf (        -49)
[1561230000] PATTERN: *** 比對錯誤 *** (Test #2212)
    預期: Sum=fee5 (       -283)
    得到: Sum=1ffef2 (       -270)
[1561320000] PATTERN: *** 比對錯誤 *** (Test #2213)
    預期: Sum=ff15 (       -235)
    得到: Sum=1fff1f (       -225)
[1561500000] PATTERN: *** 比對錯誤 *** (Test #2215)
    預期: Sum=0008 (          8)
    得到: Sum=000001 (          1)
[1561590000] PATTERN: *** 比對錯誤 *** (Test #2216)
    預期: Sum=ff32 (       -206)
    得到: Sum=1fff15 (       -235)
[1561680000] PATTERN: *** 比對錯誤 *** (Test #2217)
    預期: Sum=fff1 (        -15)
    得到: Sum=00001c (         28)
[1561770000] PATTERN: *** 比對錯誤 *** (Test #2218)
    預期: Sum=ff2f (       -209)
    得到: Sum=1fff0c (       -244)
[1561860000] PATTERN: *** 比對錯誤 *** (Test #2219)
    預期: Sum=ffbe (        -66)
    得到: Sum=1fffe9 (        -23)
[1561950000] PATTERN: *** 比對錯誤 *** (Test #2220)
    預期: Sum=ffdf (        -33)
    得到: Sum=1fffeb (        -21)
*Verdi* : Flush all FSDB Files at 1,562,000,000 ps.
[1562040000] PATTERN: *** 比對錯誤 *** (Test #2221)
    預期: Sum=ffae (        -82)
    得到: Sum=1fffc2 (        -62)
[1562130000] PATTERN: *** 比對錯誤 *** (Test #2222)
    預期: Sum=0012 (         18)
    得到: Sum=000003 (          3)
[1562220000] PATTERN: *** 比對錯誤 *** (Test #2223)
    預期: Sum=ffd2 (        -46)
    得到: Sum=000018 (         24)
[1562310000] PATTERN: *** 比對錯誤 *** (Test #2224)
    預期: Sum=fec5 (       -315)
    得到: Sum=1ffec0 (       -320)
[1562400000] PATTERN: *** 比對錯誤 *** (Test #2225)
    預期: Sum=fed3 (       -301)
    得到: Sum=1ffef6 (       -266)
[1562490000] PATTERN: *** 比對錯誤 *** (Test #2226)
    預期: Sum=ffd1 (        -47)
    得到: Sum=1ffff2 (        -14)
[1562580000] PATTERN: *** 比對錯誤 *** (Test #2227)
    預期: Sum=fee2 (       -286)
    得到: Sum=1fff20 (       -224)
[1562670000] PATTERN: *** 比對錯誤 *** (Test #2228)
    預期: Sum=004f (         79)
    得到: Sum=000014 (         20)
[1562760000] PATTERN: *** 比對錯誤 *** (Test #2229)
    預期: Sum=ffd4 (        -44)
    得到: Sum=000000 (          0)
[1562850000] PATTERN: *** 比對錯誤 *** (Test #2230)
    預期: Sum=fffc (         -4)
    得到: Sum=000005 (          5)
[1562940000] PATTERN: *** 比對錯誤 *** (Test #2231)
    預期: Sum=fff5 (        -11)
    得到: Sum=00000a (         10)
*Verdi* : Flush all FSDB Files at 1,563,000,000 ps.
[1563030000] PATTERN: *** 比對錯誤 *** (Test #2232)
    預期: Sum=ff17 (       -233)
    得到: Sum=1fff35 (       -203)
[1563120000] PATTERN: *** 比對錯誤 *** (Test #2233)
    預期: Sum=ff2d (       -211)
    得到: Sum=1fff31 (       -207)
[1563210000] PATTERN: *** 比對錯誤 *** (Test #2234)
    預期: Sum=0064 (        100)
    得到: Sum=00004f (         79)
[1563300000] PATTERN: *** 比對錯誤 *** (Test #2235)
    預期: Sum=000f (         15)
    得到: Sum=00000e (         14)
[1563390000] PATTERN: *** 比對錯誤 *** (Test #2236)
    預期: Sum=ff7f (       -129)
    得到: Sum=1fff8d (       -115)
[1563480000] PATTERN: *** 比對錯誤 *** (Test #2237)
    預期: Sum=fee0 (       -288)
    得到: Sum=1ffedc (       -292)
[1563570000] PATTERN: *** 比對錯誤 *** (Test #2238)
    預期: Sum=0014 (         20)
    得到: Sum=000006 (          6)
[1563660000] PATTERN: *** 比對錯誤 *** (Test #2239)
    預期: Sum=0063 (         99)
    得到: Sum=00005e (         94)
[1563750000] PATTERN: *** 比對錯誤 *** (Test #2240)
    預期: Sum=007a (        122)
    得到: Sum=000092 (        146)
[1563840000] PATTERN: *** 比對錯誤 *** (Test #2241)
    預期: Sum=ffec (        -20)
    得到: Sum=1fffdc (        -36)
[1563930000] PATTERN: *** 比對錯誤 *** (Test #2242)
    預期: Sum=ff0d (       -243)
    得到: Sum=1ffefa (       -262)
*Verdi* : Flush all FSDB Files at 1,564,000,000 ps.
[1564020000] PATTERN: *** 比對錯誤 *** (Test #2243)
    預期: Sum=fff6 (        -10)
    得到: Sum=000001 (          1)
[1564110000] PATTERN: *** 比對錯誤 *** (Test #2244)
    預期: Sum=ffe9 (        -23)
    得到: Sum=1fffd8 (        -40)
[1564200000] PATTERN: *** 比對錯誤 *** (Test #2245)
    預期: Sum=ffea (        -22)
    得到: Sum=1ffff4 (        -12)
[1564290000] PATTERN: *** 比對錯誤 *** (Test #2246)
    預期: Sum=fec2 (       -318)
    得到: Sum=1ffede (       -290)
[1564380000] PATTERN: *** 比對錯誤 *** (Test #2247)
    預期: Sum=002c (         44)
    得到: Sum=000041 (         65)
[1564470000] PATTERN: *** 比對錯誤 *** (Test #2248)
    預期: Sum=0046 (         70)
    得到: Sum=000043 (         67)
[1564560000] PATTERN: *** 比對錯誤 *** (Test #2249)
    預期: Sum=ffff (         -1)
    得到: Sum=1fffdb (        -37)
[1564650000] PATTERN: *** 比對錯誤 *** (Test #2250)
    預期: Sum=0023 (         35)
    得到: Sum=000020 (         32)
[1564740000] PATTERN: *** 比對錯誤 *** (Test #2251)
    預期: Sum=ffdc (        -36)
    得到: Sum=1fffc3 (        -61)
[1564830000] PATTERN: *** 比對錯誤 *** (Test #2252)
    預期: Sum=ff73 (       -141)
    得到: Sum=1fffbd (        -67)
*Verdi* : Flush all FSDB Files at 1,565,000,000 ps.
[1565010000] PATTERN: *** 比對錯誤 *** (Test #2254)
    預期: Sum=ffda (        -38)
    得到: Sum=1fffb9 (        -71)
[1565100000] PATTERN: *** 比對錯誤 *** (Test #2255)
    預期: Sum=006a (        106)
    得到: Sum=000080 (        128)
[1565190000] PATTERN: *** 比對錯誤 *** (Test #2256)
    預期: Sum=0000 (          0)
    得到: Sum=00000a (         10)
[1565280000] PATTERN: *** 比對錯誤 *** (Test #2257)
    預期: Sum=003c (         60)
    得到: Sum=000069 (        105)
[1565370000] PATTERN: *** 比對錯誤 *** (Test #2258)
    預期: Sum=ffc6 (        -58)
    得到: Sum=1ffff5 (        -11)
[1565460000] PATTERN: *** 比對錯誤 *** (Test #2259)
    預期: Sum=0065 (        101)
    得到: Sum=000071 (        113)
[1565550000] PATTERN: *** 比對錯誤 *** (Test #2260)
    預期: Sum=ff71 (       -143)
    得到: Sum=1fff63 (       -157)
[1565640000] PATTERN: *** 比對錯誤 *** (Test #2261)
    預期: Sum=002a (         42)
    得到: Sum=00000b (         11)
[1565730000] PATTERN: *** 比對錯誤 *** (Test #2262)
    預期: Sum=ffe1 (        -31)
    得到: Sum=1fffa7 (        -89)
[1565820000] PATTERN: *** 比對錯誤 *** (Test #2263)
    預期: Sum=005b (         91)
    得到: Sum=000066 (        102)
[1565910000] PATTERN: *** 比對錯誤 *** (Test #2264)
    預期: Sum=ff13 (       -237)
    得到: Sum=1ffef3 (       -269)
*Verdi* : Flush all FSDB Files at 1,566,000,000 ps.
[1566000000] PATTERN: *** 比對錯誤 *** (Test #2265)
    預期: Sum=fff4 (        -12)
    得到: Sum=000001 (          1)
[1566090000] PATTERN: *** 比對錯誤 *** (Test #2266)
    預期: Sum=fefd (       -259)
    得到: Sum=1fff11 (       -239)
[1566180000] PATTERN: *** 比對錯誤 *** (Test #2267)
    預期: Sum=ff6e (       -146)
    得到: Sum=1fff1c (       -228)
[1566270000] PATTERN: *** 比對錯誤 *** (Test #2268)
    預期: Sum=feff (       -257)
    得到: Sum=1ffefd (       -259)
[1566360000] PATTERN: *** 比對錯誤 *** (Test #2269)
    預期: Sum=ffde (        -34)
    得到: Sum=1fffc7 (        -57)
[1566450000] PATTERN: *** 比對錯誤 *** (Test #2270)
    預期: Sum=ff84 (       -124)
    得到: Sum=1fff99 (       -103)
[1566540000] PATTERN: *** 比對錯誤 *** (Test #2271)
    預期: Sum=0009 (          9)
    得到: Sum=1fffef (        -17)
[1566630000] PATTERN: *** 比對錯誤 *** (Test #2272)
    預期: Sum=ffcc (        -52)
    得到: Sum=1ffff0 (        -16)
[1566720000] PATTERN: *** 比對錯誤 *** (Test #2273)
    預期: Sum=0029 (         41)
    得到: Sum=000013 (         19)
[1566810000] PATTERN: *** 比對錯誤 *** (Test #2274)
    預期: Sum=ff25 (       -219)
    得到: Sum=1fff33 (       -205)
[1566900000] PATTERN: *** 比對錯誤 *** (Test #2275)
    預期: Sum=ffed (        -19)
    得到: Sum=1fffec (        -20)
[1566990000] PATTERN: *** 比對錯誤 *** (Test #2276)
    預期: Sum=fef5 (       -267)
    得到: Sum=1fff21 (       -223)
*Verdi* : Flush all FSDB Files at 1,567,000,000 ps.
[1567080000] PATTERN: *** 比對錯誤 *** (Test #2277)
    預期: Sum=fedd (       -291)
    得到: Sum=1ffeea (       -278)
[1567170000] PATTERN: *** 比對錯誤 *** (Test #2278)
    預期: Sum=00a0 (        160)
    得到: Sum=000108 (        264)
[1567260000] PATTERN: *** 比對錯誤 *** (Test #2279)
    預期: Sum=fed8 (       -296)
    得到: Sum=1ffefe (       -258)
[1567350000] PATTERN: *** 比對錯誤 *** (Test #2280)
    預期: Sum=ffd8 (        -40)
    得到: Sum=1ffff1 (        -15)
[1567440000] PATTERN: *** 比對錯誤 *** (Test #2281)
    預期: Sum=0019 (         25)
    得到: Sum=1ffff3 (        -13)
[1567530000] PATTERN: *** 比對錯誤 *** (Test #2282)
    預期: Sum=feed (       -275)
    得到: Sum=1ffeae (       -338)
[1567620000] PATTERN: *** 比對錯誤 *** (Test #2283)
    預期: Sum=ffcb (        -53)
    得到: Sum=1ffff4 (        -12)
[1567710000] PATTERN: *** 比對錯誤 *** (Test #2284)
    預期: Sum=ffea (        -22)
    得到: Sum=1ffff2 (        -14)
[1567800000] PATTERN: *** 比對錯誤 *** (Test #2285)
    預期: Sum=fffc (         -4)
    得到: Sum=000014 (         20)
[1567890000] PATTERN: *** 比對錯誤 *** (Test #2286)
    預期: Sum=ff2d (       -211)
    得到: Sum=1fff97 (       -105)
[1567980000] PATTERN: *** 比對錯誤 *** (Test #2287)
    預期: Sum=ff04 (       -252)
    得到: Sum=1fff1f (       -225)
*Verdi* : Flush all FSDB Files at 1,568,000,000 ps.
[1568070000] PATTERN: *** 比對錯誤 *** (Test #2288)
    預期: Sum=fec5 (       -315)
    得到: Sum=1ffedf (       -289)
[1568160000] PATTERN: *** 比對錯誤 *** (Test #2289)
    預期: Sum=ffed (        -19)
    得到: Sum=1fffdd (        -35)
[1568250000] PATTERN: *** 比對錯誤 *** (Test #2290)
    預期: Sum=ff99 (       -103)
    得到: Sum=1fffbf (        -65)
[1568340000] PATTERN: *** 比對錯誤 *** (Test #2291)
    預期: Sum=ff39 (       -199)
    得到: Sum=1fff31 (       -207)
[1568430000] PATTERN: *** 比對錯誤 *** (Test #2292)
    預期: Sum=ffc0 (        -64)
    得到: Sum=1fffdb (        -37)
[1568520000] PATTERN: *** 比對錯誤 *** (Test #2293)
    預期: Sum=0052 (         82)
    得到: Sum=000032 (         50)
[1568610000] PATTERN: *** 比對錯誤 *** (Test #2294)
    預期: Sum=ff09 (       -247)
    得到: Sum=1ffef8 (       -264)
[1568700000] PATTERN: *** 比對錯誤 *** (Test #2295)
    預期: Sum=ffe8 (        -24)
    得到: Sum=1fffee (        -18)
[1568790000] PATTERN: *** 比對錯誤 *** (Test #2296)
    預期: Sum=fff5 (        -11)
    得到: Sum=000006 (          6)
[1568880000] PATTERN: *** 比對錯誤 *** (Test #2297)
    預期: Sum=0031 (         49)
    得到: Sum=000014 (         20)
[1568970000] PATTERN: *** 比對錯誤 *** (Test #2298)
    預期: Sum=ffee (        -18)
    得到: Sum=1fffe1 (        -31)
*Verdi* : Flush all FSDB Files at 1,569,000,000 ps.
[1569060000] PATTERN: *** 比對錯誤 *** (Test #2299)
    預期: Sum=ffe7 (        -25)
    得到: Sum=1fffde (        -34)
[1569150000] PATTERN: *** 比對錯誤 *** (Test #2300)
    預期: Sum=ffe4 (        -28)
    得到: Sum=1fffb8 (        -72)
[1569240000] PATTERN: *** 比對錯誤 *** (Test #2301)
    預期: Sum=004e (         78)
    得到: Sum=000097 (        151)
[1569330000] PATTERN: *** 比對錯誤 *** (Test #2302)
    預期: Sum=fee7 (       -281)
    得到: Sum=1ffef9 (       -263)
[1569420000] PATTERN: *** 比對錯誤 *** (Test #2303)
    預期: Sum=ffe2 (        -30)
    得到: Sum=1fffed (        -19)
[1569510000] PATTERN: *** 比對錯誤 *** (Test #2304)
    預期: Sum=ff5c (       -164)
    得到: Sum=1fff2d (       -211)
[1569600000] PATTERN: *** 比對錯誤 *** (Test #2305)
    預期: Sum=ffe1 (        -31)
    得到: Sum=000006 (          6)
[1569690000] PATTERN: *** 比對錯誤 *** (Test #2306)
    預期: Sum=ffe1 (        -31)
    得到: Sum=1fffd8 (        -40)
[1569780000] PATTERN: *** 比對錯誤 *** (Test #2307)
    預期: Sum=ffc8 (        -56)
    得到: Sum=1fffe5 (        -27)
[1569870000] PATTERN: *** 比對錯誤 *** (Test #2308)
    預期: Sum=fff2 (        -14)
    得到: Sum=1ffffc (         -4)
[1569960000] PATTERN: *** 比對錯誤 *** (Test #2309)
    預期: Sum=0009 (          9)
    得到: Sum=00001a (         26)
*Verdi* : Flush all FSDB Files at 1,570,000,000 ps.
[1570050000] PATTERN: *** 比對錯誤 *** (Test #2310)
    預期: Sum=ffb6 (        -74)
    得到: Sum=1fffae (        -82)
[1570140000] PATTERN: *** 比對錯誤 *** (Test #2311)
    預期: Sum=ff1d (       -227)
    得到: Sum=1ffef9 (       -263)
[1570230000] PATTERN: *** 比對錯誤 *** (Test #2312)
    預期: Sum=007b (        123)
    得到: Sum=00007e (        126)
[1570320000] PATTERN: *** 比對錯誤 *** (Test #2313)
    預期: Sum=ffeb (        -21)
    得到: Sum=00003f (         63)
[1570410000] PATTERN: *** 比對錯誤 *** (Test #2314)
    預期: Sum=ffbd (        -67)
    得到: Sum=1fffb3 (        -77)
[1570500000] PATTERN: *** 比對錯誤 *** (Test #2315)
    預期: Sum=0005 (          5)
    得到: Sum=000004 (          4)
[1570590000] PATTERN: *** 比對錯誤 *** (Test #2316)
    預期: Sum=0082 (        130)
    得到: Sum=000064 (        100)
[1570680000] PATTERN: *** 比對錯誤 *** (Test #2317)
    預期: Sum=ff93 (       -109)
    得到: Sum=1fff9b (       -101)
[1570770000] PATTERN: *** 比對錯誤 *** (Test #2318)
    預期: Sum=ff06 (       -250)
    得到: Sum=1ffeef (       -273)
[1570860000] PATTERN: *** 比對錯誤 *** (Test #2319)
    預期: Sum=0007 (          7)
    得到: Sum=1ffffe (         -2)
[1570950000] PATTERN: *** 比對錯誤 *** (Test #2320)
    預期: Sum=0023 (         35)
    得到: Sum=1fffe9 (        -23)
*Verdi* : Flush all FSDB Files at 1,571,000,000 ps.
[1571040000] PATTERN: *** 比對錯誤 *** (Test #2321)
    預期: Sum=001e (         30)
    得到: Sum=000008 (          8)
[1571130000] PATTERN: *** 比對錯誤 *** (Test #2322)
    預期: Sum=ffb1 (        -79)
    得到: Sum=1fffe1 (        -31)
[1571220000] PATTERN: *** 比對錯誤 *** (Test #2323)
    預期: Sum=0005 (          5)
    得到: Sum=000007 (          7)
[1571310000] PATTERN: *** 比對錯誤 *** (Test #2324)
    預期: Sum=fff1 (        -15)
    得到: Sum=1ffff0 (        -16)
[1571400000] PATTERN: *** 比對錯誤 *** (Test #2325)
    預期: Sum=ffe7 (        -25)
    得到: Sum=1fffef (        -17)
[1571490000] PATTERN: *** 比對錯誤 *** (Test #2326)
    預期: Sum=ffb8 (        -72)
    得到: Sum=1fffa4 (        -92)
[1571580000] PATTERN: *** 比對錯誤 *** (Test #2327)
    預期: Sum=ff00 (       -256)
    得到: Sum=1fff15 (       -235)
[1571670000] PATTERN: *** 比對錯誤 *** (Test #2328)
    預期: Sum=001c (         28)
    得到: Sum=00004a (         74)
[1571760000] PATTERN: *** 比對錯誤 *** (Test #2329)
    預期: Sum=fff4 (        -12)
    得到: Sum=00000f (         15)
[1571850000] PATTERN: *** 比對錯誤 *** (Test #2330)
    預期: Sum=fffe (         -2)
    得到: Sum=000000 (          0)
[1571940000] PATTERN: *** 比對錯誤 *** (Test #2331)
    預期: Sum=000d (         13)
    得到: Sum=1fffc4 (        -60)
*Verdi* : Flush all FSDB Files at 1,572,000,000 ps.
[1572030000] PATTERN: *** 比對錯誤 *** (Test #2332)
    預期: Sum=ff09 (       -247)
    得到: Sum=1ffea7 (       -345)
[1572120000] PATTERN: *** 比對錯誤 *** (Test #2333)
    預期: Sum=fffe (         -2)
    得到: Sum=1fffff (         -1)
[1572210000] PATTERN: *** 比對錯誤 *** (Test #2334)
    預期: Sum=0000 (          0)
    得到: Sum=1ffff8 (         -8)
[1572300000] PATTERN: *** 比對錯誤 *** (Test #2335)
    預期: Sum=0045 (         69)
    得到: Sum=00001a (         26)
[1572390000] PATTERN: *** 比對錯誤 *** (Test #2336)
    預期: Sum=0044 (         68)
    得到: Sum=00003b (         59)
[1572480000] PATTERN: *** 比對錯誤 *** (Test #2337)
    預期: Sum=fff2 (        -14)
    得到: Sum=000004 (          4)
[1572570000] PATTERN: *** 比對錯誤 *** (Test #2338)
    預期: Sum=003a (         58)
    得到: Sum=000034 (         52)
[1572660000] PATTERN: *** 比對錯誤 *** (Test #2339)
    預期: Sum=ff14 (       -236)
    得到: Sum=1ffeef (       -273)
[1572750000] PATTERN: *** 比對錯誤 *** (Test #2340)
    預期: Sum=000c (         12)
    得到: Sum=000010 (         16)
[1572840000] PATTERN: *** 比對錯誤 *** (Test #2341)
    預期: Sum=ffbb (        -69)
    得到: Sum=1fffc8 (        -56)
[1572930000] PATTERN: *** 比對錯誤 *** (Test #2342)
    預期: Sum=000a (         10)
    得到: Sum=00001b (         27)
*Verdi* : Flush all FSDB Files at 1,573,000,000 ps.
[1573020000] PATTERN: *** 比對錯誤 *** (Test #2343)
    預期: Sum=0000 (          0)
    得到: Sum=000008 (          8)
[1573110000] PATTERN: *** 比對錯誤 *** (Test #2344)
    預期: Sum=ff92 (       -110)
    得到: Sum=1fffc9 (        -55)
[1573200000] PATTERN: *** 比對錯誤 *** (Test #2345)
    預期: Sum=ffb5 (        -75)
    得到: Sum=1fffca (        -54)
[1573290000] PATTERN: *** 比對錯誤 *** (Test #2346)
    預期: Sum=ff24 (       -220)
    得到: Sum=1fff12 (       -238)
[1573380000] PATTERN: *** 比對錯誤 *** (Test #2347)
    預期: Sum=ffbf (        -65)
    得到: Sum=1fffcf (        -49)
[1573470000] PATTERN: *** 比對錯誤 *** (Test #2348)
    預期: Sum=ffc7 (        -57)
    得到: Sum=1fffce (        -50)
[1573560000] PATTERN: *** 比對錯誤 *** (Test #2349)
    預期: Sum=febf (       -321)
    得到: Sum=1ffefc (       -260)
[1573650000] PATTERN: *** 比對錯誤 *** (Test #2350)
    預期: Sum=ffc0 (        -64)
    得到: Sum=1fffe9 (        -23)
[1573740000] PATTERN: *** 比對錯誤 *** (Test #2351)
    預期: Sum=ff5c (       -164)
    得到: Sum=1fff85 (       -123)
[1573830000] PATTERN: *** 比對錯誤 *** (Test #2352)
    預期: Sum=0006 (          6)
    得到: Sum=1ffffb (         -5)
[1573920000] PATTERN: *** 比對錯誤 *** (Test #2353)
    預期: Sum=001d (         29)
    得到: Sum=00000f (         15)
*Verdi* : Flush all FSDB Files at 1,574,000,000 ps.
[1574010000] PATTERN: *** 比對錯誤 *** (Test #2354)
    預期: Sum=0000 (          0)
    得到: Sum=1ffffa (         -6)
[1574100000] PATTERN: *** 比對錯誤 *** (Test #2355)
    預期: Sum=ffc4 (        -60)
    得到: Sum=1fffb0 (        -80)
[1574190000] PATTERN: *** 比對錯誤 *** (Test #2356)
    預期: Sum=0085 (        133)
    得到: Sum=000066 (        102)
[1574280000] PATTERN: *** 比對錯誤 *** (Test #2357)
    預期: Sum=fefd (       -259)
    得到: Sum=1ffefb (       -261)
[1574370000] PATTERN: *** 比對錯誤 *** (Test #2358)
    預期: Sum=0034 (         52)
    得到: Sum=000011 (         17)
[1574460000] PATTERN: *** 比對錯誤 *** (Test #2359)
    預期: Sum=002d (         45)
    得到: Sum=000013 (         19)
[1574550000] PATTERN: *** 比對錯誤 *** (Test #2360)
    預期: Sum=ffea (        -22)
    得到: Sum=000001 (          1)
[1574640000] PATTERN: *** 比對錯誤 *** (Test #2361)
    預期: Sum=fffb (         -5)
    得到: Sum=000008 (          8)
[1574730000] PATTERN: *** 比對錯誤 *** (Test #2362)
    預期: Sum=fff8 (         -8)
    得到: Sum=1ffffd (         -3)
[1574820000] PATTERN: *** 比對錯誤 *** (Test #2363)
    預期: Sum=ffd9 (        -39)
    得到: Sum=1fff97 (       -105)
[1574910000] PATTERN: *** 比對錯誤 *** (Test #2364)
    預期: Sum=0074 (        116)
    得到: Sum=000045 (         69)
*Verdi* : Flush all FSDB Files at 1,575,000,000 ps.
[1575000000] PATTERN: *** 比對錯誤 *** (Test #2365)
    預期: Sum=feca (       -310)
    得到: Sum=1ffec4 (       -316)
[1575090000] PATTERN: *** 比對錯誤 *** (Test #2366)
    預期: Sum=ffd8 (        -40)
    得到: Sum=1fffba (        -70)
[1575180000] PATTERN: *** 比對錯誤 *** (Test #2367)
    預期: Sum=fffc (         -4)
    得到: Sum=1fffe4 (        -28)
[1575270000] PATTERN: *** 比對錯誤 *** (Test #2368)
    預期: Sum=00e7 (        231)
    得到: Sum=000009 (          9)
[1575360000] PATTERN: *** 比對錯誤 *** (Test #2369)
    預期: Sum=fffd (         -3)
    得到: Sum=000003 (          3)
[1575450000] PATTERN: *** 比對錯誤 *** (Test #2370)
    預期: Sum=ffef (        -17)
    得到: Sum=1fffc2 (        -62)
[1575540000] PATTERN: *** 比對錯誤 *** (Test #2371)
    預期: Sum=ffd5 (        -43)
    得到: Sum=1fffcb (        -53)
[1575630000] PATTERN: *** 比對錯誤 *** (Test #2372)
    預期: Sum=fff5 (        -11)
    得到: Sum=1fffe3 (        -29)
[1575720000] PATTERN: *** 比對錯誤 *** (Test #2373)
    預期: Sum=ffea (        -22)
    得到: Sum=1ffff6 (        -10)
[1575810000] PATTERN: *** 比對錯誤 *** (Test #2374)
    預期: Sum=fff9 (         -7)
    得到: Sum=1fffe4 (        -28)
[1575900000] PATTERN: *** 比對錯誤 *** (Test #2375)
    預期: Sum=ffe5 (        -27)
    得到: Sum=1fffef (        -17)
[1575990000] PATTERN: *** 比對錯誤 *** (Test #2376)
    預期: Sum=ff48 (       -184)
    得到: Sum=1fff72 (       -142)
*Verdi* : Flush all FSDB Files at 1,576,000,000 ps.
[1576080000] PATTERN: *** 比對錯誤 *** (Test #2377)
    預期: Sum=0043 (         67)
    得到: Sum=00002e (         46)
[1576170000] PATTERN: *** 比對錯誤 *** (Test #2378)
    預期: Sum=0001 (          1)
    得到: Sum=000004 (          4)
[1576260000] PATTERN: *** 比對錯誤 *** (Test #2379)
    預期: Sum=fee0 (       -288)
    得到: Sum=1ffef0 (       -272)
[1576350000] PATTERN: *** 比對錯誤 *** (Test #2380)
    預期: Sum=0067 (        103)
    得到: Sum=000062 (         98)
[1576440000] PATTERN: *** 比對錯誤 *** (Test #2381)
    預期: Sum=005c (         92)
    得到: Sum=000004 (          4)
[1576530000] PATTERN: *** 比對錯誤 *** (Test #2382)
    預期: Sum=0064 (        100)
    得到: Sum=000010 (         16)
[1576620000] PATTERN: *** 比對錯誤 *** (Test #2383)
    預期: Sum=ffaa (        -86)
    得到: Sum=1fffc9 (        -55)
[1576710000] PATTERN: *** 比對錯誤 *** (Test #2384)
    預期: Sum=ffe9 (        -23)
    得到: Sum=1fffeb (        -21)
[1576800000] PATTERN: *** 比對錯誤 *** (Test #2385)
    預期: Sum=ffdc (        -36)
    得到: Sum=1fffc9 (        -55)
[1576890000] PATTERN: *** 比對錯誤 *** (Test #2386)
    預期: Sum=ffae (        -82)
    得到: Sum=1fffa5 (        -91)
*Verdi* : Flush all FSDB Files at 1,577,000,000 ps.
[1577070000] PATTERN: *** 比對錯誤 *** (Test #2388)
    預期: Sum=ffe4 (        -28)
    得到: Sum=1fffff (         -1)
[1577160000] PATTERN: *** 比對錯誤 *** (Test #2389)
    預期: Sum=0028 (         40)
    得到: Sum=00001c (         28)
[1577250000] PATTERN: *** 比對錯誤 *** (Test #2390)
    預期: Sum=003a (         58)
    得到: Sum=000047 (         71)
[1577340000] PATTERN: *** 比對錯誤 *** (Test #2391)
    預期: Sum=ffa6 (        -90)
    得到: Sum=1fffe6 (        -26)
[1577430000] PATTERN: *** 比對錯誤 *** (Test #2392)
    預期: Sum=0073 (        115)
    得到: Sum=000077 (        119)
[1577520000] PATTERN: *** 比對錯誤 *** (Test #2393)
    預期: Sum=fff0 (        -16)
    得到: Sum=1fffe8 (        -24)
[1577700000] PATTERN: *** 比對錯誤 *** (Test #2395)
    預期: Sum=ffb9 (        -71)
    得到: Sum=1fffd4 (        -44)
[1577790000] PATTERN: *** 比對錯誤 *** (Test #2396)
    預期: Sum=fff8 (         -8)
    得到: Sum=000009 (          9)
[1577880000] PATTERN: *** 比對錯誤 *** (Test #2397)
    預期: Sum=ff25 (       -219)
    得到: Sum=1fff50 (       -176)
[1577970000] PATTERN: *** 比對錯誤 *** (Test #2398)
    預期: Sum=fffc (         -4)
    得到: Sum=1fffe0 (        -32)
*Verdi* : Flush all FSDB Files at 1,578,000,000 ps.
[1578060000] PATTERN: *** 比對錯誤 *** (Test #2399)
    預期: Sum=0030 (         48)
    得到: Sum=000010 (         16)
[1578150000] PATTERN: *** 比對錯誤 *** (Test #2400)
    預期: Sum=ffee (        -18)
    得到: Sum=00000e (         14)
[1578240000] PATTERN: *** 比對錯誤 *** (Test #2401)
    預期: Sum=ff0d (       -243)
    得到: Sum=1fff0b (       -245)
[1578330000] PATTERN: *** 比對錯誤 *** (Test #2402)
    預期: Sum=fffb (         -5)
    得到: Sum=1ffff5 (        -11)
[1578420000] PATTERN: *** 比對錯誤 *** (Test #2403)
    預期: Sum=0104 (        260)
    得到: Sum=0000c6 (        198)
[1578510000] PATTERN: *** 比對錯誤 *** (Test #2404)
    預期: Sum=005f (         95)
    得到: Sum=00005e (         94)
[1578600000] PATTERN: *** 比對錯誤 *** (Test #2405)
    預期: Sum=000a (         10)
    得到: Sum=000006 (          6)
[1578690000] PATTERN: *** 比對錯誤 *** (Test #2406)
    預期: Sum=00b8 (        184)
    得到: Sum=000084 (        132)
[1578780000] PATTERN: *** 比對錯誤 *** (Test #2407)
    預期: Sum=ffec (        -20)
    得到: Sum=1fffdd (        -35)
[1578870000] PATTERN: *** 比對錯誤 *** (Test #2408)
    預期: Sum=006c (        108)
    得到: Sum=00004b (         75)
[1578960000] PATTERN: *** 比對錯誤 *** (Test #2409)
    預期: Sum=ffd7 (        -41)
    得到: Sum=1fffd3 (        -45)
*Verdi* : Flush all FSDB Files at 1,579,000,000 ps.
[1579050000] PATTERN: *** 比對錯誤 *** (Test #2410)
    預期: Sum=ffdb (        -37)
    得到: Sum=1fffb4 (        -76)
[1579140000] PATTERN: *** 比對錯誤 *** (Test #2411)
    預期: Sum=ff5f (       -161)
    得到: Sum=1fff81 (       -127)
[1579230000] PATTERN: *** 比對錯誤 *** (Test #2412)
    預期: Sum=fff5 (        -11)
    得到: Sum=1fffd1 (        -47)
[1579320000] PATTERN: *** 比對錯誤 *** (Test #2413)
    預期: Sum=ff48 (       -184)
    得到: Sum=1fff6f (       -145)
[1579410000] PATTERN: *** 比對錯誤 *** (Test #2414)
    預期: Sum=fefd (       -259)
    得到: Sum=1fff2d (       -211)
[1579500000] PATTERN: *** 比對錯誤 *** (Test #2415)
    預期: Sum=00b9 (        185)
    得到: Sum=0000c0 (        192)
[1579590000] PATTERN: *** 比對錯誤 *** (Test #2416)
    預期: Sum=fff9 (         -7)
    得到: Sum=000015 (         21)
[1579680000] PATTERN: *** 比對錯誤 *** (Test #2417)
    預期: Sum=fffd (         -3)
    得到: Sum=1fffc4 (        -60)
[1579770000] PATTERN: *** 比對錯誤 *** (Test #2418)
    預期: Sum=ff77 (       -137)
    得到: Sum=1fff52 (       -174)
[1579860000] PATTERN: *** 比對錯誤 *** (Test #2419)
    預期: Sum=ff2b (       -213)
    得到: Sum=1fff41 (       -191)
[1579950000] PATTERN: *** 比對錯誤 *** (Test #2420)
    預期: Sum=fef7 (       -265)
    得到: Sum=1fff29 (       -215)
*Verdi* : Flush all FSDB Files at 1,580,000,000 ps.
[1580040000] PATTERN: *** 比對錯誤 *** (Test #2421)
    預期: Sum=0003 (          3)
    得到: Sum=1fffd9 (        -39)
[1580130000] PATTERN: *** 比對錯誤 *** (Test #2422)
    預期: Sum=ff0d (       -243)
    得到: Sum=1ffef4 (       -268)
[1580220000] PATTERN: *** 比對錯誤 *** (Test #2423)
    預期: Sum=ffeb (        -21)
    得到: Sum=1fffd3 (        -45)
[1580310000] PATTERN: *** 比對錯誤 *** (Test #2424)
    預期: Sum=008a (        138)
    得到: Sum=00009c (        156)
[1580400000] PATTERN: *** 比對錯誤 *** (Test #2425)
    預期: Sum=fff8 (         -8)
    得到: Sum=1fffff (         -1)
[1580490000] PATTERN: *** 比對錯誤 *** (Test #2426)
    預期: Sum=0004 (          4)
    得到: Sum=00000e (         14)
[1580580000] PATTERN: *** 比對錯誤 *** (Test #2427)
    預期: Sum=0048 (         72)
    得到: Sum=000040 (         64)
[1580670000] PATTERN: *** 比對錯誤 *** (Test #2428)
    預期: Sum=0004 (          4)
    得到: Sum=1ffff1 (        -15)
[1580760000] PATTERN: *** 比對錯誤 *** (Test #2429)
    預期: Sum=ff3b (       -197)
    得到: Sum=1fff56 (       -170)
[1580850000] PATTERN: *** 比對錯誤 *** (Test #2430)
    預期: Sum=fff0 (        -16)
    得到: Sum=1fffd6 (        -42)
[1580940000] PATTERN: *** 比對錯誤 *** (Test #2431)
    預期: Sum=fed4 (       -300)
    得到: Sum=1fff19 (       -231)
*Verdi* : Flush all FSDB Files at 1,581,000,000 ps.
[1581030000] PATTERN: *** 比對錯誤 *** (Test #2432)
    預期: Sum=ff4f (       -177)
    得到: Sum=1fffa4 (        -92)
[1581120000] PATTERN: *** 比對錯誤 *** (Test #2433)
    預期: Sum=ff73 (       -141)
    得到: Sum=1fff45 (       -187)
[1581210000] PATTERN: *** 比對錯誤 *** (Test #2434)
    預期: Sum=fff9 (         -7)
    得到: Sum=000005 (          5)
[1581300000] PATTERN: *** 比對錯誤 *** (Test #2435)
    預期: Sum=0026 (         38)
    得到: Sum=000002 (          2)
[1581480000] PATTERN: *** 比對錯誤 *** (Test #2437)
    預期: Sum=0010 (         16)
    得到: Sum=000001 (          1)
[1581570000] PATTERN: *** 比對錯誤 *** (Test #2438)
    預期: Sum=ff06 (       -250)
    得到: Sum=1fff03 (       -253)
[1581660000] PATTERN: *** 比對錯誤 *** (Test #2439)
    預期: Sum=ffae (        -82)
    得到: Sum=000002 (          2)
[1581750000] PATTERN: *** 比對錯誤 *** (Test #2440)
    預期: Sum=fed0 (       -304)
    得到: Sum=1ffee4 (       -284)
[1581840000] PATTERN: *** 比對錯誤 *** (Test #2441)
    預期: Sum=0020 (         32)
    得到: Sum=00000f (         15)
[1581930000] PATTERN: *** 比對錯誤 *** (Test #2442)
    預期: Sum=ff93 (       -109)
    得到: Sum=1fffdc (        -36)
*Verdi* : Flush all FSDB Files at 1,582,000,000 ps.
[1582020000] PATTERN: *** 比對錯誤 *** (Test #2443)
    預期: Sum=ffdf (        -33)
    得到: Sum=1fff9c (       -100)
[1582110000] PATTERN: *** 比對錯誤 *** (Test #2444)
    預期: Sum=ffea (        -22)
    得到: Sum=1ffff5 (        -11)
[1582200000] PATTERN: *** 比對錯誤 *** (Test #2445)
    預期: Sum=ffed (        -19)
    得到: Sum=1ffff9 (         -7)
[1582290000] PATTERN: *** 比對錯誤 *** (Test #2446)
    預期: Sum=000f (         15)
    得到: Sum=000008 (          8)
[1582380000] PATTERN: *** 比對錯誤 *** (Test #2447)
    預期: Sum=0005 (          5)
    得到: Sum=000001 (          1)
[1582470000] PATTERN: *** 比對錯誤 *** (Test #2448)
    預期: Sum=0028 (         40)
    得到: Sum=00004c (         76)
[1582560000] PATTERN: *** 比對錯誤 *** (Test #2449)
    預期: Sum=fded (       -531)
    得到: Sum=1ffe24 (       -476)
[1582650000] PATTERN: *** 比對錯誤 *** (Test #2450)
    預期: Sum=fff4 (        -12)
    得到: Sum=000015 (         21)
[1582740000] PATTERN: *** 比對錯誤 *** (Test #2451)
    預期: Sum=0044 (         68)
    得到: Sum=1fffed (        -19)
[1582830000] PATTERN: *** 比對錯誤 *** (Test #2452)
    預期: Sum=0011 (         17)
    得到: Sum=1ffffa (         -6)
[1582920000] PATTERN: *** 比對錯誤 *** (Test #2453)
    預期: Sum=000c (         12)
    得到: Sum=00002e (         46)
*Verdi* : Flush all FSDB Files at 1,583,000,000 ps.
[1583010000] PATTERN: *** 比對錯誤 *** (Test #2454)
    預期: Sum=ffb3 (        -77)
    得到: Sum=1fffd4 (        -44)
[1583100000] PATTERN: *** 比對錯誤 *** (Test #2455)
    預期: Sum=000d (         13)
    得到: Sum=00000c (         12)
[1583190000] PATTERN: *** 比對錯誤 *** (Test #2456)
    預期: Sum=ff9c (       -100)
    得到: Sum=1fffa4 (        -92)
[1583280000] PATTERN: *** 比對錯誤 *** (Test #2457)
    預期: Sum=ffe7 (        -25)
    得到: Sum=1fffe4 (        -28)
[1583370000] PATTERN: *** 比對錯誤 *** (Test #2458)
    預期: Sum=ffe4 (        -28)
    得到: Sum=1fffc4 (        -60)
[1583460000] PATTERN: *** 比對錯誤 *** (Test #2459)
    預期: Sum=0062 (         98)
    得到: Sum=000083 (        131)
[1583550000] PATTERN: *** 比對錯誤 *** (Test #2460)
    預期: Sum=fefd (       -259)
    得到: Sum=1fff26 (       -218)
[1583640000] PATTERN: *** 比對錯誤 *** (Test #2461)
    預期: Sum=fff1 (        -15)
    得到: Sum=1fffee (        -18)
[1583730000] PATTERN: *** 比對錯誤 *** (Test #2462)
    預期: Sum=0005 (          5)
    得到: Sum=000002 (          2)
[1583820000] PATTERN: *** 比對錯誤 *** (Test #2463)
    預期: Sum=0006 (          6)
    得到: Sum=000030 (         48)
[1583910000] PATTERN: *** 比對錯誤 *** (Test #2464)
    預期: Sum=ff5a (       -166)
    得到: Sum=1fff7e (       -130)
*Verdi* : Flush all FSDB Files at 1,584,000,000 ps.
[1584000000] PATTERN: *** 比對錯誤 *** (Test #2465)
    預期: Sum=feea (       -278)
    得到: Sum=1ffeed (       -275)
[1584090000] PATTERN: *** 比對錯誤 *** (Test #2466)
    預期: Sum=0000 (          0)
    得到: Sum=00000c (         12)
[1584180000] PATTERN: *** 比對錯誤 *** (Test #2467)
    預期: Sum=ffe8 (        -24)
    得到: Sum=1fffcf (        -49)
[1584270000] PATTERN: *** 比對錯誤 *** (Test #2468)
    預期: Sum=fec4 (       -316)
    得到: Sum=1ffef3 (       -269)
[1584360000] PATTERN: *** 比對錯誤 *** (Test #2469)
    預期: Sum=ff23 (       -221)
    得到: Sum=1fff1e (       -226)
[1584450000] PATTERN: *** 比對錯誤 *** (Test #2470)
    預期: Sum=ffd0 (        -48)
    得到: Sum=1fffe0 (        -32)
[1584540000] PATTERN: *** 比對錯誤 *** (Test #2471)
    預期: Sum=0004 (          4)
    得到: Sum=000002 (          2)
[1584630000] PATTERN: *** 比對錯誤 *** (Test #2472)
    預期: Sum=ff2c (       -212)
    得到: Sum=1fff16 (       -234)
[1584720000] PATTERN: *** 比對錯誤 *** (Test #2473)
    預期: Sum=0003 (          3)
    得到: Sum=00001b (         27)
[1584810000] PATTERN: *** 比對錯誤 *** (Test #2474)
    預期: Sum=ff18 (       -232)
    得到: Sum=1fff0d (       -243)
[1584900000] PATTERN: *** 比對錯誤 *** (Test #2475)
    預期: Sum=ffe1 (        -31)
    得到: Sum=1fffe9 (        -23)
[1584990000] PATTERN: *** 比對錯誤 *** (Test #2476)
    預期: Sum=ffca (        -54)
    得到: Sum=1fffeb (        -21)
*Verdi* : Flush all FSDB Files at 1,585,000,000 ps.
[1585080000] PATTERN: *** 比對錯誤 *** (Test #2477)
    預期: Sum=ffa5 (        -91)
    得到: Sum=1fffc3 (        -61)
[1585170000] PATTERN: *** 比對錯誤 *** (Test #2478)
    預期: Sum=0000 (          0)
    得到: Sum=000002 (          2)
[1585260000] PATTERN: *** 比對錯誤 *** (Test #2479)
    預期: Sum=ffce (        -50)
    得到: Sum=000013 (         19)
[1585350000] PATTERN: *** 比對錯誤 *** (Test #2480)
    預期: Sum=feac (       -340)
    得到: Sum=1ffec0 (       -320)
[1585440000] PATTERN: *** 比對錯誤 *** (Test #2481)
    預期: Sum=feef (       -273)
    得到: Sum=1ffef6 (       -266)
[1585530000] PATTERN: *** 比對錯誤 *** (Test #2482)
    預期: Sum=ffe2 (        -30)
    得到: Sum=1ffff2 (        -14)
[1585620000] PATTERN: *** 比對錯誤 *** (Test #2483)
    預期: Sum=ff07 (       -249)
    得到: Sum=1fff23 (       -221)
[1585710000] PATTERN: *** 比對錯誤 *** (Test #2484)
    預期: Sum=0032 (         50)
    得到: Sum=000014 (         20)
[1585800000] PATTERN: *** 比對錯誤 *** (Test #2485)
    預期: Sum=ffe2 (        -30)
    得到: Sum=000000 (          0)
[1585890000] PATTERN: *** 比對錯誤 *** (Test #2486)
    預期: Sum=0006 (          6)
    得到: Sum=000008 (          8)
[1585980000] PATTERN: *** 比對錯誤 *** (Test #2487)
    預期: Sum=fff4 (        -12)
    得到: Sum=00000b (         11)
*Verdi* : Flush all FSDB Files at 1,586,000,000 ps.
[1586070000] PATTERN: *** 比對錯誤 *** (Test #2488)
    預期: Sum=ff21 (       -223)
    得到: Sum=1fff33 (       -205)
[1586160000] PATTERN: *** 比對錯誤 *** (Test #2489)
    預期: Sum=ff39 (       -199)
    得到: Sum=1fff31 (       -207)
[1586250000] PATTERN: *** 比對錯誤 *** (Test #2490)
    預期: Sum=0041 (         65)
    得到: Sum=00004f (         79)
[1586340000] PATTERN: *** 比對錯誤 *** (Test #2491)
    預期: Sum=0012 (         18)
    得到: Sum=000011 (         17)
[1586430000] PATTERN: *** 比對錯誤 *** (Test #2492)
    預期: Sum=ffaf (        -81)
    得到: Sum=1fff8c (       -116)
[1586520000] PATTERN: *** 比對錯誤 *** (Test #2493)
    預期: Sum=fedf (       -289)
    得到: Sum=1ffee0 (       -288)
[1586610000] PATTERN: *** 比對錯誤 *** (Test #2494)
    預期: Sum=fffc (         -4)
    得到: Sum=000005 (          5)
[1586700000] PATTERN: *** 比對錯誤 *** (Test #2495)
    預期: Sum=0058 (         88)
    得到: Sum=00005e (         94)
[1586790000] PATTERN: *** 比對錯誤 *** (Test #2496)
    預期: Sum=008b (        139)
    得到: Sum=000091 (        145)
[1586880000] PATTERN: *** 比對錯誤 *** (Test #2497)
    預期: Sum=fffe (         -2)
    得到: Sum=1fffdf (        -33)
[1586970000] PATTERN: *** 比對錯誤 *** (Test #2498)
    預期: Sum=ff3c (       -196)
    得到: Sum=1ffefa (       -262)
*Verdi* : Flush all FSDB Files at 1,587,000,000 ps.
[1587060000] PATTERN: *** 比對錯誤 *** (Test #2499)
    預期: Sum=ffda (        -38)
    得到: Sum=000002 (          2)
[1587150000] PATTERN: *** 比對錯誤 *** (Test #2500)
    預期: Sum=ffe8 (        -24)
    得到: Sum=1fffd8 (        -40)
[1587240000] PATTERN: *** 比對錯誤 *** (Test #2501)
    預期: Sum=ffef (        -17)
    得到: Sum=1ffff3 (        -13)
[1587330000] PATTERN: *** 比對錯誤 *** (Test #2502)
    預期: Sum=fee0 (       -288)
    得到: Sum=1ffede (       -290)
[1587420000] PATTERN: *** 比對錯誤 *** (Test #2503)
    預期: Sum=003f (         63)
    得到: Sum=000043 (         67)
[1587510000] PATTERN: *** 比對錯誤 *** (Test #2504)
    預期: Sum=0048 (         72)
    得到: Sum=000043 (         67)
[1587600000] PATTERN: *** 比對錯誤 *** (Test #2505)
    預期: Sum=ffea (        -22)
    得到: Sum=1fffda (        -38)
[1587690000] PATTERN: *** 比對錯誤 *** (Test #2506)
    預期: Sum=002e (         46)
    得到: Sum=00001f (         31)
[1587780000] PATTERN: *** 比對錯誤 *** (Test #2507)
    預期: Sum=ffef (        -17)
    得到: Sum=1fffc3 (        -61)
[1587870000] PATTERN: *** 比對錯誤 *** (Test #2508)
    預期: Sum=ffc3 (        -61)
    得到: Sum=1fffbd (        -67)
[1587960000] PATTERN: *** 比對錯誤 *** (Test #2509)
    預期: Sum=0004 (          4)
    得到: Sum=000002 (          2)
*Verdi* : Flush all FSDB Files at 1,588,000,000 ps.
[1588050000] PATTERN: *** 比對錯誤 *** (Test #2510)
    預期: Sum=ffd0 (        -48)
    得到: Sum=1fffb8 (        -72)
[1588140000] PATTERN: *** 比對錯誤 *** (Test #2511)
    預期: Sum=0077 (        119)
    得到: Sum=00007f (        127)
[1588230000] PATTERN: *** 比對錯誤 *** (Test #2512)
    預期: Sum=001d (         29)
    得到: Sum=000009 (          9)
[1588320000] PATTERN: *** 比對錯誤 *** (Test #2513)
    預期: Sum=0041 (         65)
    得到: Sum=000067 (        103)
[1588410000] PATTERN: *** 比對錯誤 *** (Test #2514)
    預期: Sum=ffdd (        -35)
    得到: Sum=1ffff7 (         -9)
[1588500000] PATTERN: *** 比對錯誤 *** (Test #2515)
    預期: Sum=0080 (        128)
    得到: Sum=00006e (        110)
[1588590000] PATTERN: *** 比對錯誤 *** (Test #2516)
    預期: Sum=ff91 (       -111)
    得到: Sum=1fff66 (       -154)
[1588680000] PATTERN: *** 比對錯誤 *** (Test #2517)
    預期: Sum=001a (         26)
    得到: Sum=000009 (          9)
[1588770000] PATTERN: *** 比對錯誤 *** (Test #2518)
    預期: Sum=ffc0 (        -64)
    得到: Sum=1fffa4 (        -92)
[1588860000] PATTERN: *** 比對錯誤 *** (Test #2519)
    預期: Sum=0035 (         53)
    得到: Sum=000066 (        102)
[1588950000] PATTERN: *** 比對錯誤 *** (Test #2520)
    預期: Sum=ff17 (       -233)
    得到: Sum=1ffef5 (       -267)
*Verdi* : Flush all FSDB Files at 1,589,000,000 ps.
[1589040000] PATTERN: *** 比對錯誤 *** (Test #2521)
    預期: Sum=ffc8 (        -56)
    得到: Sum=000001 (          1)
[1589130000] PATTERN: *** 比對錯誤 *** (Test #2522)
    預期: Sum=ff06 (       -250)
    得到: Sum=1fff11 (       -239)
[1589220000] PATTERN: *** 比對錯誤 *** (Test #2523)
    預期: Sum=ff41 (       -191)
    得到: Sum=1fff1b (       -229)
[1589310000] PATTERN: *** 比對錯誤 *** (Test #2524)
    預期: Sum=feec (       -276)
    得到: Sum=1ffefd (       -259)
[1589400000] PATTERN: *** 比對錯誤 *** (Test #2525)
    預期: Sum=ffd9 (        -39)
    得到: Sum=1fffc7 (        -57)
[1589490000] PATTERN: *** 比對錯誤 *** (Test #2526)
    預期: Sum=ff59 (       -167)
    得到: Sum=1fff99 (       -103)
[1589580000] PATTERN: *** 比對錯誤 *** (Test #2527)
    預期: Sum=fff5 (        -11)
    得到: Sum=1fffef (        -17)
[1589670000] PATTERN: *** 比對錯誤 *** (Test #2528)
    預期: Sum=ffb3 (        -77)
    得到: Sum=1ffff1 (        -15)
[1589760000] PATTERN: *** 比對錯誤 *** (Test #2529)
    預期: Sum=002b (         43)
    得到: Sum=000014 (         20)
[1589850000] PATTERN: *** 比對錯誤 *** (Test #2530)
    預期: Sum=feee (       -274)
    得到: Sum=1fff33 (       -205)
[1589940000] PATTERN: *** 比對錯誤 *** (Test #2531)
    預期: Sum=fffe (         -2)
    得到: Sum=1fffec (        -20)
*Verdi* : Flush all FSDB Files at 1,590,000,000 ps.
[1590030000] PATTERN: *** 比對錯誤 *** (Test #2532)
    預期: Sum=ff0a (       -246)
    得到: Sum=1fff1d (       -227)
[1590120000] PATTERN: *** 比對錯誤 *** (Test #2533)
    預期: Sum=feee (       -274)
    得到: Sum=1ffeea (       -278)
[1590210000] PATTERN: *** 比對錯誤 *** (Test #2534)
    預期: Sum=00b8 (        184)
    得到: Sum=000108 (        264)
[1590300000] PATTERN: *** 比對錯誤 *** (Test #2535)
    預期: Sum=fec5 (       -315)
    得到: Sum=1ffefa (       -262)
[1590390000] PATTERN: *** 比對錯誤 *** (Test #2536)
    預期: Sum=ffe4 (        -28)
    得到: Sum=1ffff0 (        -16)
[1590480000] PATTERN: *** 比對錯誤 *** (Test #2537)
    預期: Sum=0020 (         32)
    得到: Sum=1ffff2 (        -14)
[1590570000] PATTERN: *** 比對錯誤 *** (Test #2538)
    預期: Sum=fee6 (       -282)
    得到: Sum=1ffeaf (       -337)
[1590660000] PATTERN: *** 比對錯誤 *** (Test #2539)
    預期: Sum=ffe2 (        -30)
    得到: Sum=1ffff4 (        -12)
[1590750000] PATTERN: *** 比對錯誤 *** (Test #2540)
    預期: Sum=fff5 (        -11)
    得到: Sum=1ffff3 (        -13)
[1590840000] PATTERN: *** 比對錯誤 *** (Test #2541)
    預期: Sum=fffb (         -5)
    得到: Sum=000014 (         20)
[1590930000] PATTERN: *** 比對錯誤 *** (Test #2542)
    預期: Sum=ff0d (       -243)
    得到: Sum=1fff94 (       -108)
*Verdi* : Flush all FSDB Files at 1,591,000,000 ps.
[1591020000] PATTERN: *** 比對錯誤 *** (Test #2543)
    預期: Sum=fecf (       -305)
    得到: Sum=1fff1f (       -225)
[1591110000] PATTERN: *** 比對錯誤 *** (Test #2544)
    預期: Sum=feda (       -294)
    得到: Sum=1ffedf (       -289)
[1591200000] PATTERN: *** 比對錯誤 *** (Test #2545)
    預期: Sum=fff9 (         -7)
    得到: Sum=1fffdc (        -36)
[1591290000] PATTERN: *** 比對錯誤 *** (Test #2546)
    預期: Sum=ffa6 (        -90)
    得到: Sum=1fffbd (        -67)
[1591380000] PATTERN: *** 比對錯誤 *** (Test #2547)
    預期: Sum=ff38 (       -200)
    得到: Sum=1fff30 (       -208)
[1591470000] PATTERN: *** 比對錯誤 *** (Test #2548)
    預期: Sum=fff8 (         -8)
    得到: Sum=1fffda (        -38)
[1591560000] PATTERN: *** 比對錯誤 *** (Test #2549)
    預期: Sum=0055 (         85)
    得到: Sum=00002c (         44)
[1591650000] PATTERN: *** 比對錯誤 *** (Test #2550)
    預期: Sum=ff1a (       -230)
    得到: Sum=1ffef8 (       -264)
[1591740000] PATTERN: *** 比對錯誤 *** (Test #2551)
    預期: Sum=ffe9 (        -23)
    得到: Sum=1fffee (        -18)
[1591830000] PATTERN: *** 比對錯誤 *** (Test #2552)
    預期: Sum=fff3 (        -13)
    得到: Sum=000006 (          6)
*Verdi* : Flush all FSDB Files at 1,592,000,000 ps.
[1592010000] PATTERN: *** 比對錯誤 *** (Test #2554)
    預期: Sum=ffe7 (        -25)
    得到: Sum=1fffe1 (        -31)
[1592100000] PATTERN: *** 比對錯誤 *** (Test #2555)
    預期: Sum=ffe5 (        -27)
    得到: Sum=1fffdf (        -33)
[1592190000] PATTERN: *** 比對錯誤 *** (Test #2556)
    預期: Sum=ffac (        -84)
    得到: Sum=1fffb8 (        -72)
[1592280000] PATTERN: *** 比對錯誤 *** (Test #2557)
    預期: Sum=0065 (        101)
    得到: Sum=0000ac (        172)
[1592370000] PATTERN: *** 比對錯誤 *** (Test #2558)
    預期: Sum=fef2 (       -270)
    得到: Sum=1ffef9 (       -263)
[1592460000] PATTERN: *** 比對錯誤 *** (Test #2559)
    預期: Sum=fff2 (        -14)
    得到: Sum=1fffec (        -20)
[1592550000] PATTERN: *** 比對錯誤 *** (Test #2560)
    預期: Sum=ff54 (       -172)
    得到: Sum=1fff2d (       -211)
[1592640000] PATTERN: *** 比對錯誤 *** (Test #2561)
    預期: Sum=fffc (         -4)
    得到: Sum=000008 (          8)
[1592730000] PATTERN: *** 比對錯誤 *** (Test #2562)
    預期: Sum=ffd0 (        -48)
    得到: Sum=1fffc5 (        -59)
[1592820000] PATTERN: *** 比對錯誤 *** (Test #2563)
    預期: Sum=ffcf (        -49)
    得到: Sum=1fffe2 (        -30)
[1592910000] PATTERN: *** 比對錯誤 *** (Test #2564)
    預期: Sum=fff2 (        -14)
    得到: Sum=1ffffd (         -3)
*Verdi* : Flush all FSDB Files at 1,593,000,000 ps.
[1593000000] PATTERN: *** 比對錯誤 *** (Test #2565)
    預期: Sum=000e (         14)
    得到: Sum=00001d (         29)
[1593090000] PATTERN: *** 比對錯誤 *** (Test #2566)
    預期: Sum=ffc0 (        -64)
    得到: Sum=1fffaf (        -81)
[1593180000] PATTERN: *** 比對錯誤 *** (Test #2567)
    預期: Sum=ff0d (       -243)
    得到: Sum=1ffefb (       -261)
[1593270000] PATTERN: *** 比對錯誤 *** (Test #2568)
    預期: Sum=0074 (        116)
    得到: Sum=00007e (        126)
[1593360000] PATTERN: *** 比對錯誤 *** (Test #2569)
    預期: Sum=0012 (         18)
    得到: Sum=00003f (         63)
[1593450000] PATTERN: *** 比對錯誤 *** (Test #2570)
    預期: Sum=ffb3 (        -77)
    得到: Sum=1fffb2 (        -78)
[1593720000] PATTERN: *** 比對錯誤 *** (Test #2573)
    預期: Sum=ff9a (       -102)
    得到: Sum=1fff9e (        -98)
[1593810000] PATTERN: *** 比對錯誤 *** (Test #2574)
    預期: Sum=ff41 (       -191)
    得到: Sum=1ffeec (       -276)
[1593900000] PATTERN: *** 比對錯誤 *** (Test #2575)
    預期: Sum=0014 (         20)
    得到: Sum=1ffffe (         -2)
[1593990000] PATTERN: *** 比對錯誤 *** (Test #2576)
    預期: Sum=ff9e (        -98)
    得到: Sum=1fffe9 (        -23)
*Verdi* : Flush all FSDB Files at 1,594,000,000 ps.
[1594080000] PATTERN: *** 比對錯誤 *** (Test #2577)
    預期: Sum=0018 (         24)
    得到: Sum=000008 (          8)
[1594170000] PATTERN: *** 比對錯誤 *** (Test #2578)
    預期: Sum=fff1 (        -15)
    得到: Sum=1fffdd (        -35)
[1594260000] PATTERN: *** 比對錯誤 *** (Test #2579)
    預期: Sum=ffeb (        -21)
    得到: Sum=000007 (          7)
[1594350000] PATTERN: *** 比對錯誤 *** (Test #2580)
    預期: Sum=fff8 (         -8)
    得到: Sum=1ffff0 (        -16)
[1594440000] PATTERN: *** 比對錯誤 *** (Test #2581)
    預期: Sum=fff1 (        -15)
    得到: Sum=1fffed (        -19)
[1594530000] PATTERN: *** 比對錯誤 *** (Test #2582)
    預期: Sum=ffe1 (        -31)
    得到: Sum=1fffa8 (        -88)
[1594620000] PATTERN: *** 比對錯誤 *** (Test #2583)
    預期: Sum=ff1d (       -227)
    得到: Sum=1fff15 (       -235)
[1594710000] PATTERN: *** 比對錯誤 *** (Test #2584)
    預期: Sum=0026 (         38)
    得到: Sum=00004a (         74)
[1594800000] PATTERN: *** 比對錯誤 *** (Test #2585)
    預期: Sum=0012 (         18)
    得到: Sum=000014 (         20)
[1594890000] PATTERN: *** 比對錯誤 *** (Test #2586)
    預期: Sum=fffe (         -2)
    得到: Sum=1ffffb (         -5)
[1594980000] PATTERN: *** 比對錯誤 *** (Test #2587)
    預期: Sum=fff3 (        -13)
    得到: Sum=1fffc4 (        -60)
*Verdi* : Flush all FSDB Files at 1,595,000,000 ps.
[1595070000] PATTERN: *** 比對錯誤 *** (Test #2588)
    預期: Sum=fec0 (       -320)
    得到: Sum=1ffea7 (       -345)
[1595160000] PATTERN: *** 比對錯誤 *** (Test #2589)
    預期: Sum=fffe (         -2)
    得到: Sum=000000 (          0)
[1595250000] PATTERN: *** 比對錯誤 *** (Test #2590)
    預期: Sum=fffe (         -2)
    得到: Sum=1ffff8 (         -8)
[1595340000] PATTERN: *** 比對錯誤 *** (Test #2591)
    預期: Sum=0045 (         69)
    得到: Sum=00001b (         27)
[1595430000] PATTERN: *** 比對錯誤 *** (Test #2592)
    預期: Sum=0012 (         18)
    得到: Sum=00003a (         58)
[1595520000] PATTERN: *** 比對錯誤 *** (Test #2593)
    預期: Sum=fffe (         -2)
    得到: Sum=000004 (          4)
[1595610000] PATTERN: *** 比對錯誤 *** (Test #2594)
    預期: Sum=004a (         74)
    得到: Sum=000034 (         52)
[1595700000] PATTERN: *** 比對錯誤 *** (Test #2595)
    預期: Sum=feef (       -273)
    得到: Sum=1ffef0 (       -272)
[1595790000] PATTERN: *** 比對錯誤 *** (Test #2596)
    預期: Sum=fff7 (         -9)
    得到: Sum=00000f (         15)
[1595880000] PATTERN: *** 比對錯誤 *** (Test #2597)
    預期: Sum=ffe7 (        -25)
    得到: Sum=1fffca (        -54)
[1595970000] PATTERN: *** 比對錯誤 *** (Test #2598)
    預期: Sum=0006 (          6)
    得到: Sum=00001b (         27)
*Verdi* : Flush all FSDB Files at 1,596,000,000 ps.
[1596060000] PATTERN: *** 比對錯誤 *** (Test #2599)
    預期: Sum=0005 (          5)
    得到: Sum=00000e (         14)
[1596150000] PATTERN: *** 比對錯誤 *** (Test #2600)
    預期: Sum=fff0 (        -16)
    得到: Sum=1fffca (        -54)
[1596240000] PATTERN: *** 比對錯誤 *** (Test #2601)
    預期: Sum=ffbc (        -68)
    得到: Sum=1fffca (        -54)
[1596330000] PATTERN: *** 比對錯誤 *** (Test #2602)
    預期: Sum=ff24 (       -220)
    得到: Sum=1fff11 (       -239)
[1596420000] PATTERN: *** 比對錯誤 *** (Test #2603)
    預期: Sum=ffd6 (        -42)
    得到: Sum=1fffcf (        -49)
[1596510000] PATTERN: *** 比對錯誤 *** (Test #2604)
    預期: Sum=ffce (        -50)
    得到: Sum=1fffcf (        -49)
[1596600000] PATTERN: *** 比對錯誤 *** (Test #2605)
    預期: Sum=fecf (       -305)
    得到: Sum=1ffefc (       -260)
[1596690000] PATTERN: *** 比對錯誤 *** (Test #2606)
    預期: Sum=ffdd (        -35)
    得到: Sum=1fffe9 (        -23)
[1596780000] PATTERN: *** 比對錯誤 *** (Test #2607)
    預期: Sum=ff6f (       -145)
    得到: Sum=1fff85 (       -123)
[1596870000] PATTERN: *** 比對錯誤 *** (Test #2608)
    預期: Sum=000b (         11)
    得到: Sum=1ffffa (         -6)
[1596960000] PATTERN: *** 比對錯誤 *** (Test #2609)
    預期: Sum=fff0 (        -16)
    得到: Sum=00000e (         14)
*Verdi* : Flush all FSDB Files at 1,597,000,000 ps.
[1597050000] PATTERN: *** 比對錯誤 *** (Test #2610)
    預期: Sum=fffa (         -6)
    得到: Sum=1ffffb (         -5)
[1597140000] PATTERN: *** 比對錯誤 *** (Test #2611)
    預期: Sum=ffaf (        -81)
    得到: Sum=1fffb1 (        -79)
[1597230000] PATTERN: *** 比對錯誤 *** (Test #2612)
    預期: Sum=0062 (         98)
    得到: Sum=000066 (        102)
[1597320000] PATTERN: *** 比對錯誤 *** (Test #2613)
    預期: Sum=fef9 (       -263)
    得到: Sum=1ffef8 (       -264)
[1597410000] PATTERN: *** 比對錯誤 *** (Test #2614)
    預期: Sum=002e (         46)
    得到: Sum=000015 (         21)
[1597500000] PATTERN: *** 比對錯誤 *** (Test #2615)
    預期: Sum=0038 (         56)
    得到: Sum=000013 (         19)
[1597590000] PATTERN: *** 比對錯誤 *** (Test #2616)
    預期: Sum=fffa (         -6)
    得到: Sum=000001 (          1)
[1597680000] PATTERN: *** 比對錯誤 *** (Test #2617)
    預期: Sum=fffe (         -2)
    得到: Sum=000008 (          8)
[1597770000] PATTERN: *** 比對錯誤 *** (Test #2618)
    預期: Sum=fffd (         -3)
    得到: Sum=1ffffc (         -4)
[1597860000] PATTERN: *** 比對錯誤 *** (Test #2619)
    預期: Sum=ffe9 (        -23)
    得到: Sum=1fff96 (       -106)
[1597950000] PATTERN: *** 比對錯誤 *** (Test #2620)
    預期: Sum=00b0 (        176)
    得到: Sum=00004b (         75)
*Verdi* : Flush all FSDB Files at 1,598,000,000 ps.
[1598040000] PATTERN: *** 比對錯誤 *** (Test #2621)
    預期: Sum=fed7 (       -297)
    得到: Sum=1ffec4 (       -316)
[1598130000] PATTERN: *** 比對錯誤 *** (Test #2622)
    預期: Sum=ffea (        -22)
    得到: Sum=1fffb9 (        -71)
[1598220000] PATTERN: *** 比對錯誤 *** (Test #2623)
    預期: Sum=ffda (        -38)
    得到: Sum=1fffe5 (        -27)
[1598310000] PATTERN: *** 比對錯誤 *** (Test #2624)
    預期: Sum=010d (        269)
    得到: Sum=00000a (         10)
[1598400000] PATTERN: *** 比對錯誤 *** (Test #2625)
    預期: Sum=000c (         12)
    得到: Sum=000004 (          4)
[1598490000] PATTERN: *** 比對錯誤 *** (Test #2626)
    預期: Sum=ffe1 (        -31)
    得到: Sum=1fffc2 (        -62)
[1598580000] PATTERN: *** 比對錯誤 *** (Test #2627)
    預期: Sum=ffe6 (        -26)
    得到: Sum=1fffcb (        -53)
[1598670000] PATTERN: *** 比對錯誤 *** (Test #2628)
    預期: Sum=0001 (          1)
    得到: Sum=1fffe3 (        -29)
[1598760000] PATTERN: *** 比對錯誤 *** (Test #2629)
    預期: Sum=ffe9 (        -23)
    得到: Sum=1ffff6 (        -10)
[1598850000] PATTERN: *** 比對錯誤 *** (Test #2630)
    預期: Sum=fff8 (         -8)
    得到: Sum=1fffe1 (        -31)
[1598940000] PATTERN: *** 比對錯誤 *** (Test #2631)
    預期: Sum=ffea (        -22)
    得到: Sum=1fffef (        -17)
*Verdi* : Flush all FSDB Files at 1,599,000,000 ps.
[1599030000] PATTERN: *** 比對錯誤 *** (Test #2632)
    預期: Sum=ff52 (       -174)
    得到: Sum=1fff73 (       -141)
[1599120000] PATTERN: *** 比對錯誤 *** (Test #2633)
    預期: Sum=003f (         63)
    得到: Sum=00002e (         46)
[1599210000] PATTERN: *** 比對錯誤 *** (Test #2634)
    預期: Sum=0003 (          3)
    得到: Sum=000005 (          5)
[1599300000] PATTERN: *** 比對錯誤 *** (Test #2635)
    預期: Sum=fecc (       -308)
    得到: Sum=1ffef1 (       -271)
[1599390000] PATTERN: *** 比對錯誤 *** (Test #2636)
    預期: Sum=004b (         75)
    得到: Sum=000063 (         99)
[1599480000] PATTERN: *** 比對錯誤 *** (Test #2637)
    預期: Sum=0034 (         52)
    得到: Sum=000004 (          4)
[1599570000] PATTERN: *** 比對錯誤 *** (Test #2638)
    預期: Sum=0050 (         80)
    得到: Sum=00000e (         14)
[1599660000] PATTERN: *** 比對錯誤 *** (Test #2639)
    預期: Sum=ffc5 (        -59)
    得到: Sum=1fffca (        -54)
[1599750000] PATTERN: *** 比對錯誤 *** (Test #2640)
    預期: Sum=fff6 (        -10)
    得到: Sum=1fffed (        -19)
[1599840000] PATTERN: *** 比對錯誤 *** (Test #2641)
    預期: Sum=ffc0 (        -64)
    得到: Sum=1fffc8 (        -56)
[1599930000] PATTERN: *** 比對錯誤 *** (Test #2642)
    預期: Sum=ffa3 (        -93)
    得到: Sum=1fffa6 (        -90)
*Verdi* : Flush all FSDB Files at 1,600,000,000 ps.
[1600020000] PATTERN: *** 比對錯誤 *** (Test #2643)
    預期: Sum=ffc2 (        -62)
    得到: Sum=1fffe6 (        -26)
[1600110000] PATTERN: *** 比對錯誤 *** (Test #2644)
    預期: Sum=ffff (         -1)
    得到: Sum=1ffffe (         -2)
[1600200000] PATTERN: *** 比對錯誤 *** (Test #2645)
    預期: Sum=002f (         47)
    得到: Sum=00001c (         28)
[1600290000] PATTERN: *** 比對錯誤 *** (Test #2646)
    預期: Sum=0039 (         57)
    得到: Sum=000046 (         70)
[1600380000] PATTERN: *** 比對錯誤 *** (Test #2647)
    預期: Sum=ff94 (       -108)
    得到: Sum=1fffe6 (        -26)
[1600470000] PATTERN: *** 比對錯誤 *** (Test #2648)
    預期: Sum=0060 (         96)
    得到: Sum=000077 (        119)
[1600560000] PATTERN: *** 比對錯誤 *** (Test #2649)
    預期: Sum=fffc (         -4)
    得到: Sum=1fffeb (        -21)
[1600650000] PATTERN: *** 比對錯誤 *** (Test #2650)
    預期: Sum=fef2 (       -270)
    得到: Sum=1ffeeb (       -277)
[1600740000] PATTERN: *** 比對錯誤 *** (Test #2651)
    預期: Sum=ffdc (        -36)
    得到: Sum=1fffd4 (        -44)
[1600830000] PATTERN: *** 比對錯誤 *** (Test #2652)
    預期: Sum=fffc (         -4)
    得到: Sum=000008 (          8)
[1600920000] PATTERN: *** 比對錯誤 *** (Test #2653)
    預期: Sum=ff46 (       -186)
    得到: Sum=1fff52 (       -174)
*Verdi* : Flush all FSDB Files at 1,601,000,000 ps.
[1601010000] PATTERN: *** 比對錯誤 *** (Test #2654)
    預期: Sum=0025 (         37)
    得到: Sum=1fffdf (        -33)
[1601100000] PATTERN: *** 比對錯誤 *** (Test #2655)
    預期: Sum=001f (         31)
    得到: Sum=000010 (         16)
[1601190000] PATTERN: *** 比對錯誤 *** (Test #2656)
    預期: Sum=0001 (          1)
    得到: Sum=00000d (         13)
[1601280000] PATTERN: *** 比對錯誤 *** (Test #2657)
    預期: Sum=fefc (       -260)
    得到: Sum=1fff09 (       -247)
[1601370000] PATTERN: *** 比對錯誤 *** (Test #2658)
    預期: Sum=fffd (         -3)
    得到: Sum=1ffff7 (         -9)
[1601460000] PATTERN: *** 比對錯誤 *** (Test #2659)
    預期: Sum=00f9 (        249)
    得到: Sum=0000cc (        204)
[1601550000] PATTERN: *** 比對錯誤 *** (Test #2660)
    預期: Sum=0071 (        113)
    得到: Sum=00005f (         95)
[1601640000] PATTERN: *** 比對錯誤 *** (Test #2661)
    預期: Sum=0007 (          7)
    得到: Sum=1ffff9 (         -7)
[1601730000] PATTERN: *** 比對錯誤 *** (Test #2662)
    預期: Sum=00bd (        189)
    得到: Sum=000080 (        128)
[1601820000] PATTERN: *** 比對錯誤 *** (Test #2663)
    預期: Sum=fffe (         -2)
    得到: Sum=1fffda (        -38)
[1601910000] PATTERN: *** 比對錯誤 *** (Test #2664)
    預期: Sum=005b (         91)
    得到: Sum=000046 (         70)
*Verdi* : Flush all FSDB Files at 1,602,000,000 ps.
[1602000000] PATTERN: *** 比對錯誤 *** (Test #2665)
    預期: Sum=ffc9 (        -55)
    得到: Sum=1fffc6 (        -58)
[1602090000] PATTERN: *** 比對錯誤 *** (Test #2666)
    預期: Sum=ffc5 (        -59)
    得到: Sum=1fffb2 (        -78)
[1602180000] PATTERN: *** 比對錯誤 *** (Test #2667)
    預期: Sum=ff6a (       -150)
    得到: Sum=1fff80 (       -128)
[1602270000] PATTERN: *** 比對錯誤 *** (Test #2668)
    預期: Sum=ffcd (        -51)
    得到: Sum=1fffd1 (        -47)
[1602360000] PATTERN: *** 比對錯誤 *** (Test #2669)
    預期: Sum=ff62 (       -158)
    得到: Sum=1fff6c (       -148)
[1602450000] PATTERN: *** 比對錯誤 *** (Test #2670)
    預期: Sum=ff0c (       -244)
    得到: Sum=1fff31 (       -207)
[1602540000] PATTERN: *** 比對錯誤 *** (Test #2671)
    預期: Sum=00b2 (        178)
    得到: Sum=0000ca (        202)
[1602630000] PATTERN: *** 比對錯誤 *** (Test #2672)
    預期: Sum=fff5 (        -11)
    得到: Sum=000014 (         20)
[1602720000] PATTERN: *** 比對錯誤 *** (Test #2673)
    預期: Sum=0016 (         22)
    得到: Sum=1fffba (        -70)
[1602810000] PATTERN: *** 比對錯誤 *** (Test #2674)
    預期: Sum=ff95 (       -107)
    得到: Sum=1fff51 (       -175)
[1602900000] PATTERN: *** 比對錯誤 *** (Test #2675)
    預期: Sum=ff3c (       -196)
    得到: Sum=1fff42 (       -190)
[1602990000] PATTERN: *** 比對錯誤 *** (Test #2676)
    預期: Sum=feac (       -340)
    得到: Sum=1fff32 (       -206)
*Verdi* : Flush all FSDB Files at 1,603,000,000 ps.
[1603080000] PATTERN: *** 比對錯誤 *** (Test #2677)
    預期: Sum=000b (         11)
    得到: Sum=1fffd9 (        -39)
[1603170000] PATTERN: *** 比對錯誤 *** (Test #2678)
    預期: Sum=ff1e (       -226)
    得到: Sum=1ffef7 (       -265)
[1603260000] PATTERN: *** 比對錯誤 *** (Test #2679)
    預期: Sum=fffe (         -2)
    得到: Sum=1fffdb (        -37)
[1603350000] PATTERN: *** 比對錯誤 *** (Test #2680)
    預期: Sum=009b (        155)
    得到: Sum=00009c (        156)
[1603440000] PATTERN: *** 比對錯誤 *** (Test #2681)
    預期: Sum=fffa (         -6)
    得到: Sum=000004 (          4)
[1603530000] PATTERN: *** 比對錯誤 *** (Test #2682)
    預期: Sum=0005 (          5)
    得到: Sum=00000f (         15)
[1603620000] PATTERN: *** 比對錯誤 *** (Test #2683)
    預期: Sum=0024 (         36)
    得到: Sum=000040 (         64)
[1603710000] PATTERN: *** 比對錯誤 *** (Test #2684)
    預期: Sum=000b (         11)
    得到: Sum=1ffff0 (        -16)
[1603800000] PATTERN: *** 比對錯誤 *** (Test #2685)
    預期: Sum=ff5b (       -165)
    得到: Sum=1fff56 (       -170)
[1603890000] PATTERN: *** 比對錯誤 *** (Test #2686)
    預期: Sum=fffb (         -5)
    得到: Sum=1fffd6 (        -42)
[1603980000] PATTERN: *** 比對錯誤 *** (Test #2687)
    預期: Sum=ff14 (       -236)
    得到: Sum=1fff18 (       -232)
*Verdi* : Flush all FSDB Files at 1,604,000,000 ps.
[1604070000] PATTERN: *** 比對錯誤 *** (Test #2688)
    預期: Sum=ff5b (       -165)
    得到: Sum=1fffa2 (        -94)
[1604160000] PATTERN: *** 比對錯誤 *** (Test #2689)
    預期: Sum=ff59 (       -167)
    得到: Sum=1fff45 (       -187)
[1604250000] PATTERN: *** 比對錯誤 *** (Test #2690)
    預期: Sum=ffee (        -18)
    得到: Sum=000004 (          4)
[1604340000] PATTERN: *** 比對錯誤 *** (Test #2691)
    預期: Sum=001d (         29)
    得到: Sum=000002 (          2)
[1604430000] PATTERN: *** 比對錯誤 *** (Test #2692)
    預期: Sum=ffea (        -22)
    得到: Sum=1fffed (        -19)
[1604520000] PATTERN: *** 比對錯誤 *** (Test #2693)
    預期: Sum=0008 (          8)
    得到: Sum=000001 (          1)
[1604610000] PATTERN: *** 比對錯誤 *** (Test #2694)
    預期: Sum=ff14 (       -236)
    得到: Sum=1fff03 (       -253)
[1604700000] PATTERN: *** 比對錯誤 *** (Test #2695)
    預期: Sum=ff9a (       -102)
    得到: Sum=000002 (          2)
[1604790000] PATTERN: *** 比對錯誤 *** (Test #2696)
    預期: Sum=fed8 (       -296)
    得到: Sum=1ffed9 (       -295)
[1604880000] PATTERN: *** 比對錯誤 *** (Test #2697)
    預期: Sum=005d (         93)
    得到: Sum=000050 (         80)
[1604970000] PATTERN: *** 比對錯誤 *** (Test #2698)
    預期: Sum=ffc3 (        -61)
    得到: Sum=1fffdc (        -36)
*Verdi* : Flush all FSDB Files at 1,605,000,000 ps.
[1605060000] PATTERN: *** 比對錯誤 *** (Test #2699)
    預期: Sum=ffe3 (        -29)
    得到: Sum=1fff9c (       -100)
[1605150000] PATTERN: *** 比對錯誤 *** (Test #2700)
    預期: Sum=ffe9 (        -23)
    得到: Sum=1ffff5 (        -11)
[1605240000] PATTERN: *** 比對錯誤 *** (Test #2701)
    預期: Sum=ffc4 (        -60)
    得到: Sum=1ffff9 (         -7)
[1605330000] PATTERN: *** 比對錯誤 *** (Test #2702)
    預期: Sum=001a (         26)
    得到: Sum=000008 (          8)
[1605420000] PATTERN: *** 比對錯誤 *** (Test #2703)
    預期: Sum=ffe8 (        -24)
    得到: Sum=000002 (          2)
[1605510000] PATTERN: *** 比對錯誤 *** (Test #2704)
    預期: Sum=002e (         46)
    得到: Sum=00004d (         77)
[1605600000] PATTERN: *** 比對錯誤 *** (Test #2705)
    預期: Sum=fdeb (       -533)
    得到: Sum=1ffe1e (       -482)
[1605690000] PATTERN: *** 比對錯誤 *** (Test #2706)
    預期: Sum=ffcd (        -51)
    得到: Sum=000016 (         22)
[1605780000] PATTERN: *** 比對錯誤 *** (Test #2707)
    預期: Sum=ffd1 (        -47)
    得到: Sum=1fffef (        -17)
[1605870000] PATTERN: *** 比對錯誤 *** (Test #2708)
    預期: Sum=0009 (          9)
    得到: Sum=1ffffa (         -6)
[1605960000] PATTERN: *** 比對錯誤 *** (Test #2709)
    預期: Sum=002b (         43)
    得到: Sum=00002e (         46)
*Verdi* : Flush all FSDB Files at 1,606,000,000 ps.
[1606050000] PATTERN: *** 比對錯誤 *** (Test #2710)
    預期: Sum=ffb6 (        -74)
    得到: Sum=1fffd5 (        -43)
[1606140000] PATTERN: *** 比對錯誤 *** (Test #2711)
    預期: Sum=000b (         11)
    得到: Sum=00000c (         12)
[1606230000] PATTERN: *** 比對錯誤 *** (Test #2712)
    預期: Sum=ff99 (       -103)
    得到: Sum=1fffa4 (        -92)
[1606320000] PATTERN: *** 比對錯誤 *** (Test #2713)
    預期: Sum=ffdb (        -37)
    得到: Sum=1fffe3 (        -29)
[1606410000] PATTERN: *** 比對錯誤 *** (Test #2714)
    預期: Sum=ffd8 (        -40)
    得到: Sum=1fffc3 (        -61)
[1606500000] PATTERN: *** 比對錯誤 *** (Test #2715)
    預期: Sum=0056 (         86)
    得到: Sum=000083 (        131)
[1606590000] PATTERN: *** 比對錯誤 *** (Test #2716)
    預期: Sum=ff0d (       -243)
    得到: Sum=1fff27 (       -217)
[1606680000] PATTERN: *** 比對錯誤 *** (Test #2717)
    預期: Sum=ffde (        -34)
    得到: Sum=1fffee (        -18)
[1606770000] PATTERN: *** 比對錯誤 *** (Test #2718)
    預期: Sum=fffd (         -3)
    得到: Sum=000002 (          2)
[1606860000] PATTERN: *** 比對錯誤 *** (Test #2719)
    預期: Sum=0024 (         36)
    得到: Sum=000030 (         48)
[1606950000] PATTERN: *** 比對錯誤 *** (Test #2720)
    預期: Sum=ff61 (       -159)
    得到: Sum=1fff82 (       -126)
*Verdi* : Flush all FSDB Files at 1,607,000,000 ps.
[1607040000] PATTERN: *** 比對錯誤 *** (Test #2721)
    預期: Sum=fed2 (       -302)
    得到: Sum=1ffeed (       -275)
[1607130000] PATTERN: *** 比對錯誤 *** (Test #2722)
    預期: Sum=0011 (         17)
    得到: Sum=00000b (         11)
[1607220000] PATTERN: *** 比對錯誤 *** (Test #2723)
    預期: Sum=fff3 (        -13)
    得到: Sum=1fffcf (        -49)
[1607310000] PATTERN: *** 比對錯誤 *** (Test #2724)
    預期: Sum=fef5 (       -267)
    得到: Sum=1ffef2 (       -270)
[1607400000] PATTERN: *** 比對錯誤 *** (Test #2725)
    預期: Sum=ff24 (       -220)
    得到: Sum=1fff1e (       -226)
[1607490000] PATTERN: *** 比對錯誤 *** (Test #2726)
    預期: Sum=ffdc (        -36)
    得到: Sum=1fffe3 (        -29)
[1607580000] PATTERN: *** 比對錯誤 *** (Test #2727)
    預期: Sum=fff9 (         -7)
    得到: Sum=000002 (          2)
[1607670000] PATTERN: *** 比對錯誤 *** (Test #2728)
    預期: Sum=ff38 (       -200)
    得到: Sum=1fff16 (       -234)
[1607760000] PATTERN: *** 比對錯誤 *** (Test #2729)
    預期: Sum=fff3 (        -13)
    得到: Sum=00001b (         27)
[1607850000] PATTERN: *** 比對錯誤 *** (Test #2730)
    預期: Sum=fef6 (       -266)
    得到: Sum=1fff0c (       -244)
[1607940000] PATTERN: *** 比對錯誤 *** (Test #2731)
    預期: Sum=ffd0 (        -48)
    得到: Sum=1fffe9 (        -23)
*Verdi* : Flush all FSDB Files at 1,608,000,000 ps.
[1608030000] PATTERN: *** 比對錯誤 *** (Test #2732)
    預期: Sum=fff0 (        -16)
    得到: Sum=1fffeb (        -21)
[1608120000] PATTERN: *** 比對錯誤 *** (Test #2733)
    預期: Sum=ffe3 (        -29)
    得到: Sum=1fffc4 (        -60)
[1608210000] PATTERN: *** 比對錯誤 *** (Test #2734)
    預期: Sum=000d (         13)
    得到: Sum=000002 (          2)
[1608300000] PATTERN: *** 比對錯誤 *** (Test #2735)
    預期: Sum=fff3 (        -13)
    得到: Sum=00000c (         12)
[1608390000] PATTERN: *** 比對錯誤 *** (Test #2736)
    預期: Sum=febf (       -321)
    得到: Sum=1ffec0 (       -320)
[1608480000] PATTERN: *** 比對錯誤 *** (Test #2737)
    預期: Sum=fed3 (       -301)
    得到: Sum=1ffef4 (       -268)
[1608570000] PATTERN: *** 比對錯誤 *** (Test #2738)
    預期: Sum=ffe0 (        -32)
    得到: Sum=1ffff1 (        -15)
[1608660000] PATTERN: *** 比對錯誤 *** (Test #2739)
    預期: Sum=fed7 (       -297)
    得到: Sum=1fff21 (       -223)
[1608750000] PATTERN: *** 比對錯誤 *** (Test #2740)
    預期: Sum=0038 (         56)
    得到: Sum=000014 (         20)
[1608840000] PATTERN: *** 比對錯誤 *** (Test #2741)
    預期: Sum=ffce (        -50)
    得到: Sum=000000 (          0)
[1608930000] PATTERN: *** 比對錯誤 *** (Test #2742)
    預期: Sum=ffe8 (        -24)
    得到: Sum=000004 (          4)
*Verdi* : Flush all FSDB Files at 1,609,000,000 ps.
[1609020000] PATTERN: *** 比對錯誤 *** (Test #2743)
    預期: Sum=fff1 (        -15)
    得到: Sum=00000b (         11)
[1609110000] PATTERN: *** 比對錯誤 *** (Test #2744)
    預期: Sum=ff4b (       -181)
    得到: Sum=1fff33 (       -205)
[1609200000] PATTERN: *** 比對錯誤 *** (Test #2745)
    預期: Sum=ff33 (       -205)
    得到: Sum=1fff31 (       -207)
[1609290000] PATTERN: *** 比對錯誤 *** (Test #2746)
    預期: Sum=006e (        110)
    得到: Sum=00004f (         79)
[1609380000] PATTERN: *** 比對錯誤 *** (Test #2747)
    預期: Sum=0010 (         16)
    得到: Sum=00000e (         14)
[1609470000] PATTERN: *** 比對錯誤 *** (Test #2748)
    預期: Sum=ffcb (        -53)
    得到: Sum=1fff8d (       -115)
[1609560000] PATTERN: *** 比對錯誤 *** (Test #2749)
    預期: Sum=fed8 (       -296)
    得到: Sum=1ffee1 (       -287)
[1609650000] PATTERN: *** 比對錯誤 *** (Test #2750)
    預期: Sum=fff4 (        -12)
    得到: Sum=000005 (          5)
[1609740000] PATTERN: *** 比對錯誤 *** (Test #2751)
    預期: Sum=005a (         90)
    得到: Sum=00005e (         94)
[1609830000] PATTERN: *** 比對錯誤 *** (Test #2752)
    預期: Sum=0061 (         97)
    得到: Sum=000090 (        144)
[1609920000] PATTERN: *** 比對錯誤 *** (Test #2753)
    預期: Sum=ffec (        -20)
    得到: Sum=1fffde (        -34)
*Verdi* : Flush all FSDB Files at 1,610,000,000 ps.
[1610010000] PATTERN: *** 比對錯誤 *** (Test #2754)
    預期: Sum=fef4 (       -268)
    得到: Sum=1ffefa (       -262)
[1610100000] PATTERN: *** 比對錯誤 *** (Test #2755)
    預期: Sum=0006 (          6)
    得到: Sum=000002 (          2)
[1610190000] PATTERN: *** 比對錯誤 *** (Test #2756)
    預期: Sum=ffe4 (        -28)
    得到: Sum=1fffd8 (        -40)
[1610280000] PATTERN: *** 比對錯誤 *** (Test #2757)
    預期: Sum=ffe8 (        -24)
    得到: Sum=1ffff2 (        -14)
[1610370000] PATTERN: *** 比對錯誤 *** (Test #2758)
    預期: Sum=fec9 (       -311)
    得到: Sum=1ffede (       -290)
[1610460000] PATTERN: *** 比對錯誤 *** (Test #2759)
    預期: Sum=004b (         75)
    得到: Sum=000045 (         69)
[1610550000] PATTERN: *** 比對錯誤 *** (Test #2760)
    預期: Sum=0032 (         50)
    得到: Sum=000043 (         67)
[1610640000] PATTERN: *** 比對錯誤 *** (Test #2761)
    預期: Sum=fff7 (         -9)
    得到: Sum=1fffdb (        -37)
[1610730000] PATTERN: *** 比對錯誤 *** (Test #2762)
    預期: Sum=0037 (         55)
    得到: Sum=00001f (         31)
[1610820000] PATTERN: *** 比對錯誤 *** (Test #2763)
    預期: Sum=ffed (        -19)
    得到: Sum=1fffc3 (        -61)
[1610910000] PATTERN: *** 比對錯誤 *** (Test #2764)
    預期: Sum=ffc2 (        -62)
    得到: Sum=1fffbd (        -67)
*Verdi* : Flush all FSDB Files at 1,611,000,000 ps.
[1611000000] PATTERN: *** 比對錯誤 *** (Test #2765)
    預期: Sum=0000 (          0)
    得到: Sum=000001 (          1)
[1611090000] PATTERN: *** 比對錯誤 *** (Test #2766)
    預期: Sum=ffe1 (        -31)
    得到: Sum=1fffb5 (        -75)
[1611180000] PATTERN: *** 比對錯誤 *** (Test #2767)
    預期: Sum=0071 (        113)
    得到: Sum=000080 (        128)
[1611270000] PATTERN: *** 比對錯誤 *** (Test #2768)
    預期: Sum=0007 (          7)
    得到: Sum=000008 (          8)
[1611360000] PATTERN: *** 比對錯誤 *** (Test #2769)
    預期: Sum=006e (        110)
    得到: Sum=00006a (        106)
[1611450000] PATTERN: *** 比對錯誤 *** (Test #2770)
    預期: Sum=ffb8 (        -72)
    得到: Sum=1ffff6 (        -10)
[1611540000] PATTERN: *** 比對錯誤 *** (Test #2771)
    預期: Sum=007c (        124)
    得到: Sum=000071 (        113)
[1611630000] PATTERN: *** 比對錯誤 *** (Test #2772)
    預期: Sum=ff90 (       -112)
    得到: Sum=1fff66 (       -154)
[1611720000] PATTERN: *** 比對錯誤 *** (Test #2773)
    預期: Sum=0008 (          8)
    得到: Sum=000009 (          9)
[1611810000] PATTERN: *** 比對錯誤 *** (Test #2774)
    預期: Sum=ffbc (        -68)
    得到: Sum=1fffa9 (        -87)
[1611900000] PATTERN: *** 比對錯誤 *** (Test #2775)
    預期: Sum=005e (         94)
    得到: Sum=000064 (        100)
[1611990000] PATTERN: *** 比對錯誤 *** (Test #2776)
    預期: Sum=ff1f (       -225)
    得到: Sum=1ffef5 (       -267)
*Verdi* : Flush all FSDB Files at 1,612,000,000 ps.
[1612080000] PATTERN: *** 比對錯誤 *** (Test #2777)
    預期: Sum=ffed (        -19)
    得到: Sum=1fffff (         -1)
[1612170000] PATTERN: *** 比對錯誤 *** (Test #2778)
    預期: Sum=ff08 (       -248)
    得到: Sum=1fff11 (       -239)
[1612260000] PATTERN: *** 比對錯誤 *** (Test #2779)
    預期: Sum=ff79 (       -135)
    得到: Sum=1fff1b (       -229)
[1612350000] PATTERN: *** 比對錯誤 *** (Test #2780)
    預期: Sum=ff02 (       -254)
    得到: Sum=1ffefd (       -259)
[1612440000] PATTERN: *** 比對錯誤 *** (Test #2781)
    預期: Sum=ffe1 (        -31)
    得到: Sum=1fffc7 (        -57)
[1612530000] PATTERN: *** 比對錯誤 *** (Test #2782)
    預期: Sum=ff93 (       -109)
    得到: Sum=1fff99 (       -103)
[1612620000] PATTERN: *** 比對錯誤 *** (Test #2783)
    預期: Sum=fffd (         -3)
    得到: Sum=1fffed (        -19)
[1612710000] PATTERN: *** 比對錯誤 *** (Test #2784)
    預期: Sum=ffba (        -70)
    得到: Sum=1fffef (        -17)
[1612800000] PATTERN: *** 比對錯誤 *** (Test #2785)
    預期: Sum=002e (         46)
    得到: Sum=000011 (         17)
[1612890000] PATTERN: *** 比對錯誤 *** (Test #2786)
    預期: Sum=ff0a (       -246)
    得到: Sum=1fff32 (       -206)
[1612980000] PATTERN: *** 比對錯誤 *** (Test #2787)
    預期: Sum=ffea (        -22)
    得到: Sum=1fffeb (        -21)
*Verdi* : Flush all FSDB Files at 1,613,000,000 ps.
[1613070000] PATTERN: *** 比對錯誤 *** (Test #2788)
    預期: Sum=fed8 (       -296)
    得到: Sum=1fff18 (       -232)
[1613160000] PATTERN: *** 比對錯誤 *** (Test #2789)
    預期: Sum=fee8 (       -280)
    得到: Sum=1ffeea (       -278)
[1613250000] PATTERN: *** 比對錯誤 *** (Test #2790)
    預期: Sum=0094 (        148)
    得到: Sum=00010a (        266)
[1613340000] PATTERN: *** 比對錯誤 *** (Test #2791)
    預期: Sum=fed7 (       -297)
    得到: Sum=1ffefc (       -260)
[1613430000] PATTERN: *** 比對錯誤 *** (Test #2792)
    預期: Sum=ffc3 (        -61)
    得到: Sum=1fffee (        -18)
[1613520000] PATTERN: *** 比對錯誤 *** (Test #2793)
    預期: Sum=0006 (          6)
    得到: Sum=1ffff2 (        -14)
[1613610000] PATTERN: *** 比對錯誤 *** (Test #2794)
    預期: Sum=feba (       -326)
    得到: Sum=1ffeaf (       -337)
[1613700000] PATTERN: *** 比對錯誤 *** (Test #2795)
    預期: Sum=fffd (         -3)
    得到: Sum=1ffff4 (        -12)
[1613790000] PATTERN: *** 比對錯誤 *** (Test #2796)
    預期: Sum=0009 (          9)
    得到: Sum=1ffff3 (        -13)
[1613880000] PATTERN: *** 比對錯誤 *** (Test #2797)
    預期: Sum=fff3 (        -13)
    得到: Sum=000017 (         23)
[1613970000] PATTERN: *** 比對錯誤 *** (Test #2798)
    預期: Sum=ff5e (       -162)
    得到: Sum=1fff98 (       -104)
*Verdi* : Flush all FSDB Files at 1,614,000,000 ps.
[1614060000] PATTERN: *** 比對錯誤 *** (Test #2799)
    預期: Sum=fee0 (       -288)
    得到: Sum=1fff1f (       -225)
[1614150000] PATTERN: *** 比對錯誤 *** (Test #2800)
    預期: Sum=fef7 (       -265)
    得到: Sum=1ffedf (       -289)
[1614240000] PATTERN: *** 比對錯誤 *** (Test #2801)
    預期: Sum=ffde (        -34)
    得到: Sum=1fffdd (        -35)
[1614330000] PATTERN: *** 比對錯誤 *** (Test #2802)
    預期: Sum=ffbe (        -66)
    得到: Sum=1fffba (        -70)
[1614420000] PATTERN: *** 比對錯誤 *** (Test #2803)
    預期: Sum=ff1e (       -226)
    得到: Sum=1fff31 (       -207)
[1614510000] PATTERN: *** 比對錯誤 *** (Test #2804)
    預期: Sum=ffc9 (        -55)
    得到: Sum=1fffdc (        -36)
[1614600000] PATTERN: *** 比對錯誤 *** (Test #2805)
    預期: Sum=0053 (         83)
    得到: Sum=000032 (         50)
[1614780000] PATTERN: *** 比對錯誤 *** (Test #2807)
    預期: Sum=ffee (        -18)
    得到: Sum=1ffff1 (        -15)
[1614870000] PATTERN: *** 比對錯誤 *** (Test #2808)
    預期: Sum=fff4 (        -12)
    得到: Sum=000005 (          5)
[1614960000] PATTERN: *** 比對錯誤 *** (Test #2809)
    預期: Sum=0028 (         40)
    得到: Sum=000014 (         20)
*Verdi* : Flush all FSDB Files at 1,615,000,000 ps.
[1615050000] PATTERN: *** 比對錯誤 *** (Test #2810)
    預期: Sum=ffe9 (        -23)
    得到: Sum=1fffe1 (        -31)
[1615140000] PATTERN: *** 比對錯誤 *** (Test #2811)
    預期: Sum=ffe3 (        -29)
    得到: Sum=1fffde (        -34)
[1615230000] PATTERN: *** 比對錯誤 *** (Test #2812)
    預期: Sum=ffd0 (        -48)
    得到: Sum=1fffb8 (        -72)
[1615320000] PATTERN: *** 比對錯誤 *** (Test #2813)
    預期: Sum=0073 (        115)
    得到: Sum=000092 (        146)
[1615410000] PATTERN: *** 比對錯誤 *** (Test #2814)
    預期: Sum=fefd (       -259)
    得到: Sum=1ffef8 (       -264)
[1615500000] PATTERN: *** 比對錯誤 *** (Test #2815)
    預期: Sum=ffe5 (        -27)
    得到: Sum=1fffec (        -20)
[1615590000] PATTERN: *** 比對錯誤 *** (Test #2816)
    預期: Sum=ff4e (       -178)
    得到: Sum=1fff2d (       -211)
[1615680000] PATTERN: *** 比對錯誤 *** (Test #2817)
    預期: Sum=fffc (         -4)
    得到: Sum=000005 (          5)
[1615770000] PATTERN: *** 比對錯誤 *** (Test #2818)
    預期: Sum=ffea (        -22)
    得到: Sum=1fffdb (        -37)
[1615860000] PATTERN: *** 比對錯誤 *** (Test #2819)
    預期: Sum=ffe4 (        -28)
    得到: Sum=1fffe8 (        -24)
[1615950000] PATTERN: *** 比對錯誤 *** (Test #2820)
    預期: Sum=fffd (         -3)
    得到: Sum=1ffffc (         -4)
*Verdi* : Flush all FSDB Files at 1,616,000,000 ps.
[1616040000] PATTERN: *** 比對錯誤 *** (Test #2821)
    預期: Sum=001e (         30)
    得到: Sum=00001b (         27)
[1616130000] PATTERN: *** 比對錯誤 *** (Test #2822)
    預期: Sum=ffe7 (        -25)
    得到: Sum=1fffaf (        -81)
[1616220000] PATTERN: *** 比對錯誤 *** (Test #2823)
    預期: Sum=feff (       -257)
    得到: Sum=1ffef9 (       -263)
[1616310000] PATTERN: *** 比對錯誤 *** (Test #2824)
    預期: Sum=0086 (        134)
    得到: Sum=00007e (        126)
[1616400000] PATTERN: *** 比對錯誤 *** (Test #2825)
    預期: Sum=ffce (        -50)
    得到: Sum=00003f (         63)
[1616490000] PATTERN: *** 比對錯誤 *** (Test #2826)
    預期: Sum=ff9f (        -97)
    得到: Sum=1fffb3 (        -77)
[1616670000] PATTERN: *** 比對錯誤 *** (Test #2828)
    預期: Sum=005f (         95)
    得到: Sum=000064 (        100)
[1616760000] PATTERN: *** 比對錯誤 *** (Test #2829)
    預期: Sum=ff9d (        -99)
    得到: Sum=1fff9e (        -98)
[1616850000] PATTERN: *** 比對錯誤 *** (Test #2830)
    預期: Sum=ff22 (       -222)
    得到: Sum=1ffeee (       -274)
[1616940000] PATTERN: *** 比對錯誤 *** (Test #2831)
    預期: Sum=0013 (         19)
    得到: Sum=1fffff (         -1)
*Verdi* : Flush all FSDB Files at 1,617,000,000 ps.
[1617030000] PATTERN: *** 比對錯誤 *** (Test #2832)
    預期: Sum=ffe5 (        -27)
    得到: Sum=1fffeb (        -21)
[1617120000] PATTERN: *** 比對錯誤 *** (Test #2833)
    預期: Sum=0005 (          5)
    得到: Sum=000008 (          8)
[1617210000] PATTERN: *** 比對錯誤 *** (Test #2834)
    預期: Sum=ffe7 (        -25)
    得到: Sum=1fffe2 (        -30)
[1617300000] PATTERN: *** 比對錯誤 *** (Test #2835)
    預期: Sum=0001 (          1)
    得到: Sum=000006 (          6)
[1617390000] PATTERN: *** 比對錯誤 *** (Test #2836)
    預期: Sum=fff6 (        -10)
    得到: Sum=1ffff0 (        -16)
[1617480000] PATTERN: *** 比對錯誤 *** (Test #2837)
    預期: Sum=ffec (        -20)
    得到: Sum=1fffee (        -18)
[1617570000] PATTERN: *** 比對錯誤 *** (Test #2838)
    預期: Sum=ffd3 (        -45)
    得到: Sum=1fffa4 (        -92)
[1617660000] PATTERN: *** 比對錯誤 *** (Test #2839)
    預期: Sum=ff12 (       -238)
    得到: Sum=1fff15 (       -235)
[1617750000] PATTERN: *** 比對錯誤 *** (Test #2840)
    預期: Sum=0003 (          3)
    得到: Sum=00004a (         74)
[1617840000] PATTERN: *** 比對錯誤 *** (Test #2841)
    預期: Sum=fff4 (        -12)
    得到: Sum=00000f (         15)
[1617930000] PATTERN: *** 比對錯誤 *** (Test #2842)
    預期: Sum=fffb (         -5)
    得到: Sum=1ffff3 (        -13)
*Verdi* : Flush all FSDB Files at 1,618,000,000 ps.
[1618020000] PATTERN: *** 比對錯誤 *** (Test #2843)
    預期: Sum=ffed (        -19)
    得到: Sum=1fffc4 (        -60)
[1618110000] PATTERN: *** 比對錯誤 *** (Test #2844)
    預期: Sum=fec1 (       -319)
    得到: Sum=1ffea7 (       -345)
[1618200000] PATTERN: *** 比對錯誤 *** (Test #2845)
    預期: Sum=fff7 (         -9)
    得到: Sum=000000 (          0)
[1618290000] PATTERN: *** 比對錯誤 *** (Test #2846)
    預期: Sum=0003 (          3)
    得到: Sum=1ffff7 (         -9)
[1618380000] PATTERN: *** 比對錯誤 *** (Test #2847)
    預期: Sum=0046 (         70)
    得到: Sum=00001a (         26)
[1618470000] PATTERN: *** 比對錯誤 *** (Test #2848)
    預期: Sum=0036 (         54)
    得到: Sum=00003b (         59)
[1618560000] PATTERN: *** 比對錯誤 *** (Test #2849)
    預期: Sum=fff9 (         -7)
    得到: Sum=000004 (          4)
[1618650000] PATTERN: *** 比對錯誤 *** (Test #2850)
    預期: Sum=0030 (         48)
    得到: Sum=000035 (         53)
[1618740000] PATTERN: *** 比對錯誤 *** (Test #2851)
    預期: Sum=fee7 (       -281)
    得到: Sum=1ffeef (       -273)
[1618830000] PATTERN: *** 比對錯誤 *** (Test #2852)
    預期: Sum=fff0 (        -16)
    得到: Sum=00000e (         14)
[1618920000] PATTERN: *** 比對錯誤 *** (Test #2853)
    預期: Sum=ffa3 (        -93)
    得到: Sum=1fffc9 (        -55)
*Verdi* : Flush all FSDB Files at 1,619,000,000 ps.
[1619010000] PATTERN: *** 比對錯誤 *** (Test #2854)
    預期: Sum=0019 (         25)
    得到: Sum=00001b (         27)
[1619100000] PATTERN: *** 比對錯誤 *** (Test #2855)
    預期: Sum=0011 (         17)
    得到: Sum=000009 (          9)
[1619190000] PATTERN: *** 比對錯誤 *** (Test #2856)
    預期: Sum=fff5 (        -11)
    得到: Sum=1fffca (        -54)
[1619370000] PATTERN: *** 比對錯誤 *** (Test #2858)
    預期: Sum=ff11 (       -239)
    得到: Sum=1fff12 (       -238)
[1619460000] PATTERN: *** 比對錯誤 *** (Test #2859)
    預期: Sum=ffc6 (        -58)
    得到: Sum=1fffcf (        -49)
[1619550000] PATTERN: *** 比對錯誤 *** (Test #2860)
    預期: Sum=ffb1 (        -79)
    得到: Sum=1fffcd (        -51)
[1619640000] PATTERN: *** 比對錯誤 *** (Test #2861)
    預期: Sum=feb4 (       -332)
    得到: Sum=1ffefc (       -260)
[1619730000] PATTERN: *** 比對錯誤 *** (Test #2862)
    預期: Sum=ffc6 (        -58)
    得到: Sum=1fffe9 (        -23)
[1619820000] PATTERN: *** 比對錯誤 *** (Test #2863)
    預期: Sum=ff6a (       -150)
    得到: Sum=1fff86 (       -122)
[1619910000] PATTERN: *** 比對錯誤 *** (Test #2864)
    預期: Sum=ffff (         -1)
    得到: Sum=1ffffa (         -6)
*Verdi* : Flush all FSDB Files at 1,620,000,000 ps.
[1620000000] PATTERN: *** 比對錯誤 *** (Test #2865)
    預期: Sum=0029 (         41)
    得到: Sum=00000e (         14)
[1620090000] PATTERN: *** 比對錯誤 *** (Test #2866)
    預期: Sum=fff3 (        -13)
    得到: Sum=1ffff4 (        -12)
[1620180000] PATTERN: *** 比對錯誤 *** (Test #2867)
    預期: Sum=ffb8 (        -72)
    得到: Sum=1fffb1 (        -79)
[1620270000] PATTERN: *** 比對錯誤 *** (Test #2868)
    預期: Sum=0094 (        148)
    得到: Sum=000066 (        102)
[1620360000] PATTERN: *** 比對錯誤 *** (Test #2869)
    預期: Sum=ff09 (       -247)
    得到: Sum=1ffefb (       -261)
[1620450000] PATTERN: *** 比對錯誤 *** (Test #2870)
    預期: Sum=005b (         91)
    得到: Sum=000011 (         17)
[1620540000] PATTERN: *** 比對錯誤 *** (Test #2871)
    預期: Sum=0024 (         36)
    得到: Sum=000013 (         19)
[1620630000] PATTERN: *** 比對錯誤 *** (Test #2872)
    預期: Sum=ffce (        -50)
    得到: Sum=000001 (          1)
[1620720000] PATTERN: *** 比對錯誤 *** (Test #2873)
    預期: Sum=fff6 (        -10)
    得到: Sum=000008 (          8)
[1620810000] PATTERN: *** 比對錯誤 *** (Test #2874)
    預期: Sum=fffc (         -4)
    得到: Sum=1ffffd (         -3)
[1620900000] PATTERN: *** 比對錯誤 *** (Test #2875)
    預期: Sum=ff27 (       -217)
    得到: Sum=1fff97 (       -105)
[1620990000] PATTERN: *** 比對錯誤 *** (Test #2876)
    預期: Sum=0097 (        151)
    得到: Sum=000045 (         69)
*Verdi* : Flush all FSDB Files at 1,621,000,000 ps.
[1621080000] PATTERN: *** 比對錯誤 *** (Test #2877)
    預期: Sum=feaf (       -337)
    得到: Sum=1ffec4 (       -316)
[1621170000] PATTERN: *** 比對錯誤 *** (Test #2878)
    預期: Sum=ffd9 (        -39)
    得到: Sum=1fffbc (        -68)
[1621260000] PATTERN: *** 比對錯誤 *** (Test #2879)
    預期: Sum=ffe3 (        -29)
    得到: Sum=1fffe4 (        -28)
[1621350000] PATTERN: *** 比對錯誤 *** (Test #2880)
    預期: Sum=0122 (        290)
    得到: Sum=000009 (          9)
[1621440000] PATTERN: *** 比對錯誤 *** (Test #2881)
    預期: Sum=0011 (         17)
    得到: Sum=000004 (          4)
[1621530000] PATTERN: *** 比對錯誤 *** (Test #2882)
    預期: Sum=fff3 (        -13)
    得到: Sum=1fffc2 (        -62)
[1621620000] PATTERN: *** 比對錯誤 *** (Test #2883)
    預期: Sum=ffc2 (        -62)
    得到: Sum=1fffcb (        -53)
[1621710000] PATTERN: *** 比對錯誤 *** (Test #2884)
    預期: Sum=fff9 (         -7)
    得到: Sum=1fffe4 (        -28)
[1621800000] PATTERN: *** 比對錯誤 *** (Test #2885)
    預期: Sum=fff1 (        -15)
    得到: Sum=1ffff7 (         -9)
[1621890000] PATTERN: *** 比對錯誤 *** (Test #2886)
    預期: Sum=0004 (          4)
    得到: Sum=1fffe6 (        -26)
[1621980000] PATTERN: *** 比對錯誤 *** (Test #2887)
    預期: Sum=ffe2 (        -30)
    得到: Sum=1fffef (        -17)
*Verdi* : Flush all FSDB Files at 1,622,000,000 ps.
[1622070000] PATTERN: *** 比對錯誤 *** (Test #2888)
    預期: Sum=ff59 (       -167)
    得到: Sum=1fff73 (       -141)
[1622160000] PATTERN: *** 比對錯誤 *** (Test #2889)
    預期: Sum=001e (         30)
    得到: Sum=00002f (         47)
[1622250000] PATTERN: *** 比對錯誤 *** (Test #2890)
    預期: Sum=0004 (          4)
    得到: Sum=000003 (          3)
[1622340000] PATTERN: *** 比對錯誤 *** (Test #2891)
    預期: Sum=fee0 (       -288)
    得到: Sum=1ffef3 (       -269)
[1622430000] PATTERN: *** 比對錯誤 *** (Test #2892)
    預期: Sum=0044 (         68)
    得到: Sum=000062 (         98)
[1622520000] PATTERN: *** 比對錯誤 *** (Test #2893)
    預期: Sum=0060 (         96)
    得到: Sum=000006 (          6)
[1622610000] PATTERN: *** 比對錯誤 *** (Test #2894)
    預期: Sum=0059 (         89)
    得到: Sum=00000c (         12)
[1622700000] PATTERN: *** 比對錯誤 *** (Test #2895)
    預期: Sum=0004 (          4)
    得到: Sum=1fffcb (        -53)
[1622790000] PATTERN: *** 比對錯誤 *** (Test #2896)
    預期: Sum=ffe1 (        -31)
    得到: Sum=1fffeb (        -21)
[1622880000] PATTERN: *** 比對錯誤 *** (Test #2897)
    預期: Sum=ffd1 (        -47)
    得到: Sum=1fffcc (        -52)
[1622970000] PATTERN: *** 比對錯誤 *** (Test #2898)
    預期: Sum=ff8d (       -115)
    得到: Sum=1fffa6 (        -90)
*Verdi* : Flush all FSDB Files at 1,623,000,000 ps.
[1623060000] PATTERN: *** 比對錯誤 *** (Test #2899)
    預期: Sum=fffb (         -5)
    得到: Sum=1fffe5 (        -27)
[1623150000] PATTERN: *** 比對錯誤 *** (Test #2900)
    預期: Sum=ffde (        -34)
    得到: Sum=1ffffe (         -2)
[1623240000] PATTERN: *** 比對錯誤 *** (Test #2901)
    預期: Sum=0039 (         57)
    得到: Sum=00001c (         28)
[1623330000] PATTERN: *** 比對錯誤 *** (Test #2902)
    預期: Sum=0039 (         57)
    得到: Sum=000048 (         72)
[1623420000] PATTERN: *** 比對錯誤 *** (Test #2903)
    預期: Sum=ffac (        -84)
    得到: Sum=1fffeb (        -21)
[1623510000] PATTERN: *** 比對錯誤 *** (Test #2904)
    預期: Sum=0052 (         82)
    得到: Sum=000077 (        119)
[1623600000] PATTERN: *** 比對錯誤 *** (Test #2905)
    預期: Sum=ffe5 (        -27)
    得到: Sum=1fffe6 (        -26)
[1623690000] PATTERN: *** 比對錯誤 *** (Test #2906)
    預期: Sum=feee (       -274)
    得到: Sum=1ffeed (       -275)
[1623870000] PATTERN: *** 比對錯誤 *** (Test #2908)
    預期: Sum=fffd (         -3)
    得到: Sum=000007 (          7)
[1623960000] PATTERN: *** 比對錯誤 *** (Test #2909)
    預期: Sum=ff31 (       -207)
    得到: Sum=1fff52 (       -174)
*Verdi* : Flush all FSDB Files at 1,624,000,000 ps.
[1624050000] PATTERN: *** 比對錯誤 *** (Test #2910)
    預期: Sum=000f (         15)
    得到: Sum=1fffdf (        -33)
[1624140000] PATTERN: *** 比對錯誤 *** (Test #2911)
    預期: Sum=0029 (         41)
    得到: Sum=000010 (         16)
[1624230000] PATTERN: *** 比對錯誤 *** (Test #2912)
    預期: Sum=fff8 (         -8)
    得到: Sum=00000d (         13)
[1624320000] PATTERN: *** 比對錯誤 *** (Test #2913)
    預期: Sum=ff1d (       -227)
    得到: Sum=1fff0a (       -246)
[1624410000] PATTERN: *** 比對錯誤 *** (Test #2914)
    預期: Sum=fff7 (         -9)
    得到: Sum=1ffff5 (        -11)
[1624500000] PATTERN: *** 比對錯誤 *** (Test #2915)
    預期: Sum=0109 (        265)
    得到: Sum=0000c9 (        201)
[1624590000] PATTERN: *** 比對錯誤 *** (Test #2916)
    預期: Sum=0068 (        104)
    得到: Sum=00005f (         95)
[1624680000] PATTERN: *** 比對錯誤 *** (Test #2917)
    預期: Sum=0014 (         20)
    得到: Sum=000005 (          5)
[1624770000] PATTERN: *** 比對錯誤 *** (Test #2918)
    預期: Sum=00b7 (        183)
    得到: Sum=000080 (        128)
[1624860000] PATTERN: *** 比對錯誤 *** (Test #2919)
    預期: Sum=ffe0 (        -32)
    得到: Sum=1fffd8 (        -40)
[1624950000] PATTERN: *** 比對錯誤 *** (Test #2920)
    預期: Sum=0053 (         83)
    得到: Sum=00004b (         75)
*Verdi* : Flush all FSDB Files at 1,625,000,000 ps.
[1625040000] PATTERN: *** 比對錯誤 *** (Test #2921)
    預期: Sum=ffe7 (        -25)
    得到: Sum=1fffe6 (        -26)
[1625130000] PATTERN: *** 比對錯誤 *** (Test #2922)
    預期: Sum=fff2 (        -14)
    得到: Sum=1fffb1 (        -79)
[1625220000] PATTERN: *** 比對錯誤 *** (Test #2923)
    預期: Sum=ff6d (       -147)
    得到: Sum=1fff82 (       -126)
[1625310000] PATTERN: *** 比對錯誤 *** (Test #2924)
    預期: Sum=ffc5 (        -59)
    得到: Sum=1fffd0 (        -48)
[1625400000] PATTERN: *** 比對錯誤 *** (Test #2925)
    預期: Sum=ff5a (       -166)
    得到: Sum=1fff6f (       -145)
[1625490000] PATTERN: *** 比對錯誤 *** (Test #2926)
    預期: Sum=ff1f (       -225)
    得到: Sum=1fff2f (       -209)
[1625580000] PATTERN: *** 比對錯誤 *** (Test #2927)
    預期: Sum=00a2 (        162)
    得到: Sum=0000c4 (        196)
[1625670000] PATTERN: *** 比對錯誤 *** (Test #2928)
    預期: Sum=0001 (          1)
    得到: Sum=000015 (         21)
[1625760000] PATTERN: *** 比對錯誤 *** (Test #2929)
    預期: Sum=0017 (         23)
    得到: Sum=1fffc0 (        -64)
[1625850000] PATTERN: *** 比對錯誤 *** (Test #2930)
    預期: Sum=ff7a (       -134)
    得到: Sum=1fff53 (       -173)
[1625940000] PATTERN: *** 比對錯誤 *** (Test #2931)
    預期: Sum=ff37 (       -201)
    得到: Sum=1fff41 (       -191)
*Verdi* : Flush all FSDB Files at 1,626,000,000 ps.
[1626030000] PATTERN: *** 比對錯誤 *** (Test #2932)
    預期: Sum=ff13 (       -237)
    得到: Sum=1fff2e (       -210)
[1626120000] PATTERN: *** 比對錯誤 *** (Test #2933)
    預期: Sum=0001 (          1)
    得到: Sum=1fffdb (        -37)
[1626210000] PATTERN: *** 比對錯誤 *** (Test #2934)
    預期: Sum=fef6 (       -266)
    得到: Sum=1ffef4 (       -268)
[1626300000] PATTERN: *** 比對錯誤 *** (Test #2935)
    預期: Sum=ffea (        -22)
    得到: Sum=1fffd5 (        -43)
[1626390000] PATTERN: *** 比對錯誤 *** (Test #2936)
    預期: Sum=0096 (        150)
    得到: Sum=00009c (        156)
[1626480000] PATTERN: *** 比對錯誤 *** (Test #2937)
    預期: Sum=ffec (        -20)
    得到: Sum=1ffff8 (         -8)
[1626570000] PATTERN: *** 比對錯誤 *** (Test #2938)
    預期: Sum=0007 (          7)
    得到: Sum=00000e (         14)
[1626660000] PATTERN: *** 比對錯誤 *** (Test #2939)
    預期: Sum=002e (         46)
    得到: Sum=000040 (         64)
[1626750000] PATTERN: *** 比對錯誤 *** (Test #2940)
    預期: Sum=fffb (         -5)
    得到: Sum=1fffef (        -17)
[1626840000] PATTERN: *** 比對錯誤 *** (Test #2941)
    預期: Sum=ff39 (       -199)
    得到: Sum=1fff55 (       -171)
[1626930000] PATTERN: *** 比對錯誤 *** (Test #2942)
    預期: Sum=0000 (          0)
    得到: Sum=1fffd6 (        -42)
*Verdi* : Flush all FSDB Files at 1,627,000,000 ps.
[1627020000] PATTERN: *** 比對錯誤 *** (Test #2943)
    預期: Sum=ff12 (       -238)
    得到: Sum=1fff19 (       -231)
[1627110000] PATTERN: *** 比對錯誤 *** (Test #2944)
    預期: Sum=ff68 (       -152)
    得到: Sum=1fffa8 (        -88)
[1627200000] PATTERN: *** 比對錯誤 *** (Test #2945)
    預期: Sum=ff4a (       -182)
    得到: Sum=1fff45 (       -187)
[1627290000] PATTERN: *** 比對錯誤 *** (Test #2946)
    預期: Sum=fff9 (         -7)
    得到: Sum=000004 (          4)
[1627380000] PATTERN: *** 比對錯誤 *** (Test #2947)
    預期: Sum=0019 (         25)
    得到: Sum=000002 (          2)
[1627470000] PATTERN: *** 比對錯誤 *** (Test #2948)
    預期: Sum=000e (         14)
    得到: Sum=000008 (          8)
[1627560000] PATTERN: *** 比對錯誤 *** (Test #2949)
    預期: Sum=000f (         15)
    得到: Sum=000001 (          1)
[1627650000] PATTERN: *** 比對錯誤 *** (Test #2950)
    預期: Sum=ff02 (       -254)
    得到: Sum=1fff03 (       -253)
[1627740000] PATTERN: *** 比對錯誤 *** (Test #2951)
    預期: Sum=ffac (        -84)
    得到: Sum=000001 (          1)
[1627830000] PATTERN: *** 比對錯誤 *** (Test #2952)
    預期: Sum=feeb (       -277)
    得到: Sum=1ffee4 (       -284)
[1627920000] PATTERN: *** 比對錯誤 *** (Test #2953)
    預期: Sum=0054 (         84)
    得到: Sum=000040 (         64)
*Verdi* : Flush all FSDB Files at 1,628,000,000 ps.
[1628010000] PATTERN: *** 比對錯誤 *** (Test #2954)
    預期: Sum=ffa3 (        -93)
    得到: Sum=1fffde (        -34)
[1628100000] PATTERN: *** 比對錯誤 *** (Test #2955)
    預期: Sum=ffe0 (        -32)
    得到: Sum=1fff9c (       -100)
[1628190000] PATTERN: *** 比對錯誤 *** (Test #2956)
    預期: Sum=ffe5 (        -27)
    得到: Sum=1ffff5 (        -11)
[1628280000] PATTERN: *** 比對錯誤 *** (Test #2957)
    預期: Sum=ffaa (        -86)
    得到: Sum=1ffff9 (         -7)
[1628370000] PATTERN: *** 比對錯誤 *** (Test #2958)
    預期: Sum=0019 (         25)
    得到: Sum=000008 (          8)
[1628460000] PATTERN: *** 比對錯誤 *** (Test #2959)
    預期: Sum=fff6 (        -10)
    得到: Sum=000002 (          2)
[1628550000] PATTERN: *** 比對錯誤 *** (Test #2960)
    預期: Sum=0022 (         34)
    得到: Sum=00004d (         77)
[1628640000] PATTERN: *** 比對錯誤 *** (Test #2961)
    預期: Sum=fde6 (       -538)
    得到: Sum=1ffe23 (       -477)
[1628730000] PATTERN: *** 比對錯誤 *** (Test #2962)
    預期: Sum=001b (         27)
    得到: Sum=000017 (         23)
[1628820000] PATTERN: *** 比對錯誤 *** (Test #2963)
    預期: Sum=ffd3 (        -45)
    得到: Sum=1fffea (        -22)
[1628910000] PATTERN: *** 比對錯誤 *** (Test #2964)
    預期: Sum=0003 (          3)
    得到: Sum=1ffffa (         -6)
*Verdi* : Flush all FSDB Files at 1,629,000,000 ps.
[1629000000] PATTERN: *** 比對錯誤 *** (Test #2965)
    預期: Sum=001a (         26)
    得到: Sum=00002e (         46)
[1629090000] PATTERN: *** 比對錯誤 *** (Test #2966)
    預期: Sum=ffcd (        -51)
    得到: Sum=1fffd4 (        -44)
[1629180000] PATTERN: *** 比對錯誤 *** (Test #2967)
    預期: Sum=0004 (          4)
    得到: Sum=00000c (         12)
[1629270000] PATTERN: *** 比對錯誤 *** (Test #2968)
    預期: Sum=ff91 (       -111)
    得到: Sum=1fffa4 (        -92)
[1629360000] PATTERN: *** 比對錯誤 *** (Test #2969)
    預期: Sum=ffdc (        -36)
    得到: Sum=1fffe3 (        -29)
[1629450000] PATTERN: *** 比對錯誤 *** (Test #2970)
    預期: Sum=ffde (        -34)
    得到: Sum=1fffc5 (        -59)
[1629540000] PATTERN: *** 比對錯誤 *** (Test #2971)
    預期: Sum=0059 (         89)
    得到: Sum=000083 (        131)
[1629630000] PATTERN: *** 比對錯誤 *** (Test #2972)
    預期: Sum=fee2 (       -286)
    得到: Sum=1fff27 (       -217)
[1629720000] PATTERN: *** 比對錯誤 *** (Test #2973)
    預期: Sum=ffef (        -17)
    得到: Sum=1fffee (        -18)
[1629810000] PATTERN: *** 比對錯誤 *** (Test #2974)
    預期: Sum=fff5 (        -11)
    得到: Sum=000004 (          4)
[1629900000] PATTERN: *** 比對錯誤 *** (Test #2975)
    預期: Sum=000b (         11)
    得到: Sum=000031 (         49)
[1629990000] PATTERN: *** 比對錯誤 *** (Test #2976)
    預期: Sum=ff68 (       -152)
    得到: Sum=1fff7c (       -132)
*Verdi* : Flush all FSDB Files at 1,630,000,000 ps.
[1630080000] PATTERN: *** 比對錯誤 *** (Test #2977)
    預期: Sum=fedd (       -291)
    得到: Sum=1ffeee (       -274)
[1630170000] PATTERN: *** 比對錯誤 *** (Test #2978)
    預期: Sum=fffe (         -2)
    得到: Sum=00000d (         13)
[1630260000] PATTERN: *** 比對錯誤 *** (Test #2979)
    預期: Sum=ffc0 (        -64)
    得到: Sum=1fffce (        -50)
[1630350000] PATTERN: *** 比對錯誤 *** (Test #2980)
    預期: Sum=fefc (       -260)
    得到: Sum=1ffef6 (       -266)
[1630440000] PATTERN: *** 比對錯誤 *** (Test #2981)
    預期: Sum=ff18 (       -232)
    得到: Sum=1fff1f (       -225)
[1630530000] PATTERN: *** 比對錯誤 *** (Test #2982)
    預期: Sum=ffed (        -19)
    得到: Sum=1fffe0 (        -32)
[1630620000] PATTERN: *** 比對錯誤 *** (Test #2983)
    預期: Sum=0000 (          0)
    得到: Sum=000002 (          2)
[1630710000] PATTERN: *** 比對錯誤 *** (Test #2984)
    預期: Sum=ff1e (       -226)
    得到: Sum=1fff17 (       -233)
[1630800000] PATTERN: *** 比對錯誤 *** (Test #2985)
    預期: Sum=ffef (        -17)
    得到: Sum=00001b (         27)
[1630890000] PATTERN: *** 比對錯誤 *** (Test #2986)
    預期: Sum=fefc (       -260)
    得到: Sum=1fff0d (       -243)
[1630980000] PATTERN: *** 比對錯誤 *** (Test #2987)
    預期: Sum=fff1 (        -15)
    得到: Sum=1fffe9 (        -23)
*Verdi* : Flush all FSDB Files at 1,631,000,000 ps.
[1631070000] PATTERN: *** 比對錯誤 *** (Test #2988)
    預期: Sum=fff6 (        -10)
    得到: Sum=1fffeb (        -21)
[1631160000] PATTERN: *** 比對錯誤 *** (Test #2989)
    預期: Sum=ff97 (       -105)
    得到: Sum=1fffc2 (        -62)
[1631250000] PATTERN: *** 比對錯誤 *** (Test #2990)
    預期: Sum=0007 (          7)
    得到: Sum=000004 (          4)
[1631340000] PATTERN: *** 比對錯誤 *** (Test #2991)
    預期: Sum=0000 (          0)
    得到: Sum=000015 (         21)
[1631430000] PATTERN: *** 比對錯誤 *** (Test #2992)
    預期: Sum=fed0 (       -304)
    得到: Sum=1ffec0 (       -320)
[1631520000] PATTERN: *** 比對錯誤 *** (Test #2993)
    預期: Sum=feed (       -275)
    得到: Sum=1ffef4 (       -268)
[1631610000] PATTERN: *** 比對錯誤 *** (Test #2994)
    預期: Sum=ffe8 (        -24)
    得到: Sum=1ffff1 (        -15)
[1631700000] PATTERN: *** 比對錯誤 *** (Test #2995)
    預期: Sum=ff04 (       -252)
    得到: Sum=1fff20 (       -224)
[1631790000] PATTERN: *** 比對錯誤 *** (Test #2996)
    預期: Sum=002e (         46)
    得到: Sum=000013 (         19)
[1631880000] PATTERN: *** 比對錯誤 *** (Test #2997)
    預期: Sum=ffe1 (        -31)
    得到: Sum=000000 (          0)
[1631970000] PATTERN: *** 比對錯誤 *** (Test #2998)
    預期: Sum=fff8 (         -8)
    得到: Sum=000005 (          5)
*Verdi* : Flush all FSDB Files at 1,632,000,000 ps.
[1632060000] PATTERN: *** 比對錯誤 *** (Test #2999)
    預期: Sum=fff9 (         -7)
    得到: Sum=00000b (         11)
[1632150000] PATTERN: *** 比對錯誤 *** (Test #3000)
    預期: Sum=ff2b (       -213)
    得到: Sum=1fff32 (       -206)
[1632240000] PATTERN: *** 比對錯誤 *** (Test #3001)
    預期: Sum=ff39 (       -199)
    得到: Sum=1fff31 (       -207)
[1632330000] PATTERN: *** 比對錯誤 *** (Test #3002)
    預期: Sum=006c (        108)
    得到: Sum=00004f (         79)
[1632510000] PATTERN: *** 比對錯誤 *** (Test #3004)
    預期: Sum=ffce (        -50)
    得到: Sum=1fff8d (       -115)
[1632600000] PATTERN: *** 比對錯誤 *** (Test #3005)
    預期: Sum=feda (       -294)
    得到: Sum=1ffedc (       -292)
[1632690000] PATTERN: *** 比對錯誤 *** (Test #3006)
    預期: Sum=fff0 (        -16)
    得到: Sum=000005 (          5)
[1632780000] PATTERN: *** 比對錯誤 *** (Test #3007)
    預期: Sum=0058 (         88)
    得到: Sum=00005e (         94)
[1632870000] PATTERN: *** 比對錯誤 *** (Test #3008)
    預期: Sum=0075 (        117)
    得到: Sum=000090 (        144)
[1632960000] PATTERN: *** 比對錯誤 *** (Test #3009)
    預期: Sum=fff8 (         -8)
    得到: Sum=1fffde (        -34)
*Verdi* : Flush all FSDB Files at 1,633,000,000 ps.
[1633050000] PATTERN: *** 比對錯誤 *** (Test #3010)
    預期: Sum=ff0b (       -245)
    得到: Sum=1ffefa (       -262)
[1633140000] PATTERN: *** 比對錯誤 *** (Test #3011)
    預期: Sum=000c (         12)
    得到: Sum=000002 (          2)
[1633230000] PATTERN: *** 比對錯誤 *** (Test #3012)
    預期: Sum=ffe1 (        -31)
    得到: Sum=1fffd8 (        -40)
[1633320000] PATTERN: *** 比對錯誤 *** (Test #3013)
    預期: Sum=fffa (         -6)
    得到: Sum=1ffff2 (        -14)
[1633410000] PATTERN: *** 比對錯誤 *** (Test #3014)
    預期: Sum=feb8 (       -328)
    得到: Sum=1ffedd (       -291)
[1633500000] PATTERN: *** 比對錯誤 *** (Test #3015)
    預期: Sum=0054 (         84)
    得到: Sum=00003d (         61)
[1633590000] PATTERN: *** 比對錯誤 *** (Test #3016)
    預期: Sum=004f (         79)
    得到: Sum=000044 (         68)
[1633680000] PATTERN: *** 比對錯誤 *** (Test #3017)
    預期: Sum=ffda (        -38)
    得到: Sum=1fffdb (        -37)
[1633770000] PATTERN: *** 比對錯誤 *** (Test #3018)
    預期: Sum=0031 (         49)
    得到: Sum=000021 (         33)
[1633860000] PATTERN: *** 比對錯誤 *** (Test #3019)
    預期: Sum=fff9 (         -7)
    得到: Sum=1fffc3 (        -61)
[1633950000] PATTERN: *** 比對錯誤 *** (Test #3020)
    預期: Sum=ff93 (       -109)
    得到: Sum=1fffbd (        -67)
*Verdi* : Flush all FSDB Files at 1,634,000,000 ps.
[1634040000] PATTERN: *** 比對錯誤 *** (Test #3021)
    預期: Sum=0006 (          6)
    得到: Sum=000001 (          1)
[1634130000] PATTERN: *** 比對錯誤 *** (Test #3022)
    預期: Sum=ffd2 (        -46)
    得到: Sum=1fffb7 (        -73)
[1634220000] PATTERN: *** 比對錯誤 *** (Test #3023)
    預期: Sum=0063 (         99)
    得到: Sum=00007f (        127)
[1634310000] PATTERN: *** 比對錯誤 *** (Test #3024)
    預期: Sum=0002 (          2)
    得到: Sum=000006 (          6)
[1634400000] PATTERN: *** 比對錯誤 *** (Test #3025)
    預期: Sum=003d (         61)
    得到: Sum=000069 (        105)
[1634490000] PATTERN: *** 比對錯誤 *** (Test #3026)
    預期: Sum=ffe4 (        -28)
    得到: Sum=1ffff5 (        -11)
[1634580000] PATTERN: *** 比對錯誤 *** (Test #3027)
    預期: Sum=008b (        139)
    得到: Sum=00006f (        111)
[1634670000] PATTERN: *** 比對錯誤 *** (Test #3028)
    預期: Sum=ff72 (       -142)
    得到: Sum=1fff64 (       -156)
[1634760000] PATTERN: *** 比對錯誤 *** (Test #3029)
    預期: Sum=000f (         15)
    得到: Sum=00000d (         13)
[1634850000] PATTERN: *** 比對錯誤 *** (Test #3030)
    預期: Sum=fff4 (        -12)
    得到: Sum=1fffa5 (        -91)
*Verdi* : Flush all FSDB Files at 1,635,000,000 ps.
[1635030000] PATTERN: *** 比對錯誤 *** (Test #3032)
    預期: Sum=ff12 (       -238)
    得到: Sum=1ffef6 (       -266)
[1635120000] PATTERN: *** 比對錯誤 *** (Test #3033)
    預期: Sum=ffd3 (        -45)
    得到: Sum=000003 (          3)
[1635210000] PATTERN: *** 比對錯誤 *** (Test #3034)
    預期: Sum=ff06 (       -250)
    得到: Sum=1fff11 (       -239)
[1635300000] PATTERN: *** 比對錯誤 *** (Test #3035)
    預期: Sum=ff47 (       -185)
    得到: Sum=1fff1d (       -227)
[1635390000] PATTERN: *** 比對錯誤 *** (Test #3036)
    預期: Sum=fef3 (       -269)
    得到: Sum=1ffefd (       -259)
[1635480000] PATTERN: *** 比對錯誤 *** (Test #3037)
    預期: Sum=ffb9 (        -71)
    得到: Sum=1fffc8 (        -56)
[1635570000] PATTERN: *** 比對錯誤 *** (Test #3038)
    預期: Sum=ff54 (       -172)
    得到: Sum=1fff99 (       -103)
[1635660000] PATTERN: *** 比對錯誤 *** (Test #3039)
    預期: Sum=fff5 (        -11)
    得到: Sum=1fffe7 (        -25)
[1635750000] PATTERN: *** 比對錯誤 *** (Test #3040)
    預期: Sum=ff8c (       -116)
    得到: Sum=1ffff0 (        -16)
[1635840000] PATTERN: *** 比對錯誤 *** (Test #3041)
    預期: Sum=0036 (         54)
    得到: Sum=000013 (         19)
[1635930000] PATTERN: *** 比對錯誤 *** (Test #3042)
    預期: Sum=ff20 (       -224)
    得到: Sum=1fff33 (       -205)
*Verdi* : Flush all FSDB Files at 1,636,000,000 ps.
[1636020000] PATTERN: *** 比對錯誤 *** (Test #3043)
    預期: Sum=000a (         10)
    得到: Sum=1fffec (        -20)
[1636110000] PATTERN: *** 比對錯誤 *** (Test #3044)
    預期: Sum=fef4 (       -268)
    得到: Sum=1fff19 (       -231)
[1636200000] PATTERN: *** 比對錯誤 *** (Test #3045)
    預期: Sum=fef9 (       -263)
    得到: Sum=1ffeea (       -278)
[1636290000] PATTERN: *** 比對錯誤 *** (Test #3046)
    預期: Sum=00be (        190)
    得到: Sum=00010a (        266)
[1636380000] PATTERN: *** 比對錯誤 *** (Test #3047)
    預期: Sum=fee2 (       -286)
    得到: Sum=1ffefa (       -262)
[1636470000] PATTERN: *** 比對錯誤 *** (Test #3048)
    預期: Sum=ffe7 (        -25)
    得到: Sum=1ffff0 (        -16)
[1636560000] PATTERN: *** 比對錯誤 *** (Test #3049)
    預期: Sum=fffe (         -2)
    得到: Sum=1ffff2 (        -14)
[1636650000] PATTERN: *** 比對錯誤 *** (Test #3050)
    預期: Sum=fedd (       -291)
    得到: Sum=1ffeb2 (       -334)
[1636740000] PATTERN: *** 比對錯誤 *** (Test #3051)
    預期: Sum=ffd4 (        -44)
    得到: Sum=1ffff5 (        -11)
[1636830000] PATTERN: *** 比對錯誤 *** (Test #3052)
    預期: Sum=fff4 (        -12)
    得到: Sum=1ffff3 (        -13)
[1636920000] PATTERN: *** 比對錯誤 *** (Test #3053)
    預期: Sum=0019 (         25)
    得到: Sum=000013 (         19)
*Verdi* : Flush all FSDB Files at 1,637,000,000 ps.
[1637010000] PATTERN: *** 比對錯誤 *** (Test #3054)
    預期: Sum=ff33 (       -205)
    得到: Sum=1fff97 (       -105)
[1637100000] PATTERN: *** 比對錯誤 *** (Test #3055)
    預期: Sum=feee (       -274)
    得到: Sum=1fff1f (       -225)
[1637190000] PATTERN: *** 比對錯誤 *** (Test #3056)
    預期: Sum=fee0 (       -288)
    得到: Sum=1ffedf (       -289)
[1637280000] PATTERN: *** 比對錯誤 *** (Test #3057)
    預期: Sum=fff4 (        -12)
    得到: Sum=1fffdc (        -36)
[1637370000] PATTERN: *** 比對錯誤 *** (Test #3058)
    預期: Sum=ffce (        -50)
    得到: Sum=1fffbd (        -67)
[1637550000] PATTERN: *** 比對錯誤 *** (Test #3060)
    預期: Sum=ffd0 (        -48)
    得到: Sum=1fffdb (        -37)
[1637640000] PATTERN: *** 比對錯誤 *** (Test #3061)
    預期: Sum=0044 (         68)
    得到: Sum=000030 (         48)
[1637730000] PATTERN: *** 比對錯誤 *** (Test #3062)
    預期: Sum=ff30 (       -208)
    得到: Sum=1ffef8 (       -264)
[1637820000] PATTERN: *** 比對錯誤 *** (Test #3063)
    預期: Sum=fff0 (        -16)
    得到: Sum=1fffed (        -19)
[1637910000] PATTERN: *** 比對錯誤 *** (Test #3064)
    預期: Sum=ffe7 (        -25)
    得到: Sum=000006 (          6)
*Verdi* : Flush all FSDB Files at 1,638,000,000 ps.
[1638000000] PATTERN: *** 比對錯誤 *** (Test #3065)
    預期: Sum=001f (         31)
    得到: Sum=000015 (         21)
[1638090000] PATTERN: *** 比對錯誤 *** (Test #3066)
    預期: Sum=ffec (        -20)
    得到: Sum=1fffe1 (        -31)
[1638180000] PATTERN: *** 比對錯誤 *** (Test #3067)
    預期: Sum=ffe7 (        -25)
    得到: Sum=1fffdf (        -33)
[1638270000] PATTERN: *** 比對錯誤 *** (Test #3068)
    預期: Sum=ffc8 (        -56)
    得到: Sum=1fffb8 (        -72)
[1638360000] PATTERN: *** 比對錯誤 *** (Test #3069)
    預期: Sum=0040 (         64)
    得到: Sum=0000a0 (        160)
[1638450000] PATTERN: *** 比對錯誤 *** (Test #3070)
    預期: Sum=fee8 (       -280)
    得到: Sum=1ffef8 (       -264)
[1638540000] PATTERN: *** 比對錯誤 *** (Test #3071)
    預期: Sum=0034 (         52)
    得到: Sum=1fffee (        -18)
[1638630000] PATTERN: *** 比對錯誤 *** (Test #3072)
    預期: Sum=ff4d (       -179)
    得到: Sum=1fff2d (       -211)
[1638720000] PATTERN: *** 比對錯誤 *** (Test #3073)
    預期: Sum=fff4 (        -12)
    得到: Sum=000005 (          5)
[1638810000] PATTERN: *** 比對錯誤 *** (Test #3074)
    預期: Sum=ffe2 (        -30)
    得到: Sum=1fffd7 (        -41)
[1638900000] PATTERN: *** 比對錯誤 *** (Test #3075)
    預期: Sum=ffdc (        -36)
    得到: Sum=1fffe7 (        -25)
[1638990000] PATTERN: *** 比對錯誤 *** (Test #3076)
    預期: Sum=fff4 (        -12)
    得到: Sum=1ffffc (         -4)
*Verdi* : Flush all FSDB Files at 1,639,000,000 ps.
[1639080000] PATTERN: *** 比對錯誤 *** (Test #3077)
    預期: Sum=0013 (         19)
    得到: Sum=00001b (         27)
[1639170000] PATTERN: *** 比對錯誤 *** (Test #3078)
    預期: Sum=ffcd (        -51)
    得到: Sum=1fffaf (        -81)
[1639260000] PATTERN: *** 比對錯誤 *** (Test #3079)
    預期: Sum=ff14 (       -236)
    得到: Sum=1ffefa (       -262)
[1639350000] PATTERN: *** 比對錯誤 *** (Test #3080)
    預期: Sum=004c (         76)
    得到: Sum=00007e (        126)
[1639440000] PATTERN: *** 比對錯誤 *** (Test #3081)
    預期: Sum=0024 (         36)
    得到: Sum=00003f (         63)
[1639530000] PATTERN: *** 比對錯誤 *** (Test #3082)
    預期: Sum=ffbe (        -66)
    得到: Sum=1fffb3 (        -77)
[1639620000] PATTERN: *** 比對錯誤 *** (Test #3083)
    預期: Sum=0002 (          2)
    得到: Sum=000007 (          7)
[1639710000] PATTERN: *** 比對錯誤 *** (Test #3084)
    預期: Sum=0078 (        120)
    得到: Sum=000064 (        100)
[1639800000] PATTERN: *** 比對錯誤 *** (Test #3085)
    預期: Sum=ff93 (       -109)
    得到: Sum=1fff9b (       -101)
[1639890000] PATTERN: *** 比對錯誤 *** (Test #3086)
    預期: Sum=ff00 (       -256)
    得到: Sum=1ffeea (       -278)
[1639980000] PATTERN: *** 比對錯誤 *** (Test #3087)
    預期: Sum=0019 (         25)
    得到: Sum=1ffffe (         -2)
*Verdi* : Flush all FSDB Files at 1,640,000,000 ps.
[1640070000] PATTERN: *** 比對錯誤 *** (Test #3088)
    預期: Sum=ff74 (       -140)
    得到: Sum=1fffe7 (        -25)
[1640160000] PATTERN: *** 比對錯誤 *** (Test #3089)
    預期: Sum=001a (         26)
    得到: Sum=000008 (          8)
[1640250000] PATTERN: *** 比對錯誤 *** (Test #3090)
    預期: Sum=ffd8 (        -40)
    得到: Sum=1fffdf (        -33)
[1640340000] PATTERN: *** 比對錯誤 *** (Test #3091)
    預期: Sum=fff2 (        -14)
    得到: Sum=000008 (          8)
[1640430000] PATTERN: *** 比對錯誤 *** (Test #3092)
    預期: Sum=fff2 (        -14)
    得到: Sum=1fffef (        -17)
[1640520000] PATTERN: *** 比對錯誤 *** (Test #3093)
    預期: Sum=ffee (        -18)
    得到: Sum=1ffff0 (        -16)
[1640610000] PATTERN: *** 比對錯誤 *** (Test #3094)
    預期: Sum=ffdd (        -35)
    得到: Sum=1fffa5 (        -91)
[1640700000] PATTERN: *** 比對錯誤 *** (Test #3095)
    預期: Sum=ff2f (       -209)
    得到: Sum=1fff15 (       -235)
[1640790000] PATTERN: *** 比對錯誤 *** (Test #3096)
    預期: Sum=002b (         43)
    得到: Sum=00004a (         74)
[1640880000] PATTERN: *** 比對錯誤 *** (Test #3097)
    預期: Sum=000d (         13)
    得到: Sum=000012 (         18)
[1640970000] PATTERN: *** 比對錯誤 *** (Test #3098)
    預期: Sum=0003 (          3)
    得到: Sum=1ffff9 (         -7)
*Verdi* : Flush all FSDB Files at 1,641,000,000 ps.
[1641060000] PATTERN: *** 比對錯誤 *** (Test #3099)
    預期: Sum=0003 (          3)
    得到: Sum=1fffc5 (        -59)
[1641150000] PATTERN: *** 比對錯誤 *** (Test #3100)
    預期: Sum=febd (       -323)
    得到: Sum=1ffea8 (       -344)
[1641240000] PATTERN: *** 比對錯誤 *** (Test #3101)
    預期: Sum=0004 (          4)
    得到: Sum=1fffff (         -1)
[1641330000] PATTERN: *** 比對錯誤 *** (Test #3102)
    預期: Sum=fff9 (         -7)
    得到: Sum=1ffff7 (         -9)
[1641420000] PATTERN: *** 比對錯誤 *** (Test #3103)
    預期: Sum=0049 (         73)
    得到: Sum=00001a (         26)
[1641510000] PATTERN: *** 比對錯誤 *** (Test #3104)
    預期: Sum=0031 (         49)
    得到: Sum=00003a (         58)
[1641600000] PATTERN: *** 比對錯誤 *** (Test #3105)
    預期: Sum=0003 (          3)
    得到: Sum=000004 (          4)
[1641690000] PATTERN: *** 比對錯誤 *** (Test #3106)
    預期: Sum=0027 (         39)
    得到: Sum=000034 (         52)
[1641780000] PATTERN: *** 比對錯誤 *** (Test #3107)
    預期: Sum=ff00 (       -256)
    得到: Sum=1ffeef (       -273)
[1641870000] PATTERN: *** 比對錯誤 *** (Test #3108)
    預期: Sum=001b (         27)
    得到: Sum=00000f (         15)
[1641960000] PATTERN: *** 比對錯誤 *** (Test #3109)
    預期: Sum=fff0 (        -16)
    得到: Sum=1fffca (        -54)
*Verdi* : Flush all FSDB Files at 1,642,000,000 ps.
[1642050000] PATTERN: *** 比對錯誤 *** (Test #3110)
    預期: Sum=fff8 (         -8)
    得到: Sum=00001b (         27)
[1642140000] PATTERN: *** 比對錯誤 *** (Test #3111)
    預期: Sum=fff3 (        -13)
    得到: Sum=00000c (         12)
[1642230000] PATTERN: *** 比對錯誤 *** (Test #3112)
    預期: Sum=ffae (        -82)
    得到: Sum=1fffc9 (        -55)
[1642320000] PATTERN: *** 比對錯誤 *** (Test #3113)
    預期: Sum=ffb4 (        -76)
    得到: Sum=1fffca (        -54)
[1642410000] PATTERN: *** 比對錯誤 *** (Test #3114)
    預期: Sum=ff02 (       -254)
    得到: Sum=1fff11 (       -239)
[1642500000] PATTERN: *** 比對錯誤 *** (Test #3115)
    預期: Sum=ffc9 (        -55)
    得到: Sum=1fffcf (        -49)
[1642590000] PATTERN: *** 比對錯誤 *** (Test #3116)
    預期: Sum=ffda (        -38)
    得到: Sum=1fffcd (        -51)
[1642680000] PATTERN: *** 比對錯誤 *** (Test #3117)
    預期: Sum=feef (       -273)
    得到: Sum=1ffefc (       -260)
[1642770000] PATTERN: *** 比對錯誤 *** (Test #3118)
    預期: Sum=ffde (        -34)
    得到: Sum=1fffe9 (        -23)
[1642860000] PATTERN: *** 比對錯誤 *** (Test #3119)
    預期: Sum=ff75 (       -139)
    得到: Sum=1fff85 (       -123)
[1642950000] PATTERN: *** 比對錯誤 *** (Test #3120)
    預期: Sum=0003 (          3)
    得到: Sum=1ffffa (         -6)
*Verdi* : Flush all FSDB Files at 1,643,000,000 ps.
[1643040000] PATTERN: *** 比對錯誤 *** (Test #3121)
    預期: Sum=fff8 (         -8)
    得到: Sum=00000d (         13)
[1643130000] PATTERN: *** 比對錯誤 *** (Test #3122)
    預期: Sum=fff9 (         -7)
    得到: Sum=1ffff4 (        -12)
[1643220000] PATTERN: *** 比對錯誤 *** (Test #3123)
    預期: Sum=ffb7 (        -73)
    得到: Sum=1fffb1 (        -79)
[1643310000] PATTERN: *** 比對錯誤 *** (Test #3124)
    預期: Sum=0085 (        133)
    得到: Sum=000066 (        102)
[1643400000] PATTERN: *** 比對錯誤 *** (Test #3125)
    預期: Sum=ff14 (       -236)
    得到: Sum=1ffef7 (       -265)
[1643490000] PATTERN: *** 比對錯誤 *** (Test #3126)
    預期: Sum=002a (         42)
    得到: Sum=000012 (         18)
[1643580000] PATTERN: *** 比對錯誤 *** (Test #3127)
    預期: Sum=0037 (         55)
    得到: Sum=000013 (         19)
[1643670000] PATTERN: *** 比對錯誤 *** (Test #3128)
    預期: Sum=0000 (          0)
    得到: Sum=000001 (          1)
[1643760000] PATTERN: *** 比對錯誤 *** (Test #3129)
    預期: Sum=fff5 (        -11)
    得到: Sum=000008 (          8)
[1643850000] PATTERN: *** 比對錯誤 *** (Test #3130)
    預期: Sum=fff8 (         -8)
    得到: Sum=1ffffd (         -3)
[1643940000] PATTERN: *** 比對錯誤 *** (Test #3131)
    預期: Sum=004b (         75)
    得到: Sum=1fff96 (       -106)
*Verdi* : Flush all FSDB Files at 1,644,000,000 ps.
[1644030000] PATTERN: *** 比對錯誤 *** (Test #3132)
    預期: Sum=00a9 (        169)
    得到: Sum=000045 (         69)
[1644120000] PATTERN: *** 比對錯誤 *** (Test #3133)
    預期: Sum=feb4 (       -332)
    得到: Sum=1ffec4 (       -316)
[1644210000] PATTERN: *** 比對錯誤 *** (Test #3134)
    預期: Sum=ffd3 (        -45)
    得到: Sum=1fffbd (        -67)
[1644300000] PATTERN: *** 比對錯誤 *** (Test #3135)
    預期: Sum=fffb (         -5)
    得到: Sum=1fffe4 (        -28)
[1644390000] PATTERN: *** 比對錯誤 *** (Test #3136)
    預期: Sum=0135 (        309)
    得到: Sum=000009 (          9)
[1644480000] PATTERN: *** 比對錯誤 *** (Test #3137)
    預期: Sum=fffd (         -3)
    得到: Sum=000003 (          3)
[1644570000] PATTERN: *** 比對錯誤 *** (Test #3138)
    預期: Sum=fff6 (        -10)
    得到: Sum=1fffc1 (        -63)
[1644660000] PATTERN: *** 比對錯誤 *** (Test #3139)
    預期: Sum=ffea (        -22)
    得到: Sum=1fffcb (        -53)
[1644750000] PATTERN: *** 比對錯誤 *** (Test #3140)
    預期: Sum=fffe (         -2)
    得到: Sum=1fffe2 (        -30)
[1644840000] PATTERN: *** 比對錯誤 *** (Test #3141)
    預期: Sum=fff7 (         -9)
    得到: Sum=1ffff6 (        -10)
[1644930000] PATTERN: *** 比對錯誤 *** (Test #3142)
    預期: Sum=fffa (         -6)
    得到: Sum=1fffe9 (        -23)
*Verdi* : Flush all FSDB Files at 1,645,000,000 ps.
[1645020000] PATTERN: *** 比對錯誤 *** (Test #3143)
    預期: Sum=ffe6 (        -26)
    得到: Sum=1fffef (        -17)
[1645110000] PATTERN: *** 比對錯誤 *** (Test #3144)
    預期: Sum=ff56 (       -170)
    得到: Sum=1fff72 (       -142)
[1645200000] PATTERN: *** 比對錯誤 *** (Test #3145)
    預期: Sum=0044 (         68)
    得到: Sum=00002f (         47)
[1645290000] PATTERN: *** 比對錯誤 *** (Test #3146)
    預期: Sum=000d (         13)
    得到: Sum=000005 (          5)
[1645380000] PATTERN: *** 比對錯誤 *** (Test #3147)
    預期: Sum=fefa (       -262)
    得到: Sum=1ffef0 (       -272)
[1645470000] PATTERN: *** 比對錯誤 *** (Test #3148)
    預期: Sum=0048 (         72)
    得到: Sum=000062 (         98)
[1645560000] PATTERN: *** 比對錯誤 *** (Test #3149)
    預期: Sum=0056 (         86)
    得到: Sum=000005 (          5)
[1645650000] PATTERN: *** 比對錯誤 *** (Test #3150)
    預期: Sum=0060 (         96)
    得到: Sum=000010 (         16)
[1645740000] PATTERN: *** 比對錯誤 *** (Test #3151)
    預期: Sum=000e (         14)
    得到: Sum=1fffc9 (        -55)
[1645830000] PATTERN: *** 比對錯誤 *** (Test #3152)
    預期: Sum=fff6 (        -10)
    得到: Sum=1fffeb (        -21)
[1645920000] PATTERN: *** 比對錯誤 *** (Test #3153)
    預期: Sum=ff9e (        -98)
    得到: Sum=1fffca (        -54)
*Verdi* : Flush all FSDB Files at 1,646,000,000 ps.
[1646010000] PATTERN: *** 比對錯誤 *** (Test #3154)
    預期: Sum=ff8b (       -117)
    得到: Sum=1fffa7 (        -89)
[1646100000] PATTERN: *** 比對錯誤 *** (Test #3155)
    預期: Sum=fff6 (        -10)
    得到: Sum=1fffe6 (        -26)
[1646190000] PATTERN: *** 比對錯誤 *** (Test #3156)
    預期: Sum=ffee (        -18)
    得到: Sum=1fffff (         -1)
[1646280000] PATTERN: *** 比對錯誤 *** (Test #3157)
    預期: Sum=0016 (         22)
    得到: Sum=00001c (         28)
[1646370000] PATTERN: *** 比對錯誤 *** (Test #3158)
    預期: Sum=0037 (         55)
    得到: Sum=000046 (         70)
[1646460000] PATTERN: *** 比對錯誤 *** (Test #3159)
    預期: Sum=ffae (        -82)
    得到: Sum=1ffff1 (        -15)
[1646550000] PATTERN: *** 比對錯誤 *** (Test #3160)
    預期: Sum=0051 (         81)
    得到: Sum=000077 (        119)
[1646640000] PATTERN: *** 比對錯誤 *** (Test #3161)
    預期: Sum=fff6 (        -10)
    得到: Sum=1fffe7 (        -25)
[1646730000] PATTERN: *** 比對錯誤 *** (Test #3162)
    預期: Sum=fed6 (       -298)
    得到: Sum=1ffeec (       -276)
[1646820000] PATTERN: *** 比對錯誤 *** (Test #3163)
    預期: Sum=000f (         15)
    得到: Sum=1fffd4 (        -44)
[1646910000] PATTERN: *** 比對錯誤 *** (Test #3164)
    預期: Sum=fff2 (        -14)
    得到: Sum=000008 (          8)
*Verdi* : Flush all FSDB Files at 1,647,000,000 ps.
[1647000000] PATTERN: *** 比對錯誤 *** (Test #3165)
    預期: Sum=ff1d (       -227)
    得到: Sum=1fff51 (       -175)
[1647090000] PATTERN: *** 比對錯誤 *** (Test #3166)
    預期: Sum=000c (         12)
    得到: Sum=1fffdd (        -35)
[1647180000] PATTERN: *** 比對錯誤 *** (Test #3167)
    預期: Sum=0024 (         36)
    得到: Sum=00000f (         15)
[1647270000] PATTERN: *** 比對錯誤 *** (Test #3168)
    預期: Sum=fff9 (         -7)
    得到: Sum=00000d (         13)
[1647360000] PATTERN: *** 比對錯誤 *** (Test #3169)
    預期: Sum=ff1d (       -227)
    得到: Sum=1fff0a (       -246)
[1647450000] PATTERN: *** 比對錯誤 *** (Test #3170)
    預期: Sum=fff6 (        -10)
    得到: Sum=1ffff4 (        -12)
[1647540000] PATTERN: *** 比對錯誤 *** (Test #3171)
    預期: Sum=0107 (        263)
    得到: Sum=0000c7 (        199)
[1647630000] PATTERN: *** 比對錯誤 *** (Test #3172)
    預期: Sum=0076 (        118)
    得到: Sum=00005f (         95)
[1647720000] PATTERN: *** 比對錯誤 *** (Test #3173)
    預期: Sum=ffee (        -18)
    得到: Sum=000000 (          0)
[1647810000] PATTERN: *** 比對錯誤 *** (Test #3174)
    預期: Sum=00bc (        188)
    得到: Sum=000083 (        131)
[1647900000] PATTERN: *** 比對錯誤 *** (Test #3175)
    預期: Sum=0000 (          0)
    得到: Sum=1fffde (        -34)
[1647990000] PATTERN: *** 比對錯誤 *** (Test #3176)
    預期: Sum=004e (         78)
    得到: Sum=000047 (         71)
*Verdi* : Flush all FSDB Files at 1,648,000,000 ps.
[1648080000] PATTERN: *** 比對錯誤 *** (Test #3177)
    預期: Sum=ffd2 (        -46)
    得到: Sum=1fffcf (        -49)
[1648170000] PATTERN: *** 比對錯誤 *** (Test #3178)
    預期: Sum=ffb6 (        -74)
    得到: Sum=1fffb1 (        -79)
[1648260000] PATTERN: *** 比對錯誤 *** (Test #3179)
    預期: Sum=ff71 (       -143)
    得到: Sum=1fff82 (       -126)
[1648350000] PATTERN: *** 比對錯誤 *** (Test #3180)
    預期: Sum=ffbb (        -69)
    得到: Sum=1fffd0 (        -48)
[1648440000] PATTERN: *** 比對錯誤 *** (Test #3181)
    預期: Sum=ff59 (       -167)
    得到: Sum=1fff6d (       -147)
[1648530000] PATTERN: *** 比對錯誤 *** (Test #3182)
    預期: Sum=ff19 (       -231)
    得到: Sum=1fff2f (       -209)
[1648620000] PATTERN: *** 比對錯誤 *** (Test #3183)
    預期: Sum=00bc (        188)
    得到: Sum=0000c1 (        193)
[1648710000] PATTERN: *** 比對錯誤 *** (Test #3184)
    預期: Sum=ffe7 (        -25)
    得到: Sum=000014 (         20)
[1648800000] PATTERN: *** 比對錯誤 *** (Test #3185)
    預期: Sum=fffc (         -4)
    得到: Sum=1fffc1 (        -63)
[1648890000] PATTERN: *** 比對錯誤 *** (Test #3186)
    預期: Sum=ff80 (       -128)
    得到: Sum=1fff53 (       -173)
[1648980000] PATTERN: *** 比對錯誤 *** (Test #3187)
    預期: Sum=ff47 (       -185)
    得到: Sum=1fff42 (       -190)
*Verdi* : Flush all FSDB Files at 1,649,000,000 ps.
[1649070000] PATTERN: *** 比對錯誤 *** (Test #3188)
    預期: Sum=ff1f (       -225)
    得到: Sum=1fff25 (       -219)
[1649160000] PATTERN: *** 比對錯誤 *** (Test #3189)
    預期: Sum=001c (         28)
    得到: Sum=1fffda (        -38)
[1649250000] PATTERN: *** 比對錯誤 *** (Test #3190)
    預期: Sum=ff24 (       -220)
    得到: Sum=1ffef6 (       -266)
[1649340000] PATTERN: *** 比對錯誤 *** (Test #3191)
    預期: Sum=fff6 (        -10)
    得到: Sum=1fffd4 (        -44)
[1649430000] PATTERN: *** 比對錯誤 *** (Test #3192)
    預期: Sum=008d (        141)
    得到: Sum=00009b (        155)
[1649520000] PATTERN: *** 比對錯誤 *** (Test #3193)
    預期: Sum=0002 (          2)
    得到: Sum=1ffffa (         -6)
[1649610000] PATTERN: *** 比對錯誤 *** (Test #3194)
    預期: Sum=0004 (          4)
    得到: Sum=00000f (         15)
[1649700000] PATTERN: *** 比對錯誤 *** (Test #3195)
    預期: Sum=001f (         31)
    得到: Sum=000040 (         64)
[1649790000] PATTERN: *** 比對錯誤 *** (Test #3196)
    預期: Sum=ffea (        -22)
    得到: Sum=1fffe7 (        -25)
[1649880000] PATTERN: *** 比對錯誤 *** (Test #3197)
    預期: Sum=ff5b (       -165)
    得到: Sum=1fff54 (       -172)
[1649970000] PATTERN: *** 比對錯誤 *** (Test #3198)
    預期: Sum=ffe2 (        -30)
    得到: Sum=1fffd5 (        -43)
*Verdi* : Flush all FSDB Files at 1,650,000,000 ps.
[1650060000] PATTERN: *** 比對錯誤 *** (Test #3199)
    預期: Sum=fefd (       -259)
    得到: Sum=1fff19 (       -231)
[1650150000] PATTERN: *** 比對錯誤 *** (Test #3200)
    預期: Sum=ff79 (       -135)
    得到: Sum=1fffa9 (        -87)
[1650240000] PATTERN: *** 比對錯誤 *** (Test #3201)
    預期: Sum=ff5f (       -161)
    得到: Sum=1fff45 (       -187)
[1650330000] PATTERN: *** 比對錯誤 *** (Test #3202)
    預期: Sum=fff7 (         -9)
    得到: Sum=000004 (          4)
[1650420000] PATTERN: *** 比對錯誤 *** (Test #3203)
    預期: Sum=002b (         43)
    得到: Sum=000003 (          3)
[1650510000] PATTERN: *** 比對錯誤 *** (Test #3204)
    預期: Sum=0005 (          5)
    得到: Sum=000003 (          3)
[1650600000] PATTERN: *** 比對錯誤 *** (Test #3205)
    預期: Sum=0004 (          4)
    得到: Sum=000001 (          1)
[1650690000] PATTERN: *** 比對錯誤 *** (Test #3206)
    預期: Sum=ff27 (       -217)
    得到: Sum=1fff03 (       -253)
[1650780000] PATTERN: *** 比對錯誤 *** (Test #3207)
    預期: Sum=ffd4 (        -44)
    得到: Sum=000001 (          1)
[1650870000] PATTERN: *** 比對錯誤 *** (Test #3208)
    預期: Sum=fed3 (       -301)
    得到: Sum=1ffedf (       -289)
[1650960000] PATTERN: *** 比對錯誤 *** (Test #3209)
    預期: Sum=002a (         42)
    得到: Sum=000018 (         24)
*Verdi* : Flush all FSDB Files at 1,651,000,000 ps.
[1651050000] PATTERN: *** 比對錯誤 *** (Test #3210)
    預期: Sum=ffd7 (        -41)
    得到: Sum=1fffdd (        -35)
[1651140000] PATTERN: *** 比對錯誤 *** (Test #3211)
    預期: Sum=ffcb (        -53)
    得到: Sum=1fff9b (       -101)
[1651230000] PATTERN: *** 比對錯誤 *** (Test #3212)
    預期: Sum=fff7 (         -9)
    得到: Sum=1ffff5 (        -11)
[1651320000] PATTERN: *** 比對錯誤 *** (Test #3213)
    預期: Sum=ffe2 (        -30)
    得到: Sum=1ffff9 (         -7)
[1651410000] PATTERN: *** 比對錯誤 *** (Test #3214)
    預期: Sum=0013 (         19)
    得到: Sum=000008 (          8)
[1651500000] PATTERN: *** 比對錯誤 *** (Test #3215)
    預期: Sum=ffd8 (        -40)
    得到: Sum=000000 (          0)
[1651590000] PATTERN: *** 比對錯誤 *** (Test #3216)
    預期: Sum=002b (         43)
    得到: Sum=00004c (         76)
[1651680000] PATTERN: *** 比對錯誤 *** (Test #3217)
    預期: Sum=fdef (       -529)
    得到: Sum=1ffe24 (       -476)
[1651770000] PATTERN: *** 比對錯誤 *** (Test #3218)
    預期: Sum=fff7 (         -9)
    得到: Sum=000016 (         22)
[1651860000] PATTERN: *** 比對錯誤 *** (Test #3219)
    預期: Sum=ffc8 (        -56)
    得到: Sum=1fffee (        -18)
[1651950000] PATTERN: *** 比對錯誤 *** (Test #3220)
    預期: Sum=fff0 (        -16)
    得到: Sum=1ffffb (         -5)
*Verdi* : Flush all FSDB Files at 1,652,000,000 ps.
[1652040000] PATTERN: *** 比對錯誤 *** (Test #3221)
    預期: Sum=0046 (         70)
    得到: Sum=00002f (         47)
[1652130000] PATTERN: *** 比對錯誤 *** (Test #3222)
    預期: Sum=ffbb (        -69)
    得到: Sum=1fffd6 (        -42)
[1652220000] PATTERN: *** 比對錯誤 *** (Test #3223)
    預期: Sum=000e (         14)
    得到: Sum=00000b (         11)
[1652310000] PATTERN: *** 比對錯誤 *** (Test #3224)
    預期: Sum=ff96 (       -106)
    得到: Sum=1fffa4 (        -92)
[1652400000] PATTERN: *** 比對錯誤 *** (Test #3225)
    預期: Sum=ffbd (        -67)
    得到: Sum=1fffe3 (        -29)
[1652490000] PATTERN: *** 比對錯誤 *** (Test #3226)
    預期: Sum=ffef (        -17)
    得到: Sum=1fffc5 (        -59)
[1652580000] PATTERN: *** 比對錯誤 *** (Test #3227)
    預期: Sum=0043 (         67)
    得到: Sum=000083 (        131)
[1652670000] PATTERN: *** 比對錯誤 *** (Test #3228)
    預期: Sum=feff (       -257)
    得到: Sum=1fff26 (       -218)
[1652760000] PATTERN: *** 比對錯誤 *** (Test #3229)
    預期: Sum=ffed (        -19)
    得到: Sum=1fffef (        -17)
[1652850000] PATTERN: *** 比對錯誤 *** (Test #3230)
    預期: Sum=0005 (          5)
    得到: Sum=000002 (          2)
[1652940000] PATTERN: *** 比對錯誤 *** (Test #3231)
    預期: Sum=000e (         14)
    得到: Sum=000030 (         48)
*Verdi* : Flush all FSDB Files at 1,653,000,000 ps.
[1653030000] PATTERN: *** 比對錯誤 *** (Test #3232)
    預期: Sum=ff51 (       -175)
    得到: Sum=1fff7c (       -132)
[1653120000] PATTERN: *** 比對錯誤 *** (Test #3233)
    預期: Sum=fee5 (       -283)
    得到: Sum=1ffef0 (       -272)
[1653210000] PATTERN: *** 比對錯誤 *** (Test #3234)
    預期: Sum=001e (         30)
    得到: Sum=00000b (         11)
[1653300000] PATTERN: *** 比對錯誤 *** (Test #3235)
    預期: Sum=fff7 (         -9)
    得到: Sum=1fffcf (        -49)
[1653390000] PATTERN: *** 比對錯誤 *** (Test #3236)
    預期: Sum=fee5 (       -283)
    得到: Sum=1ffef2 (       -270)
[1653480000] PATTERN: *** 比對錯誤 *** (Test #3237)
    預期: Sum=ff15 (       -235)
    得到: Sum=1fff1e (       -226)
[1653570000] PATTERN: *** 比對錯誤 *** (Test #3238)
    預期: Sum=ffd0 (        -48)
    得到: Sum=1fffe1 (        -31)
[1653660000] PATTERN: *** 比對錯誤 *** (Test #3239)
    預期: Sum=fffa (         -6)
    得到: Sum=000001 (          1)
[1653750000] PATTERN: *** 比對錯誤 *** (Test #3240)
    預期: Sum=ff32 (       -206)
    得到: Sum=1fff17 (       -233)
[1653840000] PATTERN: *** 比對錯誤 *** (Test #3241)
    預期: Sum=000a (         10)
    得到: Sum=00001c (         28)
[1653930000] PATTERN: *** 比對錯誤 *** (Test #3242)
    預期: Sum=fecf (       -305)
    得到: Sum=1fff0c (       -244)
*Verdi* : Flush all FSDB Files at 1,654,000,000 ps.
[1654020000] PATTERN: *** 比對錯誤 *** (Test #3243)
    預期: Sum=ffe2 (        -30)
    得到: Sum=1fffe9 (        -23)
[1654110000] PATTERN: *** 比對錯誤 *** (Test #3244)
    預期: Sum=0007 (          7)
    得到: Sum=1fffeb (        -21)
[1654200000] PATTERN: *** 比對錯誤 *** (Test #3245)
    預期: Sum=ffaa (        -86)
    得到: Sum=1fffc3 (        -61)
[1654290000] PATTERN: *** 比對錯誤 *** (Test #3246)
    預期: Sum=0010 (         16)
    得到: Sum=000003 (          3)
[1654380000] PATTERN: *** 比對錯誤 *** (Test #3247)
    預期: Sum=fffa (         -6)
    得到: Sum=00000f (         15)
[1654470000] PATTERN: *** 比對錯誤 *** (Test #3248)
    預期: Sum=feae (       -338)
    得到: Sum=1ffec0 (       -320)
[1654560000] PATTERN: *** 比對錯誤 *** (Test #3249)
    預期: Sum=fed3 (       -301)
    得到: Sum=1ffef5 (       -267)
[1654650000] PATTERN: *** 比對錯誤 *** (Test #3250)
    預期: Sum=ffe5 (        -27)
    得到: Sum=1ffff1 (        -15)
[1654740000] PATTERN: *** 比對錯誤 *** (Test #3251)
    預期: Sum=fee9 (       -279)
    得到: Sum=1fff1c (       -228)
[1654830000] PATTERN: *** 比對錯誤 *** (Test #3252)
    預期: Sum=001d (         29)
    得到: Sum=000014 (         20)
[1654920000] PATTERN: *** 比對錯誤 *** (Test #3253)
    預期: Sum=ffe0 (        -32)
    得到: Sum=000000 (          0)
*Verdi* : Flush all FSDB Files at 1,655,000,000 ps.
[1655010000] PATTERN: *** 比對錯誤 *** (Test #3254)
    預期: Sum=fff5 (        -11)
    得到: Sum=000009 (          9)
[1655100000] PATTERN: *** 比對錯誤 *** (Test #3255)
    預期: Sum=fff9 (         -7)
    得到: Sum=00000b (         11)
[1655190000] PATTERN: *** 比對錯誤 *** (Test #3256)
    預期: Sum=ff48 (       -184)
    得到: Sum=1fff33 (       -205)
[1655280000] PATTERN: *** 比對錯誤 *** (Test #3257)
    預期: Sum=ff33 (       -205)
    得到: Sum=1fff31 (       -207)
[1655370000] PATTERN: *** 比對錯誤 *** (Test #3258)
    預期: Sum=0068 (        104)
    得到: Sum=00004f (         79)
[1655460000] PATTERN: *** 比對錯誤 *** (Test #3259)
    預期: Sum=0013 (         19)
    得到: Sum=00000f (         15)
[1655550000] PATTERN: *** 比對錯誤 *** (Test #3260)
    預期: Sum=ffdc (        -36)
    得到: Sum=1fff8d (       -115)
[1655640000] PATTERN: *** 比對錯誤 *** (Test #3261)
    預期: Sum=fee2 (       -286)
    得到: Sum=1ffede (       -290)
[1655730000] PATTERN: *** 比對錯誤 *** (Test #3262)
    預期: Sum=ffee (        -18)
    得到: Sum=000007 (          7)
[1655820000] PATTERN: *** 比對錯誤 *** (Test #3263)
    預期: Sum=007f (        127)
    得到: Sum=00005e (         94)
[1655910000] PATTERN: *** 比對錯誤 *** (Test #3264)
    預期: Sum=0099 (        153)
    得到: Sum=000090 (        144)
*Verdi* : Flush all FSDB Files at 1,656,000,000 ps.
[1656000000] PATTERN: *** 比對錯誤 *** (Test #3265)
    預期: Sum=0005 (          5)
    得到: Sum=1fffde (        -34)
[1656090000] PATTERN: *** 比對錯誤 *** (Test #3266)
    預期: Sum=ff3a (       -198)
    得到: Sum=1ffefa (       -262)
[1656180000] PATTERN: *** 比對錯誤 *** (Test #3267)
    預期: Sum=fff2 (        -14)
    得到: Sum=000001 (          1)
[1656270000] PATTERN: *** 比對錯誤 *** (Test #3268)
    預期: Sum=ffe1 (        -31)
    得到: Sum=1fffd8 (        -40)
[1656360000] PATTERN: *** 比對錯誤 *** (Test #3269)
    預期: Sum=0004 (          4)
    得到: Sum=1ffff3 (        -13)
[1656450000] PATTERN: *** 比對錯誤 *** (Test #3270)
    預期: Sum=fee4 (       -284)
    得到: Sum=1ffede (       -290)
[1656540000] PATTERN: *** 比對錯誤 *** (Test #3271)
    預期: Sum=0022 (         34)
    得到: Sum=000041 (         65)
[1656630000] PATTERN: *** 比對錯誤 *** (Test #3272)
    預期: Sum=0020 (         32)
    得到: Sum=000043 (         67)
[1656720000] PATTERN: *** 比對錯誤 *** (Test #3273)
    預期: Sum=ffc8 (        -56)
    得到: Sum=1fffdc (        -36)
[1656810000] PATTERN: *** 比對錯誤 *** (Test #3274)
    預期: Sum=0027 (         39)
    得到: Sum=00001d (         29)
[1656900000] PATTERN: *** 比對錯誤 *** (Test #3275)
    預期: Sum=ffee (        -18)
    得到: Sum=1fffc3 (        -61)
[1656990000] PATTERN: *** 比對錯誤 *** (Test #3276)
    預期: Sum=ffb3 (        -77)
    得到: Sum=1fffbd (        -67)
*Verdi* : Flush all FSDB Files at 1,657,000,000 ps.
[1657080000] PATTERN: *** 比對錯誤 *** (Test #3277)
    預期: Sum=fffb (         -5)
    得到: Sum=000000 (          0)
[1657170000] PATTERN: *** 比對錯誤 *** (Test #3278)
    預期: Sum=ffc5 (        -59)
    得到: Sum=1fffba (        -70)
[1657260000] PATTERN: *** 比對錯誤 *** (Test #3279)
    預期: Sum=006d (        109)
    得到: Sum=00007f (        127)
[1657350000] PATTERN: *** 比對錯誤 *** (Test #3280)
    預期: Sum=fffb (         -5)
    得到: Sum=000008 (          8)
[1657440000] PATTERN: *** 比對錯誤 *** (Test #3281)
    預期: Sum=007d (        125)
    得到: Sum=000068 (        104)
[1657530000] PATTERN: *** 比對錯誤 *** (Test #3282)
    預期: Sum=ffdd (        -35)
    得到: Sum=1ffff5 (        -11)
[1657620000] PATTERN: *** 比對錯誤 *** (Test #3283)
    預期: Sum=0065 (        101)
    得到: Sum=000070 (        112)
[1657710000] PATTERN: *** 比對錯誤 *** (Test #3284)
    預期: Sum=ff6a (       -150)
    得到: Sum=1fff67 (       -153)
[1657800000] PATTERN: *** 比對錯誤 *** (Test #3285)
    預期: Sum=0027 (         39)
    得到: Sum=00000a (         10)
[1657890000] PATTERN: *** 比對錯誤 *** (Test #3286)
    預期: Sum=ffbb (        -69)
    得到: Sum=1fffa7 (        -89)
[1657980000] PATTERN: *** 比對錯誤 *** (Test #3287)
    預期: Sum=0043 (         67)
    得到: Sum=000065 (        101)
*Verdi* : Flush all FSDB Files at 1,658,000,000 ps.
[1658070000] PATTERN: *** 比對錯誤 *** (Test #3288)
    預期: Sum=ff27 (       -217)
    得到: Sum=1ffef4 (       -268)
[1658160000] PATTERN: *** 比對錯誤 *** (Test #3289)
    預期: Sum=ffe0 (        -32)
    得到: Sum=000001 (          1)
[1658250000] PATTERN: *** 比對錯誤 *** (Test #3290)
    預期: Sum=ff0c (       -244)
    得到: Sum=1fff11 (       -239)
[1658340000] PATTERN: *** 比對錯誤 *** (Test #3291)
    預期: Sum=ff4e (       -178)
    得到: Sum=1fff1c (       -228)
[1658430000] PATTERN: *** 比對錯誤 *** (Test #3292)
    預期: Sum=ff0d (       -243)
    得到: Sum=1ffefd (       -259)
[1658520000] PATTERN: *** 比對錯誤 *** (Test #3293)
    預期: Sum=ffd5 (        -43)
    得到: Sum=1fffc7 (        -57)
[1658610000] PATTERN: *** 比對錯誤 *** (Test #3294)
    預期: Sum=ff66 (       -154)
    得到: Sum=1fff99 (       -103)
[1658700000] PATTERN: *** 比對錯誤 *** (Test #3295)
    預期: Sum=fff3 (        -13)
    得到: Sum=1fffea (        -22)
[1658790000] PATTERN: *** 比對錯誤 *** (Test #3296)
    預期: Sum=ff82 (       -126)
    得到: Sum=1fffef (        -17)
[1658880000] PATTERN: *** 比對錯誤 *** (Test #3297)
    預期: Sum=0020 (         32)
    得到: Sum=000015 (         21)
[1658970000] PATTERN: *** 比對錯誤 *** (Test #3298)
    預期: Sum=ff0f (       -241)
    得到: Sum=1fff33 (       -205)
*Verdi* : Flush all FSDB Files at 1,659,000,000 ps.
[1659060000] PATTERN: *** 比對錯誤 *** (Test #3299)
    預期: Sum=ffd9 (        -39)
    得到: Sum=1fffec (        -20)
[1659150000] PATTERN: *** 比對錯誤 *** (Test #3300)
    預期: Sum=ff1b (       -229)
    得到: Sum=1fff1d (       -227)
[1659240000] PATTERN: *** 比對錯誤 *** (Test #3301)
    預期: Sum=feed (       -275)
    得到: Sum=1ffee9 (       -279)
[1659330000] PATTERN: *** 比對錯誤 *** (Test #3302)
    預期: Sum=00d1 (        209)
    得到: Sum=000106 (        262)
[1659420000] PATTERN: *** 比對錯誤 *** (Test #3303)
    預期: Sum=fee2 (       -286)
    得到: Sum=1ffefe (       -258)
[1659510000] PATTERN: *** 比對錯誤 *** (Test #3304)
    預期: Sum=ffcf (        -49)
    得到: Sum=1fffee (        -18)
[1659600000] PATTERN: *** 比對錯誤 *** (Test #3305)
    預期: Sum=ffff (         -1)
    得到: Sum=1ffff3 (        -13)
[1659690000] PATTERN: *** 比對錯誤 *** (Test #3306)
    預期: Sum=fec8 (       -312)
    得到: Sum=1ffeb0 (       -336)
[1659780000] PATTERN: *** 比對錯誤 *** (Test #3307)
    預期: Sum=ffef (        -17)
    得到: Sum=1ffff5 (        -11)
[1659870000] PATTERN: *** 比對錯誤 *** (Test #3308)
    預期: Sum=0015 (         21)
    得到: Sum=1ffff3 (        -13)
[1659960000] PATTERN: *** 比對錯誤 *** (Test #3309)
    預期: Sum=0005 (          5)
    得到: Sum=000015 (         21)
*Verdi* : Flush all FSDB Files at 1,660,000,000 ps.
[1660050000] PATTERN: *** 比對錯誤 *** (Test #3310)
    預期: Sum=ff6f (       -145)
    得到: Sum=1fff9a (       -102)
[1660140000] PATTERN: *** 比對錯誤 *** (Test #3311)
    預期: Sum=fed7 (       -297)
    得到: Sum=1fff1f (       -225)
[1660230000] PATTERN: *** 比對錯誤 *** (Test #3312)
    預期: Sum=fef2 (       -270)
    得到: Sum=1ffedf (       -289)
[1660320000] PATTERN: *** 比對錯誤 *** (Test #3313)
    預期: Sum=ffe4 (        -28)
    得到: Sum=1fffdc (        -36)
[1660410000] PATTERN: *** 比對錯誤 *** (Test #3314)
    預期: Sum=ff94 (       -108)
    得到: Sum=1fffbd (        -67)
[1660500000] PATTERN: *** 比對錯誤 *** (Test #3315)
    預期: Sum=ff07 (       -249)
    得到: Sum=1fff31 (       -207)
[1660590000] PATTERN: *** 比對錯誤 *** (Test #3316)
    預期: Sum=ffcc (        -52)
    得到: Sum=1fffdc (        -36)
[1660680000] PATTERN: *** 比對錯誤 *** (Test #3317)
    預期: Sum=0059 (         89)
    得到: Sum=000031 (         49)
[1660770000] PATTERN: *** 比對錯誤 *** (Test #3318)
    預期: Sum=ff08 (       -248)
    得到: Sum=1ffef8 (       -264)
[1660860000] PATTERN: *** 比對錯誤 *** (Test #3319)
    預期: Sum=ffe7 (        -25)
    得到: Sum=1fffee (        -18)
[1660950000] PATTERN: *** 比對錯誤 *** (Test #3320)
    預期: Sum=ffea (        -22)
    得到: Sum=000006 (          6)
*Verdi* : Flush all FSDB Files at 1,661,000,000 ps.
[1661040000] PATTERN: *** 比對錯誤 *** (Test #3321)
    預期: Sum=0002 (          2)
    得到: Sum=000014 (         20)
[1661130000] PATTERN: *** 比對錯誤 *** (Test #3322)
    預期: Sum=ffed (        -19)
    得到: Sum=1fffe1 (        -31)
[1661220000] PATTERN: *** 比對錯誤 *** (Test #3323)
    預期: Sum=fff6 (        -10)
    得到: Sum=1fffde (        -34)
[1661310000] PATTERN: *** 比對錯誤 *** (Test #3324)
    預期: Sum=ffc2 (        -62)
    得到: Sum=1fffb8 (        -72)
[1661400000] PATTERN: *** 比對錯誤 *** (Test #3325)
    預期: Sum=0074 (        116)
    得到: Sum=0000aa (        170)
[1661490000] PATTERN: *** 比對錯誤 *** (Test #3326)
    預期: Sum=fec6 (       -314)
    得到: Sum=1ffef9 (       -263)
[1661580000] PATTERN: *** 比對錯誤 *** (Test #3327)
    預期: Sum=0003 (          3)
    得到: Sum=1fffed (        -19)
[1661670000] PATTERN: *** 比對錯誤 *** (Test #3328)
    預期: Sum=ff6e (       -146)
    得到: Sum=1fff2e (       -210)
[1661760000] PATTERN: *** 比對錯誤 *** (Test #3329)
    預期: Sum=fff4 (        -12)
    得到: Sum=00000d (         13)
[1661850000] PATTERN: *** 比對錯誤 *** (Test #3330)
    預期: Sum=ffe3 (        -29)
    得到: Sum=1fffd8 (        -40)
[1661940000] PATTERN: *** 比對錯誤 *** (Test #3331)
    預期: Sum=ffe8 (        -24)
    得到: Sum=1fffeb (        -21)
*Verdi* : Flush all FSDB Files at 1,662,000,000 ps.
[1662030000] PATTERN: *** 比對錯誤 *** (Test #3332)
    預期: Sum=fff8 (         -8)
    得到: Sum=1ffffb (         -5)
[1662120000] PATTERN: *** 比對錯誤 *** (Test #3333)
    預期: Sum=000c (         12)
    得到: Sum=00001a (         26)
[1662210000] PATTERN: *** 比對錯誤 *** (Test #3334)
    預期: Sum=ffc7 (        -57)
    得到: Sum=1fffaf (        -81)
[1662300000] PATTERN: *** 比對錯誤 *** (Test #3335)
    預期: Sum=fefc (       -260)
    得到: Sum=1ffefa (       -262)
[1662390000] PATTERN: *** 比對錯誤 *** (Test #3336)
    預期: Sum=006d (        109)
    得到: Sum=00007e (        126)
[1662480000] PATTERN: *** 比對錯誤 *** (Test #3337)
    預期: Sum=0020 (         32)
    得到: Sum=00003f (         63)
[1662570000] PATTERN: *** 比對錯誤 *** (Test #3338)
    預期: Sum=ffc0 (        -64)
    得到: Sum=1fffb3 (        -77)
[1662660000] PATTERN: *** 比對錯誤 *** (Test #3339)
    預期: Sum=0009 (          9)
    得到: Sum=000007 (          7)
[1662750000] PATTERN: *** 比對錯誤 *** (Test #3340)
    預期: Sum=005c (         92)
    得到: Sum=000064 (        100)
[1662840000] PATTERN: *** 比對錯誤 *** (Test #3341)
    預期: Sum=ff90 (       -112)
    得到: Sum=1fff98 (       -104)
[1662930000] PATTERN: *** 比對錯誤 *** (Test #3342)
    預期: Sum=ff25 (       -219)
    得到: Sum=1ffeeb (       -277)
*Verdi* : Flush all FSDB Files at 1,663,000,000 ps.
[1663020000] PATTERN: *** 比對錯誤 *** (Test #3343)
    預期: Sum=001e (         30)
    得到: Sum=1ffffe (         -2)
[1663110000] PATTERN: *** 比對錯誤 *** (Test #3344)
    預期: Sum=ffef (        -17)
    得到: Sum=1fffe8 (        -24)
[1663200000] PATTERN: *** 比對錯誤 *** (Test #3345)
    預期: Sum=001c (         28)
    得到: Sum=000008 (          8)
[1663290000] PATTERN: *** 比對錯誤 *** (Test #3346)
    預期: Sum=fff6 (        -10)
    得到: Sum=1fffde (        -34)
[1663380000] PATTERN: *** 比對錯誤 *** (Test #3347)
    預期: Sum=0004 (          4)
    得到: Sum=000007 (          7)
[1663470000] PATTERN: *** 比對錯誤 *** (Test #3348)
    預期: Sum=fffd (         -3)
    得到: Sum=1ffff0 (        -16)
[1663560000] PATTERN: *** 比對錯誤 *** (Test #3349)
    預期: Sum=fffa (         -6)
    得到: Sum=1ffff0 (        -16)
[1663650000] PATTERN: *** 比對錯誤 *** (Test #3350)
    預期: Sum=ffb9 (        -71)
    得到: Sum=1fffa5 (        -91)
[1663740000] PATTERN: *** 比對錯誤 *** (Test #3351)
    預期: Sum=ff2e (       -210)
    得到: Sum=1fff15 (       -235)
[1663830000] PATTERN: *** 比對錯誤 *** (Test #3352)
    預期: Sum=002a (         42)
    得到: Sum=00004a (         74)
[1663920000] PATTERN: *** 比對錯誤 *** (Test #3353)
    預期: Sum=0001 (          1)
    得到: Sum=00000e (         14)
*Verdi* : Flush all FSDB Files at 1,664,000,000 ps.
[1664010000] PATTERN: *** 比對錯誤 *** (Test #3354)
    預期: Sum=0014 (         20)
    得到: Sum=000008 (          8)
[1664100000] PATTERN: *** 比對錯誤 *** (Test #3355)
    預期: Sum=0003 (          3)
    得到: Sum=1fffc4 (        -60)
[1664190000] PATTERN: *** 比對錯誤 *** (Test #3356)
    預期: Sum=fec4 (       -316)
    得到: Sum=1ffea7 (       -345)
[1664280000] PATTERN: *** 比對錯誤 *** (Test #3357)
    預期: Sum=0005 (          5)
    得到: Sum=1fffff (         -1)
[1664370000] PATTERN: *** 比對錯誤 *** (Test #3358)
    預期: Sum=fffe (         -2)
    得到: Sum=1ffff8 (         -8)
[1664460000] PATTERN: *** 比對錯誤 *** (Test #3359)
    預期: Sum=004a (         74)
    得到: Sum=000018 (         24)
[1664550000] PATTERN: *** 比對錯誤 *** (Test #3360)
    預期: Sum=0033 (         51)
    得到: Sum=00003a (         58)
[1664640000] PATTERN: *** 比對錯誤 *** (Test #3361)
    預期: Sum=0008 (          8)
    得到: Sum=000004 (          4)
[1664730000] PATTERN: *** 比對錯誤 *** (Test #3362)
    預期: Sum=0058 (         88)
    得到: Sum=000035 (         53)
[1664820000] PATTERN: *** 比對錯誤 *** (Test #3363)
    預期: Sum=ff2b (       -213)
    得到: Sum=1ffef0 (       -272)
[1664910000] PATTERN: *** 比對錯誤 *** (Test #3364)
    預期: Sum=fffb (         -5)
    得到: Sum=000010 (         16)
*Verdi* : Flush all FSDB Files at 1,665,000,000 ps.
[1665000000] PATTERN: *** 比對錯誤 *** (Test #3365)
    預期: Sum=ffdc (        -36)
    得到: Sum=1fffca (        -54)
[1665090000] PATTERN: *** 比對錯誤 *** (Test #3366)
    預期: Sum=0013 (         19)
    得到: Sum=00001b (         27)
[1665180000] PATTERN: *** 比對錯誤 *** (Test #3367)
    預期: Sum=000b (         11)
    得到: Sum=000009 (          9)
[1665270000] PATTERN: *** 比對錯誤 *** (Test #3368)
    預期: Sum=000d (         13)
    得到: Sum=1fffca (        -54)
[1665360000] PATTERN: *** 比對錯誤 *** (Test #3369)
    預期: Sum=ffc3 (        -61)
    得到: Sum=1fffca (        -54)
[1665450000] PATTERN: *** 比對錯誤 *** (Test #3370)
    預期: Sum=feec (       -276)
    得到: Sum=1fff12 (       -238)
[1665540000] PATTERN: *** 比對錯誤 *** (Test #3371)
    預期: Sum=ffdc (        -36)
    得到: Sum=1fffd0 (        -48)
[1665630000] PATTERN: *** 比對錯誤 *** (Test #3372)
    預期: Sum=ffdb (        -37)
    得到: Sum=1fffce (        -50)
[1665720000] PATTERN: *** 比對錯誤 *** (Test #3373)
    預期: Sum=fecb (       -309)
    得到: Sum=1ffefc (       -260)
[1665810000] PATTERN: *** 比對錯誤 *** (Test #3374)
    預期: Sum=ffe5 (        -27)
    得到: Sum=1fffe9 (        -23)
[1665900000] PATTERN: *** 比對錯誤 *** (Test #3375)
    預期: Sum=ff77 (       -137)
    得到: Sum=1fff86 (       -122)
[1665990000] PATTERN: *** 比對錯誤 *** (Test #3376)
    預期: Sum=0002 (          2)
    得到: Sum=1ffffa (         -6)
*Verdi* : Flush all FSDB Files at 1,666,000,000 ps.
[1666080000] PATTERN: *** 比對錯誤 *** (Test #3377)
    預期: Sum=fff5 (        -11)
    得到: Sum=00000c (         12)
[1666170000] PATTERN: *** 比對錯誤 *** (Test #3378)
    預期: Sum=0002 (          2)
    得到: Sum=1ffffc (         -4)
[1666260000] PATTERN: *** 比對錯誤 *** (Test #3379)
    預期: Sum=ffa4 (        -92)
    得到: Sum=1fffb1 (        -79)
[1666350000] PATTERN: *** 比對錯誤 *** (Test #3380)
    預期: Sum=007c (        124)
    得到: Sum=000066 (        102)
[1666440000] PATTERN: *** 比對錯誤 *** (Test #3381)
    預期: Sum=ff25 (       -219)
    得到: Sum=1ffefc (       -260)
[1666530000] PATTERN: *** 比對錯誤 *** (Test #3382)
    預期: Sum=002e (         46)
    得到: Sum=00000e (         14)
[1666620000] PATTERN: *** 比對錯誤 *** (Test #3383)
    預期: Sum=fff3 (        -13)
    得到: Sum=000013 (         19)
[1666710000] PATTERN: *** 比對錯誤 *** (Test #3384)
    預期: Sum=fffd (         -3)
    得到: Sum=000001 (          1)
[1666800000] PATTERN: *** 比對錯誤 *** (Test #3385)
    預期: Sum=fff5 (        -11)
    得到: Sum=000008 (          8)
[1666890000] PATTERN: *** 比對錯誤 *** (Test #3386)
    預期: Sum=fff9 (         -7)
    得到: Sum=1ffffb (         -5)
[1666980000] PATTERN: *** 比對錯誤 *** (Test #3387)
    預期: Sum=ffd0 (        -48)
    得到: Sum=1fff97 (       -105)
*Verdi* : Flush all FSDB Files at 1,667,000,000 ps.
[1667070000] PATTERN: *** 比對錯誤 *** (Test #3388)
    預期: Sum=00b7 (        183)
    得到: Sum=000041 (         65)
[1667160000] PATTERN: *** 比對錯誤 *** (Test #3389)
    預期: Sum=fecd (       -307)
    得到: Sum=1ffec5 (       -315)
[1667250000] PATTERN: *** 比對錯誤 *** (Test #3390)
    預期: Sum=ffe8 (        -24)
    得到: Sum=1fffbe (        -66)
[1667340000] PATTERN: *** 比對錯誤 *** (Test #3391)
    預期: Sum=ffd9 (        -39)
    得到: Sum=1fffe5 (        -27)
[1667430000] PATTERN: *** 比對錯誤 *** (Test #3392)
    預期: Sum=0167 (        359)
    得到: Sum=000008 (          8)
[1667520000] PATTERN: *** 比對錯誤 *** (Test #3393)
    預期: Sum=0005 (          5)
    得到: Sum=000002 (          2)
[1667610000] PATTERN: *** 比對錯誤 *** (Test #3394)
    預期: Sum=0001 (          1)
    得到: Sum=1fffc2 (        -62)
[1667700000] PATTERN: *** 比對錯誤 *** (Test #3395)
    預期: Sum=ffcf (        -49)
    得到: Sum=1fffcb (        -53)
[1667790000] PATTERN: *** 比對錯誤 *** (Test #3396)
    預期: Sum=fff0 (        -16)
    得到: Sum=1fffe3 (        -29)
[1667880000] PATTERN: *** 比對錯誤 *** (Test #3397)
    預期: Sum=ffe7 (        -25)
    得到: Sum=1ffff6 (        -10)
[1667970000] PATTERN: *** 比對錯誤 *** (Test #3398)
    預期: Sum=fff8 (         -8)
    得到: Sum=1fffdf (        -33)
*Verdi* : Flush all FSDB Files at 1,668,000,000 ps.
[1668060000] PATTERN: *** 比對錯誤 *** (Test #3399)
    預期: Sum=ffec (        -20)
    得到: Sum=1fffef (        -17)
[1668150000] PATTERN: *** 比對錯誤 *** (Test #3400)
    預期: Sum=ff5b (       -165)
    得到: Sum=1fff73 (       -141)
[1668240000] PATTERN: *** 比對錯誤 *** (Test #3401)
    預期: Sum=0021 (         33)
    得到: Sum=00002e (         46)
[1668330000] PATTERN: *** 比對錯誤 *** (Test #3402)
    預期: Sum=0009 (          9)
    得到: Sum=000004 (          4)
[1668420000] PATTERN: *** 比對錯誤 *** (Test #3403)
    預期: Sum=feda (       -294)
    得到: Sum=1ffeef (       -273)
[1668510000] PATTERN: *** 比對錯誤 *** (Test #3404)
    預期: Sum=0055 (         85)
    得到: Sum=000062 (         98)
[1668600000] PATTERN: *** 比對錯誤 *** (Test #3405)
    預期: Sum=0036 (         54)
    得到: Sum=000004 (          4)
[1668690000] PATTERN: *** 比對錯誤 *** (Test #3406)
    預期: Sum=0058 (         88)
    得到: Sum=00000e (         14)
[1668780000] PATTERN: *** 比對錯誤 *** (Test #3407)
    預期: Sum=ffbb (        -69)
    得到: Sum=1fffcb (        -53)
[1668870000] PATTERN: *** 比對錯誤 *** (Test #3408)
    預期: Sum=ffe3 (        -29)
    得到: Sum=1fffeb (        -21)
[1668960000] PATTERN: *** 比對錯誤 *** (Test #3409)
    預期: Sum=ffbe (        -66)
    得到: Sum=1fffc7 (        -57)
*Verdi* : Flush all FSDB Files at 1,669,000,000 ps.
[1669050000] PATTERN: *** 比對錯誤 *** (Test #3410)
    預期: Sum=ffaf (        -81)
    得到: Sum=1fffa4 (        -92)
[1669140000] PATTERN: *** 比對錯誤 *** (Test #3411)
    預期: Sum=ffd6 (        -42)
    得到: Sum=1fffe6 (        -26)
[1669230000] PATTERN: *** 比對錯誤 *** (Test #3412)
    預期: Sum=fff7 (         -9)
    得到: Sum=1fffff (         -1)
[1669320000] PATTERN: *** 比對錯誤 *** (Test #3413)
    預期: Sum=0043 (         67)
    得到: Sum=00001c (         28)
[1669410000] PATTERN: *** 比對錯誤 *** (Test #3414)
    預期: Sum=0030 (         48)
    得到: Sum=000048 (         72)
[1669500000] PATTERN: *** 比對錯誤 *** (Test #3415)
    預期: Sum=fff0 (        -16)
    得到: Sum=1fffee (        -18)
[1669590000] PATTERN: *** 比對錯誤 *** (Test #3416)
    預期: Sum=0076 (        118)
    得到: Sum=000077 (        119)
[1669680000] PATTERN: *** 比對錯誤 *** (Test #3417)
    預期: Sum=fffb (         -5)
    得到: Sum=1fffec (        -20)
[1669770000] PATTERN: *** 比對錯誤 *** (Test #3418)
    預期: Sum=fef5 (       -267)
    得到: Sum=1ffeec (       -276)
[1669860000] PATTERN: *** 比對錯誤 *** (Test #3419)
    預期: Sum=ffd0 (        -48)
    得到: Sum=1fffd6 (        -42)
[1669950000] PATTERN: *** 比對錯誤 *** (Test #3420)
    預期: Sum=0004 (          4)
    得到: Sum=000008 (          8)
*Verdi* : Flush all FSDB Files at 1,670,000,000 ps.
[1670040000] PATTERN: *** 比對錯誤 *** (Test #3421)
    預期: Sum=ff48 (       -184)
    得到: Sum=1fff51 (       -175)
[1670130000] PATTERN: *** 比對錯誤 *** (Test #3422)
    預期: Sum=0002 (          2)
    得到: Sum=1fffdd (        -35)
[1670220000] PATTERN: *** 比對錯誤 *** (Test #3423)
    預期: Sum=003c (         60)
    得到: Sum=00000f (         15)
[1670310000] PATTERN: *** 比對錯誤 *** (Test #3424)
    預期: Sum=fff6 (        -10)
    得到: Sum=00000f (         15)
[1670400000] PATTERN: *** 比對錯誤 *** (Test #3425)
    預期: Sum=ff05 (       -251)
    得到: Sum=1fff0a (       -246)
[1670490000] PATTERN: *** 比對錯誤 *** (Test #3426)
    預期: Sum=fff7 (         -9)
    得到: Sum=1ffff6 (        -10)
[1670580000] PATTERN: *** 比對錯誤 *** (Test #3427)
    預期: Sum=00fa (        250)
    得到: Sum=0000c2 (        194)
[1670670000] PATTERN: *** 比對錯誤 *** (Test #3428)
    預期: Sum=005a (         90)
    得到: Sum=000060 (         96)
[1670760000] PATTERN: *** 比對錯誤 *** (Test #3429)
    預期: Sum=000f (         15)
    得到: Sum=000001 (          1)
[1670850000] PATTERN: *** 比對錯誤 *** (Test #3430)
    預期: Sum=00c9 (        201)
    得到: Sum=000083 (        131)
[1670940000] PATTERN: *** 比對錯誤 *** (Test #3431)
    預期: Sum=ffeb (        -21)
    得到: Sum=1fffdc (        -36)
*Verdi* : Flush all FSDB Files at 1,671,000,000 ps.
[1671030000] PATTERN: *** 比對錯誤 *** (Test #3432)
    預期: Sum=0064 (        100)
    得到: Sum=00004c (         76)
[1671120000] PATTERN: *** 比對錯誤 *** (Test #3433)
    預期: Sum=ffdc (        -36)
    得到: Sum=1fffdb (        -37)
[1671210000] PATTERN: *** 比對錯誤 *** (Test #3434)
    預期: Sum=ff76 (       -138)
    得到: Sum=1fffb0 (        -80)
[1671300000] PATTERN: *** 比對錯誤 *** (Test #3435)
    預期: Sum=ff6b (       -149)
    得到: Sum=1fff82 (       -126)
[1671390000] PATTERN: *** 比對錯誤 *** (Test #3436)
    預期: Sum=0005 (          5)
    得到: Sum=1fffd1 (        -47)
[1671480000] PATTERN: *** 比對錯誤 *** (Test #3437)
    預期: Sum=ff58 (       -168)
    得到: Sum=1fff6e (       -146)
[1671570000] PATTERN: *** 比對錯誤 *** (Test #3438)
    預期: Sum=ff03 (       -253)
    得到: Sum=1fff2e (       -210)
[1671660000] PATTERN: *** 比對錯誤 *** (Test #3439)
    預期: Sum=00b7 (        183)
    得到: Sum=0000bf (        191)
[1671750000] PATTERN: *** 比對錯誤 *** (Test #3440)
    預期: Sum=0008 (          8)
    得到: Sum=000015 (         21)
[1671840000] PATTERN: *** 比對錯誤 *** (Test #3441)
    預期: Sum=001f (         31)
    得到: Sum=1fffc8 (        -56)
[1671930000] PATTERN: *** 比對錯誤 *** (Test #3442)
    預期: Sum=ff81 (       -127)
    得到: Sum=1fff52 (       -174)
*Verdi* : Flush all FSDB Files at 1,672,000,000 ps.
[1672020000] PATTERN: *** 比對錯誤 *** (Test #3443)
    預期: Sum=ff39 (       -199)
    得到: Sum=1fff42 (       -190)
[1672110000] PATTERN: *** 比對錯誤 *** (Test #3444)
    預期: Sum=fef5 (       -267)
    得到: Sum=1fff29 (       -215)
[1672200000] PATTERN: *** 比對錯誤 *** (Test #3445)
    預期: Sum=0022 (         34)
    得到: Sum=1fffd9 (        -39)
[1672290000] PATTERN: *** 比對錯誤 *** (Test #3446)
    預期: Sum=feff (       -257)
    得到: Sum=1ffef3 (       -269)
[1672380000] PATTERN: *** 比對錯誤 *** (Test #3447)
    預期: Sum=fffe (         -2)
    得到: Sum=1fffd2 (        -46)
[1672470000] PATTERN: *** 比對錯誤 *** (Test #3448)
    預期: Sum=007b (        123)
    得到: Sum=00009c (        156)
[1672560000] PATTERN: *** 比對錯誤 *** (Test #3449)
    預期: Sum=000a (         10)
    得到: Sum=000004 (          4)
[1672650000] PATTERN: *** 比對錯誤 *** (Test #3450)
    預期: Sum=0010 (         16)
    得到: Sum=00000e (         14)
[1672740000] PATTERN: *** 比對錯誤 *** (Test #3451)
    預期: Sum=0024 (         36)
    得到: Sum=000040 (         64)
[1672830000] PATTERN: *** 比對錯誤 *** (Test #3452)
    預期: Sum=fff5 (        -11)
    得到: Sum=1fffe8 (        -24)
[1672920000] PATTERN: *** 比對錯誤 *** (Test #3453)
    預期: Sum=ff4e (       -178)
    得到: Sum=1fff56 (       -170)
*Verdi* : Flush all FSDB Files at 1,673,000,000 ps.
[1673010000] PATTERN: *** 比對錯誤 *** (Test #3454)
    預期: Sum=0025 (         37)
    得到: Sum=1fffd6 (        -42)
[1673100000] PATTERN: *** 比對錯誤 *** (Test #3455)
    預期: Sum=feed (       -275)
    得到: Sum=1fff18 (       -232)
[1673190000] PATTERN: *** 比對錯誤 *** (Test #3456)
    預期: Sum=ff89 (       -119)
    得到: Sum=1fffac (        -84)
[1673280000] PATTERN: *** 比對錯誤 *** (Test #3457)
    預期: Sum=ff7a (       -134)
    得到: Sum=1fff45 (       -187)
[1673370000] PATTERN: *** 比對錯誤 *** (Test #3458)
    預期: Sum=fff0 (        -16)
    得到: Sum=000003 (          3)
[1673460000] PATTERN: *** 比對錯誤 *** (Test #3459)
    預期: Sum=0026 (         38)
    得到: Sum=000002 (          2)
[1673550000] PATTERN: *** 比對錯誤 *** (Test #3460)
    預期: Sum=fff5 (        -11)
    得到: Sum=1ffff2 (        -14)
[1673640000] PATTERN: *** 比對錯誤 *** (Test #3461)
    預期: Sum=000a (         10)
    得到: Sum=000001 (          1)
[1673730000] PATTERN: *** 比對錯誤 *** (Test #3462)
    預期: Sum=ff06 (       -250)
    得到: Sum=1fff03 (       -253)
[1673820000] PATTERN: *** 比對錯誤 *** (Test #3463)
    預期: Sum=ff8c (       -116)
    得到: Sum=000002 (          2)
[1673910000] PATTERN: *** 比對錯誤 *** (Test #3464)
    預期: Sum=feec (       -276)
    得到: Sum=1ffee2 (       -286)
*Verdi* : Flush all FSDB Files at 1,674,000,000 ps.
[1674000000] PATTERN: *** 比對錯誤 *** (Test #3465)
    預期: Sum=0015 (         21)
    得到: Sum=000005 (          5)
[1674090000] PATTERN: *** 比對錯誤 *** (Test #3466)
    預期: Sum=ffbb (        -69)
    得到: Sum=1fffdf (        -33)
[1674180000] PATTERN: *** 比對錯誤 *** (Test #3467)
    預期: Sum=0007 (          7)
    得到: Sum=1fff9d (        -99)
[1674270000] PATTERN: *** 比對錯誤 *** (Test #3468)
    預期: Sum=ffe9 (        -23)
    得到: Sum=1ffff5 (        -11)
[1674360000] PATTERN: *** 比對錯誤 *** (Test #3469)
    預期: Sum=fff3 (        -13)
    得到: Sum=1ffff9 (         -7)
[1674540000] PATTERN: *** 比對錯誤 *** (Test #3471)
    預期: Sum=fff2 (        -14)
    得到: Sum=000003 (          3)
[1674630000] PATTERN: *** 比對錯誤 *** (Test #3472)
    預期: Sum=002a (         42)
    得到: Sum=00004c (         76)
[1674720000] PATTERN: *** 比對錯誤 *** (Test #3473)
    預期: Sum=fdfd (       -515)
    得到: Sum=1ffe23 (       -477)
[1674810000] PATTERN: *** 比對錯誤 *** (Test #3474)
    預期: Sum=ffdb (        -37)
    得到: Sum=000016 (         22)
[1674900000] PATTERN: *** 比對錯誤 *** (Test #3475)
    預期: Sum=ffd8 (        -40)
    得到: Sum=1fffe6 (        -26)
[1674990000] PATTERN: *** 比對錯誤 *** (Test #3476)
    預期: Sum=ffec (        -20)
    得到: Sum=1ffffa (         -6)
*Verdi* : Flush all FSDB Files at 1,675,000,000 ps.
[1675080000] PATTERN: *** 比對錯誤 *** (Test #3477)
    預期: Sum=0020 (         32)
    得到: Sum=00002c (         44)
[1675170000] PATTERN: *** 比對錯誤 *** (Test #3478)
    預期: Sum=ffd1 (        -47)
    得到: Sum=1fffd6 (        -42)
[1675350000] PATTERN: *** 比對錯誤 *** (Test #3480)
    預期: Sum=ff9d (        -99)
    得到: Sum=1fffa4 (        -92)
[1675440000] PATTERN: *** 比對錯誤 *** (Test #3481)
    預期: Sum=ffe2 (        -30)
    得到: Sum=1fffe3 (        -29)
[1675530000] PATTERN: *** 比對錯誤 *** (Test #3482)
    預期: Sum=ffcb (        -53)
    得到: Sum=1fffc4 (        -60)
[1675620000] PATTERN: *** 比對錯誤 *** (Test #3483)
    預期: Sum=004f (         79)
    得到: Sum=000083 (        131)
[1675710000] PATTERN: *** 比對錯誤 *** (Test #3484)
    預期: Sum=ff06 (       -250)
    得到: Sum=1fff27 (       -217)
[1675800000] PATTERN: *** 比對錯誤 *** (Test #3485)
    預期: Sum=fff6 (        -10)
    得到: Sum=1fffed (        -19)
[1675890000] PATTERN: *** 比對錯誤 *** (Test #3486)
    預期: Sum=0010 (         16)
    得到: Sum=000002 (          2)
[1675980000] PATTERN: *** 比對錯誤 *** (Test #3487)
    預期: Sum=0023 (         35)
    得到: Sum=000031 (         49)
*Verdi* : Flush all FSDB Files at 1,676,000,000 ps.
[1676070000] PATTERN: *** 比對錯誤 *** (Test #3488)
    預期: Sum=ff5b (       -165)
    得到: Sum=1fff80 (       -128)
[1676160000] PATTERN: *** 比對錯誤 *** (Test #3489)
    預期: Sum=ff04 (       -252)
    得到: Sum=1ffeee (       -274)
[1676250000] PATTERN: *** 比對錯誤 *** (Test #3490)
    預期: Sum=fff5 (        -11)
    得到: Sum=00000c (         12)
[1676340000] PATTERN: *** 比對錯誤 *** (Test #3491)
    預期: Sum=ffea (        -22)
    得到: Sum=1fffcf (        -49)
[1676430000] PATTERN: *** 比對錯誤 *** (Test #3492)
    預期: Sum=ff0c (       -244)
    得到: Sum=1ffef5 (       -267)
[1676520000] PATTERN: *** 比對錯誤 *** (Test #3493)
    預期: Sum=ff1a (       -230)
    得到: Sum=1fff1d (       -227)
[1676610000] PATTERN: *** 比對錯誤 *** (Test #3494)
    預期: Sum=fff5 (        -11)
    得到: Sum=1fffe2 (        -30)
[1676700000] PATTERN: *** 比對錯誤 *** (Test #3495)
    預期: Sum=fffb (         -5)
    得到: Sum=000002 (          2)
[1676790000] PATTERN: *** 比對錯誤 *** (Test #3496)
    預期: Sum=ff26 (       -218)
    得到: Sum=1fff17 (       -233)
[1676880000] PATTERN: *** 比對錯誤 *** (Test #3497)
    預期: Sum=fff8 (         -8)
    得到: Sum=00001e (         30)
[1676970000] PATTERN: *** 比對錯誤 *** (Test #3498)
    預期: Sum=fef0 (       -272)
    得到: Sum=1fff0c (       -244)
*Verdi* : Flush all FSDB Files at 1,677,000,000 ps.
[1677060000] PATTERN: *** 比對錯誤 *** (Test #3499)
    預期: Sum=fff8 (         -8)
    得到: Sum=1fffe9 (        -23)
[1677240000] PATTERN: *** 比對錯誤 *** (Test #3501)
    預期: Sum=ffde (        -34)
    得到: Sum=1fffc3 (        -61)
[1677330000] PATTERN: *** 比對錯誤 *** (Test #3502)
    預期: Sum=ffff (         -1)
    得到: Sum=000004 (          4)
[1677420000] PATTERN: *** 比對錯誤 *** (Test #3503)
    預期: Sum=ff9f (        -97)
    得到: Sum=000015 (         21)
[1677510000] PATTERN: *** 比對錯誤 *** (Test #3504)
    預期: Sum=feb4 (       -332)
    得到: Sum=1ffec0 (       -320)
[1677600000] PATTERN: *** 比對錯誤 *** (Test #3505)
    預期: Sum=fedf (       -289)
    得到: Sum=1ffef4 (       -268)
[1677690000] PATTERN: *** 比對錯誤 *** (Test #3506)
    預期: Sum=ffeb (        -21)
    得到: Sum=1ffff2 (        -14)
[1677780000] PATTERN: *** 比對錯誤 *** (Test #3507)
    預期: Sum=fee8 (       -280)
    得到: Sum=1fff22 (       -222)
[1677870000] PATTERN: *** 比對錯誤 *** (Test #3508)
    預期: Sum=001d (         29)
    得到: Sum=000013 (         19)
[1677960000] PATTERN: *** 比對錯誤 *** (Test #3509)
    預期: Sum=ffcf (        -49)
    得到: Sum=000000 (          0)
*Verdi* : Flush all FSDB Files at 1,678,000,000 ps.
[1678050000] PATTERN: *** 比對錯誤 *** (Test #3510)
    預期: Sum=fff3 (        -13)
    得到: Sum=000007 (          7)
[1678140000] PATTERN: *** 比對錯誤 *** (Test #3511)
    預期: Sum=fff9 (         -7)
    得到: Sum=00000b (         11)
[1678230000] PATTERN: *** 比對錯誤 *** (Test #3512)
    預期: Sum=ff56 (       -170)
    得到: Sum=1fff33 (       -205)
[1678320000] PATTERN: *** 比對錯誤 *** (Test #3513)
    預期: Sum=ff25 (       -219)
    得到: Sum=1fff31 (       -207)
[1678410000] PATTERN: *** 比對錯誤 *** (Test #3514)
    預期: Sum=0038 (         56)
    得到: Sum=00004f (         79)
[1678500000] PATTERN: *** 比對錯誤 *** (Test #3515)
    預期: Sum=0011 (         17)
    得到: Sum=00000f (         15)
[1678590000] PATTERN: *** 比對錯誤 *** (Test #3516)
    預期: Sum=ffdb (        -37)
    得到: Sum=1fff8d (       -115)
[1678680000] PATTERN: *** 比對錯誤 *** (Test #3517)
    預期: Sum=fef0 (       -272)
    得到: Sum=1ffedd (       -291)
[1678770000] PATTERN: *** 比對錯誤 *** (Test #3518)
    預期: Sum=000e (         14)
    得到: Sum=000005 (          5)
[1678860000] PATTERN: *** 比對錯誤 *** (Test #3519)
    預期: Sum=0073 (        115)
    得到: Sum=00005e (         94)
[1678950000] PATTERN: *** 比對錯誤 *** (Test #3520)
    預期: Sum=0068 (        104)
    得到: Sum=000092 (        146)
*Verdi* : Flush all FSDB Files at 1,679,000,000 ps.
[1679040000] PATTERN: *** 比對錯誤 *** (Test #3521)
    預期: Sum=fff8 (         -8)
    得到: Sum=1fffde (        -34)
[1679130000] PATTERN: *** 比對錯誤 *** (Test #3522)
    預期: Sum=ff11 (       -239)
    得到: Sum=1ffefa (       -262)
[1679220000] PATTERN: *** 比對錯誤 *** (Test #3523)
    預期: Sum=0000 (          0)
    得到: Sum=000001 (          1)
[1679310000] PATTERN: *** 比對錯誤 *** (Test #3524)
    預期: Sum=ffd9 (        -39)
    得到: Sum=1fffd8 (        -40)
[1679400000] PATTERN: *** 比對錯誤 *** (Test #3525)
    預期: Sum=fffa (         -6)
    得到: Sum=1ffff3 (        -13)
[1679490000] PATTERN: *** 比對錯誤 *** (Test #3526)
    預期: Sum=fee9 (       -279)
    得到: Sum=1ffede (       -290)
[1679580000] PATTERN: *** 比對錯誤 *** (Test #3527)
    預期: Sum=0040 (         64)
    得到: Sum=000043 (         67)
[1679670000] PATTERN: *** 比對錯誤 *** (Test #3528)
    預期: Sum=005b (         91)
    得到: Sum=000043 (         67)
[1679760000] PATTERN: *** 比對錯誤 *** (Test #3529)
    預期: Sum=0005 (          5)
    得到: Sum=1fffdb (        -37)
[1679850000] PATTERN: *** 比對錯誤 *** (Test #3530)
    預期: Sum=001d (         29)
    得到: Sum=00001a (         26)
[1679940000] PATTERN: *** 比對錯誤 *** (Test #3531)
    預期: Sum=fff0 (        -16)
    得到: Sum=1fffc3 (        -61)
*Verdi* : Flush all FSDB Files at 1,680,000,000 ps.
[1680030000] PATTERN: *** 比對錯誤 *** (Test #3532)
    預期: Sum=ffb1 (        -79)
    得到: Sum=1fffbc (        -68)
[1680120000] PATTERN: *** 比對錯誤 *** (Test #3533)
    預期: Sum=fffc (         -4)
    得到: Sum=000001 (          1)
[1680210000] PATTERN: *** 比對錯誤 *** (Test #3534)
    預期: Sum=ffd7 (        -41)
    得到: Sum=1fffb8 (        -72)
[1680300000] PATTERN: *** 比對錯誤 *** (Test #3535)
    預期: Sum=0078 (        120)
    得到: Sum=00007f (        127)
[1680390000] PATTERN: *** 比對錯誤 *** (Test #3536)
    預期: Sum=0004 (          4)
    得到: Sum=000008 (          8)
[1680480000] PATTERN: *** 比對錯誤 *** (Test #3537)
    預期: Sum=006d (        109)
    得到: Sum=000067 (        103)
[1680570000] PATTERN: *** 比對錯誤 *** (Test #3538)
    預期: Sum=ffc1 (        -63)
    得到: Sum=1ffff5 (        -11)
[1680660000] PATTERN: *** 比對錯誤 *** (Test #3539)
    預期: Sum=007f (        127)
    得到: Sum=000070 (        112)
[1680750000] PATTERN: *** 比對錯誤 *** (Test #3540)
    預期: Sum=ff94 (       -108)
    得到: Sum=1fff66 (       -154)
[1680840000] PATTERN: *** 比對錯誤 *** (Test #3541)
    預期: Sum=000f (         15)
    得到: Sum=000007 (          7)
[1680930000] PATTERN: *** 比對錯誤 *** (Test #3542)
    預期: Sum=0009 (          9)
    得到: Sum=1fffa6 (        -90)
*Verdi* : Flush all FSDB Files at 1,681,000,000 ps.
[1681020000] PATTERN: *** 比對錯誤 *** (Test #3543)
    預期: Sum=004b (         75)
    得到: Sum=000064 (        100)
[1681110000] PATTERN: *** 比對錯誤 *** (Test #3544)
    預期: Sum=ff3a (       -198)
    得到: Sum=1ffef5 (       -267)
[1681200000] PATTERN: *** 比對錯誤 *** (Test #3545)
    預期: Sum=fff0 (        -16)
    得到: Sum=000000 (          0)
[1681290000] PATTERN: *** 比對錯誤 *** (Test #3546)
    預期: Sum=fee7 (       -281)
    得到: Sum=1fff11 (       -239)
[1681380000] PATTERN: *** 比對錯誤 *** (Test #3547)
    預期: Sum=ff4e (       -178)
    得到: Sum=1fff1b (       -229)
[1681470000] PATTERN: *** 比對錯誤 *** (Test #3548)
    預期: Sum=fed8 (       -296)
    得到: Sum=1ffefd (       -259)
[1681560000] PATTERN: *** 比對錯誤 *** (Test #3549)
    預期: Sum=ffc9 (        -55)
    得到: Sum=1fffc7 (        -57)
[1681650000] PATTERN: *** 比對錯誤 *** (Test #3550)
    預期: Sum=ff89 (       -119)
    得到: Sum=1fff99 (       -103)
[1681740000] PATTERN: *** 比對錯誤 *** (Test #3551)
    預期: Sum=0004 (          4)
    得到: Sum=1fffeb (        -21)
[1681830000] PATTERN: *** 比對錯誤 *** (Test #3552)
    預期: Sum=ffcb (        -53)
    得到: Sum=1ffff1 (        -15)
[1681920000] PATTERN: *** 比對錯誤 *** (Test #3553)
    預期: Sum=002e (         46)
    得到: Sum=000015 (         21)
*Verdi* : Flush all FSDB Files at 1,682,000,000 ps.
[1682010000] PATTERN: *** 比對錯誤 *** (Test #3554)
    預期: Sum=ff0d (       -243)
    得到: Sum=1fff32 (       -206)
[1682100000] PATTERN: *** 比對錯誤 *** (Test #3555)
    預期: Sum=001d (         29)
    得到: Sum=1fffeb (        -21)
[1682190000] PATTERN: *** 比對錯誤 *** (Test #3556)
    預期: Sum=fef2 (       -270)
    得到: Sum=1fff1d (       -227)
[1682280000] PATTERN: *** 比對錯誤 *** (Test #3557)
    預期: Sum=ff0f (       -241)
    得到: Sum=1ffeea (       -278)
[1682370000] PATTERN: *** 比對錯誤 *** (Test #3558)
    預期: Sum=00b1 (        177)
    得到: Sum=000108 (        264)
[1682460000] PATTERN: *** 比對錯誤 *** (Test #3559)
    預期: Sum=febd (       -323)
    得到: Sum=1ffefb (       -261)
[1682550000] PATTERN: *** 比對錯誤 *** (Test #3560)
    預期: Sum=fff6 (        -10)
    得到: Sum=1fffef (        -17)
[1682640000] PATTERN: *** 比對錯誤 *** (Test #3561)
    預期: Sum=0009 (          9)
    得到: Sum=1ffff3 (        -13)
[1682730000] PATTERN: *** 比對錯誤 *** (Test #3562)
    預期: Sum=fec5 (       -315)
    得到: Sum=1ffeaf (       -337)
[1682820000] PATTERN: *** 比對錯誤 *** (Test #3563)
    預期: Sum=ffee (        -18)
    得到: Sum=1ffff5 (        -11)
[1682910000] PATTERN: *** 比對錯誤 *** (Test #3564)
    預期: Sum=0012 (         18)
    得到: Sum=1ffff3 (        -13)
*Verdi* : Flush all FSDB Files at 1,683,000,000 ps.
[1683000000] PATTERN: *** 比對錯誤 *** (Test #3565)
    預期: Sum=fff3 (        -13)
    得到: Sum=000012 (         18)
[1683090000] PATTERN: *** 比對錯誤 *** (Test #3566)
    預期: Sum=ff79 (       -135)
    得到: Sum=1fff92 (       -110)
[1683180000] PATTERN: *** 比對錯誤 *** (Test #3567)
    預期: Sum=fec5 (       -315)
    得到: Sum=1fff1e (       -226)
[1683270000] PATTERN: *** 比對錯誤 *** (Test #3568)
    預期: Sum=feef (       -273)
    得到: Sum=1ffedf (       -289)
[1683360000] PATTERN: *** 比對錯誤 *** (Test #3569)
    預期: Sum=fff1 (        -15)
    得到: Sum=1fffdc (        -36)
[1683450000] PATTERN: *** 比對錯誤 *** (Test #3570)
    預期: Sum=fff3 (        -13)
    得到: Sum=1fffbc (        -68)
[1683540000] PATTERN: *** 比對錯誤 *** (Test #3571)
    預期: Sum=ff4a (       -182)
    得到: Sum=1fff30 (       -208)
[1683630000] PATTERN: *** 比對錯誤 *** (Test #3572)
    預期: Sum=ffba (        -70)
    得到: Sum=1fffda (        -38)
[1683720000] PATTERN: *** 比對錯誤 *** (Test #3573)
    預期: Sum=004e (         78)
    得到: Sum=00002b (         43)
[1683810000] PATTERN: *** 比對錯誤 *** (Test #3574)
    預期: Sum=ff1d (       -227)
    得到: Sum=1ffef8 (       -264)
[1683900000] PATTERN: *** 比對錯誤 *** (Test #3575)
    預期: Sum=fff3 (        -13)
    得到: Sum=1ffff0 (        -16)
[1683990000] PATTERN: *** 比對錯誤 *** (Test #3576)
    預期: Sum=fff7 (         -9)
    得到: Sum=000006 (          6)
*Verdi* : Flush all FSDB Files at 1,684,000,000 ps.
[1684080000] PATTERN: *** 比對錯誤 *** (Test #3577)
    預期: Sum=000d (         13)
    得到: Sum=000014 (         20)
[1684170000] PATTERN: *** 比對錯誤 *** (Test #3578)
    預期: Sum=fff2 (        -14)
    得到: Sum=1fffe2 (        -30)
[1684260000] PATTERN: *** 比對錯誤 *** (Test #3579)
    預期: Sum=fffa (         -6)
    得到: Sum=1fffdf (        -33)
[1684350000] PATTERN: *** 比對錯誤 *** (Test #3580)
    預期: Sum=ffd6 (        -42)
    得到: Sum=1fffb8 (        -72)
[1684440000] PATTERN: *** 比對錯誤 *** (Test #3581)
    預期: Sum=008d (        141)
    得到: Sum=0000ad (        173)
[1684530000] PATTERN: *** 比對錯誤 *** (Test #3582)
    預期: Sum=fefb (       -261)
    得到: Sum=1ffef8 (       -264)
[1684620000] PATTERN: *** 比對錯誤 *** (Test #3583)
    預期: Sum=0009 (          9)
    得到: Sum=1fffeb (        -21)
[1684710000] PATTERN: *** 比對錯誤 *** (Test #3584)
    預期: Sum=ff5d (       -163)
    得到: Sum=1fff2c (       -212)
[1684800000] PATTERN: *** 比對錯誤 *** (Test #3585)
    預期: Sum=0012 (         18)
    得到: Sum=000003 (          3)
[1684890000] PATTERN: *** 比對錯誤 *** (Test #3586)
    預期: Sum=ffef (        -17)
    得到: Sum=1fffdf (        -33)
[1684980000] PATTERN: *** 比對錯誤 *** (Test #3587)
    預期: Sum=ffbb (        -69)
    得到: Sum=1fffe5 (        -27)
*Verdi* : Flush all FSDB Files at 1,685,000,000 ps.
[1685070000] PATTERN: *** 比對錯誤 *** (Test #3588)
    預期: Sum=0006 (          6)
    得到: Sum=1ffffd (         -3)
[1685160000] PATTERN: *** 比對錯誤 *** (Test #3589)
    預期: Sum=0016 (         22)
    得到: Sum=00001e (         30)
[1685250000] PATTERN: *** 比對錯誤 *** (Test #3590)
    預期: Sum=ffab (        -85)
    得到: Sum=1fffaf (        -81)
[1685340000] PATTERN: *** 比對錯誤 *** (Test #3591)
    預期: Sum=ff15 (       -235)
    得到: Sum=1ffefa (       -262)
[1685430000] PATTERN: *** 比對錯誤 *** (Test #3592)
    預期: Sum=005c (         92)
    得到: Sum=00007e (        126)
[1685520000] PATTERN: *** 比對錯誤 *** (Test #3593)
    預期: Sum=ffea (        -22)
    得到: Sum=00003e (         62)
[1685610000] PATTERN: *** 比對錯誤 *** (Test #3594)
    預期: Sum=ffe3 (        -29)
    得到: Sum=1fffb3 (        -77)
[1685700000] PATTERN: *** 比對錯誤 *** (Test #3595)
    預期: Sum=0006 (          6)
    得到: Sum=000003 (          3)
[1685790000] PATTERN: *** 比對錯誤 *** (Test #3596)
    預期: Sum=0079 (        121)
    得到: Sum=000064 (        100)
[1685880000] PATTERN: *** 比對錯誤 *** (Test #3597)
    預期: Sum=ff8f (       -113)
    得到: Sum=1fff9d (        -99)
[1685970000] PATTERN: *** 比對錯誤 *** (Test #3598)
    預期: Sum=ff2c (       -212)
    得到: Sum=1ffeee (       -274)
*Verdi* : Flush all FSDB Files at 1,686,000,000 ps.
[1686060000] PATTERN: *** 比對錯誤 *** (Test #3599)
    預期: Sum=0026 (         38)
    得到: Sum=1ffffd (         -3)
[1686150000] PATTERN: *** 比對錯誤 *** (Test #3600)
    預期: Sum=fffc (         -4)
    得到: Sum=1fffe8 (        -24)
[1686240000] PATTERN: *** 比對錯誤 *** (Test #3601)
    預期: Sum=0020 (         32)
    得到: Sum=000008 (          8)
[1686330000] PATTERN: *** 比對錯誤 *** (Test #3602)
    預期: Sum=0000 (          0)
    得到: Sum=1fffde (        -34)
[1686420000] PATTERN: *** 比對錯誤 *** (Test #3603)
    預期: Sum=0007 (          7)
    得到: Sum=000005 (          5)
[1686510000] PATTERN: *** 比對錯誤 *** (Test #3604)
    預期: Sum=ffee (        -18)
    得到: Sum=1ffff0 (        -16)
[1686600000] PATTERN: *** 比對錯誤 *** (Test #3605)
    預期: Sum=fff8 (         -8)
    得到: Sum=1fffec (        -20)
[1686690000] PATTERN: *** 比對錯誤 *** (Test #3606)
    預期: Sum=ffb5 (        -75)
    得到: Sum=1fffa5 (        -91)
[1686780000] PATTERN: *** 比對錯誤 *** (Test #3607)
    預期: Sum=ff20 (       -224)
    得到: Sum=1fff15 (       -235)
[1686870000] PATTERN: *** 比對錯誤 *** (Test #3608)
    預期: Sum=0009 (          9)
    得到: Sum=00004a (         74)
[1686960000] PATTERN: *** 比對錯誤 *** (Test #3609)
    預期: Sum=0012 (         18)
    得到: Sum=000011 (         17)
*Verdi* : Flush all FSDB Files at 1,687,000,000 ps.
[1687050000] PATTERN: *** 比對錯誤 *** (Test #3610)
    預期: Sum=fff1 (        -15)
    得到: Sum=1ffff4 (        -12)
[1687140000] PATTERN: *** 比對錯誤 *** (Test #3611)
    預期: Sum=ffec (        -20)
    得到: Sum=1fffc3 (        -61)
[1687230000] PATTERN: *** 比對錯誤 *** (Test #3612)
    預期: Sum=feac (       -340)
    得到: Sum=1ffea7 (       -345)
[1687320000] PATTERN: *** 比對錯誤 *** (Test #3613)
    預期: Sum=fff8 (         -8)
    得到: Sum=000000 (          0)
[1687410000] PATTERN: *** 比對錯誤 *** (Test #3614)
    預期: Sum=fff1 (        -15)
    得到: Sum=1ffff7 (         -9)
[1687500000] PATTERN: *** 比對錯誤 *** (Test #3615)
    預期: Sum=0047 (         71)
    得到: Sum=00001b (         27)
[1687590000] PATTERN: *** 比對錯誤 *** (Test #3616)
    預期: Sum=0034 (         52)
    得到: Sum=00003a (         58)
[1687680000] PATTERN: *** 比對錯誤 *** (Test #3617)
    預期: Sum=0010 (         16)
    得到: Sum=000004 (          4)
[1687770000] PATTERN: *** 比對錯誤 *** (Test #3618)
    預期: Sum=0046 (         70)
    得到: Sum=000037 (         55)
[1687860000] PATTERN: *** 比對錯誤 *** (Test #3619)
    預期: Sum=fefc (       -260)
    得到: Sum=1ffeef (       -273)
[1687950000] PATTERN: *** 比對錯誤 *** (Test #3620)
    預期: Sum=0001 (          1)
    得到: Sum=00000d (         13)
*Verdi* : Flush all FSDB Files at 1,688,000,000 ps.
[1688040000] PATTERN: *** 比對錯誤 *** (Test #3621)
    預期: Sum=fff1 (        -15)
    得到: Sum=1fffca (        -54)
[1688130000] PATTERN: *** 比對錯誤 *** (Test #3622)
    預期: Sum=0019 (         25)
    得到: Sum=00001b (         27)
[1688220000] PATTERN: *** 比對錯誤 *** (Test #3623)
    預期: Sum=0000 (          0)
    得到: Sum=00000a (         10)
[1688310000] PATTERN: *** 比對錯誤 *** (Test #3624)
    預期: Sum=ff92 (       -110)
    得到: Sum=1fffcb (        -53)
[1688400000] PATTERN: *** 比對錯誤 *** (Test #3625)
    預期: Sum=ffbd (        -67)
    得到: Sum=1fffca (        -54)
[1688490000] PATTERN: *** 比對錯誤 *** (Test #3626)
    預期: Sum=ff13 (       -237)
    得到: Sum=1fff10 (       -240)
[1688580000] PATTERN: *** 比對錯誤 *** (Test #3627)
    預期: Sum=ffc8 (        -56)
    得到: Sum=1fffd1 (        -47)
[1688670000] PATTERN: *** 比對錯誤 *** (Test #3628)
    預期: Sum=ffc5 (        -59)
    得到: Sum=1fffce (        -50)
[1688760000] PATTERN: *** 比對錯誤 *** (Test #3629)
    預期: Sum=fec3 (       -317)
    得到: Sum=1ffefc (       -260)
[1688850000] PATTERN: *** 比對錯誤 *** (Test #3630)
    預期: Sum=ffcf (        -49)
    得到: Sum=1fffe9 (        -23)
[1688940000] PATTERN: *** 比對錯誤 *** (Test #3631)
    預期: Sum=ff66 (       -154)
    得到: Sum=1fff85 (       -123)
*Verdi* : Flush all FSDB Files at 1,689,000,000 ps.
[1689030000] PATTERN: *** 比對錯誤 *** (Test #3632)
    預期: Sum=0006 (          6)
    得到: Sum=1ffffa (         -6)
[1689120000] PATTERN: *** 比對錯誤 *** (Test #3633)
    預期: Sum=fff3 (        -13)
    得到: Sum=00000d (         13)
[1689210000] PATTERN: *** 比對錯誤 *** (Test #3634)
    預期: Sum=fff8 (         -8)
    得到: Sum=1ffffc (         -4)
[1689300000] PATTERN: *** 比對錯誤 *** (Test #3635)
    預期: Sum=ffca (        -54)
    得到: Sum=1fffb1 (        -79)
[1689390000] PATTERN: *** 比對錯誤 *** (Test #3636)
    預期: Sum=008f (        143)
    得到: Sum=000066 (        102)
[1689480000] PATTERN: *** 比對錯誤 *** (Test #3637)
    預期: Sum=ff0b (       -245)
    得到: Sum=1ffef7 (       -265)
[1689570000] PATTERN: *** 比對錯誤 *** (Test #3638)
    預期: Sum=001f (         31)
    得到: Sum=00000f (         15)
[1689660000] PATTERN: *** 比對錯誤 *** (Test #3639)
    預期: Sum=fff8 (         -8)
    得到: Sum=000012 (         18)
[1689750000] PATTERN: *** 比對錯誤 *** (Test #3640)
    預期: Sum=001d (         29)
    得到: Sum=000001 (          1)
[1689840000] PATTERN: *** 比對錯誤 *** (Test #3641)
    預期: Sum=fff6 (        -10)
    得到: Sum=000008 (          8)
[1689930000] PATTERN: *** 比對錯誤 *** (Test #3642)
    預期: Sum=fffa (         -6)
    得到: Sum=1ffffc (         -4)
*Verdi* : Flush all FSDB Files at 1,690,000,000 ps.
[1690020000] PATTERN: *** 比對錯誤 *** (Test #3643)
    預期: Sum=ffcb (        -53)
    得到: Sum=1fff98 (       -104)
[1690110000] PATTERN: *** 比對錯誤 *** (Test #3644)
    預期: Sum=008a (        138)
    得到: Sum=000042 (         66)
[1690200000] PATTERN: *** 比對錯誤 *** (Test #3645)
    預期: Sum=fe98 (       -360)
    得到: Sum=1ffec5 (       -315)
[1690290000] PATTERN: *** 比對錯誤 *** (Test #3646)
    預期: Sum=ffde (        -34)
    得到: Sum=1fffb9 (        -71)
[1690380000] PATTERN: *** 比對錯誤 *** (Test #3647)
    預期: Sum=0002 (          2)
    得到: Sum=1fffe5 (        -27)
[1690470000] PATTERN: *** 比對錯誤 *** (Test #3648)
    預期: Sum=0101 (        257)
    得到: Sum=000008 (          8)
[1690560000] PATTERN: *** 比對錯誤 *** (Test #3649)
    預期: Sum=fff7 (         -9)
    得到: Sum=000004 (          4)
[1690650000] PATTERN: *** 比對錯誤 *** (Test #3650)
    預期: Sum=ffdd (        -35)
    得到: Sum=1fffc2 (        -62)
[1690740000] PATTERN: *** 比對錯誤 *** (Test #3651)
    預期: Sum=ffde (        -34)
    得到: Sum=1fffcb (        -53)
[1690830000] PATTERN: *** 比對錯誤 *** (Test #3652)
    預期: Sum=fffa (         -6)
    得到: Sum=1fffe5 (        -27)
[1690920000] PATTERN: *** 比對錯誤 *** (Test #3653)
    預期: Sum=ffe6 (        -26)
    得到: Sum=1ffff7 (         -9)
*Verdi* : Flush all FSDB Files at 1,691,000,000 ps.
[1691010000] PATTERN: *** 比對錯誤 *** (Test #3654)
    預期: Sum=0005 (          5)
    得到: Sum=1fffe0 (        -32)
[1691190000] PATTERN: *** 比對錯誤 *** (Test #3656)
    預期: Sum=ff49 (       -183)
    得到: Sum=1fff73 (       -141)
[1691280000] PATTERN: *** 比對錯誤 *** (Test #3657)
    預期: Sum=001e (         30)
    得到: Sum=00002e (         46)
[1691370000] PATTERN: *** 比對錯誤 *** (Test #3658)
    預期: Sum=0007 (          7)
    得到: Sum=000005 (          5)
[1691460000] PATTERN: *** 比對錯誤 *** (Test #3659)
    預期: Sum=fedc (       -292)
    得到: Sum=1ffef1 (       -271)
[1691550000] PATTERN: *** 比對錯誤 *** (Test #3660)
    預期: Sum=0055 (         85)
    得到: Sum=000062 (         98)
[1691640000] PATTERN: *** 比對錯誤 *** (Test #3661)
    預期: Sum=0060 (         96)
    得到: Sum=000005 (          5)
[1691730000] PATTERN: *** 比對錯誤 *** (Test #3662)
    預期: Sum=0054 (         84)
    得到: Sum=000010 (         16)
[1691820000] PATTERN: *** 比對錯誤 *** (Test #3663)
    預期: Sum=ffd4 (        -44)
    得到: Sum=1fffca (        -54)
[1691910000] PATTERN: *** 比對錯誤 *** (Test #3664)
    預期: Sum=fff1 (        -15)
    得到: Sum=1fffec (        -20)
*Verdi* : Flush all FSDB Files at 1,692,000,000 ps.
[1692000000] PATTERN: *** 比對錯誤 *** (Test #3665)
    預期: Sum=ffda (        -38)
    得到: Sum=1fffc7 (        -57)
[1692090000] PATTERN: *** 比對錯誤 *** (Test #3666)
    預期: Sum=ff99 (       -103)
    得到: Sum=1fffa4 (        -92)
[1692180000] PATTERN: *** 比對錯誤 *** (Test #3667)
    預期: Sum=000d (         13)
    得到: Sum=1fffe6 (        -26)
[1692270000] PATTERN: *** 比對錯誤 *** (Test #3668)
    預期: Sum=fff1 (        -15)
    得到: Sum=1fffff (         -1)
[1692360000] PATTERN: *** 比對錯誤 *** (Test #3669)
    預期: Sum=0021 (         33)
    得到: Sum=00001c (         28)
[1692450000] PATTERN: *** 比對錯誤 *** (Test #3670)
    預期: Sum=002e (         46)
    得到: Sum=000046 (         70)
[1692540000] PATTERN: *** 比對錯誤 *** (Test #3671)
    預期: Sum=ff9e (        -98)
    得到: Sum=1fffe8 (        -24)
[1692630000] PATTERN: *** 比對錯誤 *** (Test #3672)
    預期: Sum=003e (         62)
    得到: Sum=000078 (        120)
[1692720000] PATTERN: *** 比對錯誤 *** (Test #3673)
    預期: Sum=ffe3 (        -29)
    得到: Sum=1fffe9 (        -23)
[1692810000] PATTERN: *** 比對錯誤 *** (Test #3674)
    預期: Sum=ff15 (       -235)
    得到: Sum=1ffeee (       -274)
[1692900000] PATTERN: *** 比對錯誤 *** (Test #3675)
    預期: Sum=ffea (        -22)
    得到: Sum=1fffd5 (        -43)
[1692990000] PATTERN: *** 比對錯誤 *** (Test #3676)
    預期: Sum=0010 (         16)
    得到: Sum=000009 (          9)
*Verdi* : Flush all FSDB Files at 1,693,000,000 ps.
[1693080000] PATTERN: *** 比對錯誤 *** (Test #3677)
    預期: Sum=ff28 (       -216)
    得到: Sum=1fff51 (       -175)
[1693170000] PATTERN: *** 比對錯誤 *** (Test #3678)
    預期: Sum=0000 (          0)
    得到: Sum=1fffde (        -34)
[1693260000] PATTERN: *** 比對錯誤 *** (Test #3679)
    預期: Sum=002e (         46)
    得到: Sum=000010 (         16)
[1693350000] PATTERN: *** 比對錯誤 *** (Test #3680)
    預期: Sum=000e (         14)
    得到: Sum=00000d (         13)
[1693440000] PATTERN: *** 比對錯誤 *** (Test #3681)
    預期: Sum=ff09 (       -247)
    得到: Sum=1fff08 (       -248)
[1693530000] PATTERN: *** 比對錯誤 *** (Test #3682)
    預期: Sum=fff8 (         -8)
    得到: Sum=1ffff6 (        -10)
[1693620000] PATTERN: *** 比對錯誤 *** (Test #3683)
    預期: Sum=00e3 (        227)
    得到: Sum=0000c4 (        196)
[1693710000] PATTERN: *** 比對錯誤 *** (Test #3684)
    預期: Sum=0089 (        137)
    得到: Sum=00005f (         95)
[1693800000] PATTERN: *** 比對錯誤 *** (Test #3685)
    預期: Sum=fff0 (        -16)
    得到: Sum=1fffff (         -1)
[1693890000] PATTERN: *** 比對錯誤 *** (Test #3686)
    預期: Sum=00d0 (        208)
    得到: Sum=000082 (        130)
*Verdi* : Flush all FSDB Files at 1,694,000,000 ps.
[1694070000] PATTERN: *** 比對錯誤 *** (Test #3688)
    預期: Sum=0037 (         55)
    得到: Sum=000045 (         69)
[1694160000] PATTERN: *** 比對錯誤 *** (Test #3689)
    預期: Sum=ffe1 (        -31)
    得到: Sum=1fffe0 (        -32)
[1694250000] PATTERN: *** 比對錯誤 *** (Test #3690)
    預期: Sum=ff82 (       -126)
    得到: Sum=1fffb2 (        -78)
[1694340000] PATTERN: *** 比對錯誤 *** (Test #3691)
    預期: Sum=ff63 (       -157)
    得到: Sum=1fff80 (       -128)
[1694430000] PATTERN: *** 比對錯誤 *** (Test #3692)
    預期: Sum=ffbd (        -67)
    得到: Sum=1fffd1 (        -47)
[1694520000] PATTERN: *** 比對錯誤 *** (Test #3693)
    預期: Sum=ff37 (       -201)
    得到: Sum=1fff6d (       -147)
[1694610000] PATTERN: *** 比對錯誤 *** (Test #3694)
    預期: Sum=ff22 (       -222)
    得到: Sum=1fff31 (       -207)
[1694700000] PATTERN: *** 比對錯誤 *** (Test #3695)
    預期: Sum=009c (        156)
    得到: Sum=0000bd (        189)
[1694790000] PATTERN: *** 比對錯誤 *** (Test #3696)
    預期: Sum=fff8 (         -8)
    得到: Sum=000015 (         21)
[1694880000] PATTERN: *** 比對錯誤 *** (Test #3697)
    預期: Sum=001e (         30)
    得到: Sum=1fffc7 (        -57)
[1694970000] PATTERN: *** 比對錯誤 *** (Test #3698)
    預期: Sum=ff9c (       -100)
    得到: Sum=1fff52 (       -174)
*Verdi* : Flush all FSDB Files at 1,695,000,000 ps.
[1695060000] PATTERN: *** 比對錯誤 *** (Test #3699)
    預期: Sum=ff34 (       -204)
    得到: Sum=1fff41 (       -191)
[1695150000] PATTERN: *** 比對錯誤 *** (Test #3700)
    預期: Sum=ff11 (       -239)
    得到: Sum=1fff2a (       -214)
[1695240000] PATTERN: *** 比對錯誤 *** (Test #3701)
    預期: Sum=fff8 (         -8)
    得到: Sum=1fffd9 (        -39)
[1695330000] PATTERN: *** 比對錯誤 *** (Test #3702)
    預期: Sum=ff02 (       -254)
    得到: Sum=1ffef7 (       -265)
[1695420000] PATTERN: *** 比對錯誤 *** (Test #3703)
    預期: Sum=0006 (          6)
    得到: Sum=1fffd2 (        -46)
[1695510000] PATTERN: *** 比對錯誤 *** (Test #3704)
    預期: Sum=008c (        140)
    得到: Sum=00009b (        155)
[1695600000] PATTERN: *** 比對錯誤 *** (Test #3705)
    預期: Sum=fff4 (        -12)
    得到: Sum=000000 (          0)
[1695690000] PATTERN: *** 比對錯誤 *** (Test #3706)
    預期: Sum=fffc (         -4)
    得到: Sum=00000e (         14)
[1695780000] PATTERN: *** 比對錯誤 *** (Test #3707)
    預期: Sum=001e (         30)
    得到: Sum=000040 (         64)
[1695870000] PATTERN: *** 比對錯誤 *** (Test #3708)
    預期: Sum=000d (         13)
    得到: Sum=1ffff6 (        -10)
[1695960000] PATTERN: *** 比對錯誤 *** (Test #3709)
    預期: Sum=ff36 (       -202)
    得到: Sum=1fff56 (       -170)
*Verdi* : Flush all FSDB Files at 1,696,000,000 ps.
[1696050000] PATTERN: *** 比對錯誤 *** (Test #3710)
    預期: Sum=000f (         15)
    得到: Sum=1fffd5 (        -43)
[1696140000] PATTERN: *** 比對錯誤 *** (Test #3711)
    預期: Sum=ff17 (       -233)
    得到: Sum=1fff19 (       -231)
[1696230000] PATTERN: *** 比對錯誤 *** (Test #3712)
    預期: Sum=ff97 (       -105)
    得到: Sum=1fffaa (        -86)
[1696320000] PATTERN: *** 比對錯誤 *** (Test #3713)
    預期: Sum=ff35 (       -203)
    得到: Sum=1fff45 (       -187)
[1696410000] PATTERN: *** 比對錯誤 *** (Test #3714)
    預期: Sum=fff3 (        -13)
    得到: Sum=000004 (          4)
[1696500000] PATTERN: *** 比對錯誤 *** (Test #3715)
    預期: Sum=0004 (          4)
    得到: Sum=000002 (          2)
[1696590000] PATTERN: *** 比對錯誤 *** (Test #3716)
    預期: Sum=fff2 (        -14)
    得到: Sum=1ffff9 (         -7)
[1696680000] PATTERN: *** 比對錯誤 *** (Test #3717)
    預期: Sum=0005 (          5)
    得到: Sum=000001 (          1)
[1696770000] PATTERN: *** 比對錯誤 *** (Test #3718)
    預期: Sum=ff30 (       -208)
    得到: Sum=1fff03 (       -253)
[1696860000] PATTERN: *** 比對錯誤 *** (Test #3719)
    預期: Sum=ffc1 (        -63)
    得到: Sum=000004 (          4)
[1696950000] PATTERN: *** 比對錯誤 *** (Test #3720)
    預期: Sum=fecf (       -305)
    得到: Sum=1ffedd (       -291)
*Verdi* : Flush all FSDB Files at 1,697,000,000 ps.
[1697040000] PATTERN: *** 比對錯誤 *** (Test #3721)
    預期: Sum=0009 (          9)
    得到: Sum=1fffff (         -1)
[1697130000] PATTERN: *** 比對錯誤 *** (Test #3722)
    預期: Sum=ffa8 (        -88)
    得到: Sum=1fffdf (        -33)
[1697220000] PATTERN: *** 比對錯誤 *** (Test #3723)
    預期: Sum=ffe5 (        -27)
    得到: Sum=1fff9c (       -100)
[1697310000] PATTERN: *** 比對錯誤 *** (Test #3724)
    預期: Sum=fff1 (        -15)
    得到: Sum=1ffff5 (        -11)
[1697400000] PATTERN: *** 比對錯誤 *** (Test #3725)
    預期: Sum=ffe2 (        -30)
    得到: Sum=1ffff9 (         -7)
[1697490000] PATTERN: *** 比對錯誤 *** (Test #3726)
    預期: Sum=001b (         27)
    得到: Sum=000008 (          8)
[1697580000] PATTERN: *** 比對錯誤 *** (Test #3727)
    預期: Sum=fff1 (        -15)
    得到: Sum=000003 (          3)
[1697670000] PATTERN: *** 比對錯誤 *** (Test #3728)
    預期: Sum=001f (         31)
    得到: Sum=00004c (         76)
[1697760000] PATTERN: *** 比對錯誤 *** (Test #3729)
    預期: Sum=fdeb (       -533)
    得到: Sum=1ffe22 (       -478)
[1697850000] PATTERN: *** 比對錯誤 *** (Test #3730)
    預期: Sum=fff6 (        -10)
    得到: Sum=000016 (         22)
[1697940000] PATTERN: *** 比對錯誤 *** (Test #3731)
    預期: Sum=ff9d (        -99)
    得到: Sum=1ffff0 (        -16)
*Verdi* : Flush all FSDB Files at 1,698,000,000 ps.
[1698030000] PATTERN: *** 比對錯誤 *** (Test #3732)
    預期: Sum=fff8 (         -8)
    得到: Sum=1ffffa (         -6)
[1698120000] PATTERN: *** 比對錯誤 *** (Test #3733)
    預期: Sum=0059 (         89)
    得到: Sum=00002b (         43)
[1698210000] PATTERN: *** 比對錯誤 *** (Test #3734)
    預期: Sum=ffdd (        -35)
    得到: Sum=1fffd3 (        -45)
[1698300000] PATTERN: *** 比對錯誤 *** (Test #3735)
    預期: Sum=0009 (          9)
    得到: Sum=00000c (         12)
[1698390000] PATTERN: *** 比對錯誤 *** (Test #3736)
    預期: Sum=ff90 (       -112)
    得到: Sum=1fffa3 (        -93)
[1698480000] PATTERN: *** 比對錯誤 *** (Test #3737)
    預期: Sum=ffdd (        -35)
    得到: Sum=1fffe4 (        -28)
[1698570000] PATTERN: *** 比對錯誤 *** (Test #3738)
    預期: Sum=ffe4 (        -28)
    得到: Sum=1fffc4 (        -60)
[1698660000] PATTERN: *** 比對錯誤 *** (Test #3739)
    預期: Sum=003d (         61)
    得到: Sum=000083 (        131)
[1698750000] PATTERN: *** 比對錯誤 *** (Test #3740)
    預期: Sum=fed9 (       -295)
    得到: Sum=1fff27 (       -217)
[1698840000] PATTERN: *** 比對錯誤 *** (Test #3741)
    預期: Sum=fffd (         -3)
    得到: Sum=1fffee (        -18)
[1698930000] PATTERN: *** 比對錯誤 *** (Test #3742)
    預期: Sum=0006 (          6)
    得到: Sum=000001 (          1)
*Verdi* : Flush all FSDB Files at 1,699,000,000 ps.
[1699020000] PATTERN: *** 比對錯誤 *** (Test #3743)
    預期: Sum=001a (         26)
    得到: Sum=000030 (         48)
[1699110000] PATTERN: *** 比對錯誤 *** (Test #3744)
    預期: Sum=ff70 (       -144)
    得到: Sum=1fff81 (       -127)
[1699200000] PATTERN: *** 比對錯誤 *** (Test #3745)
    預期: Sum=fee3 (       -285)
    得到: Sum=1ffeee (       -274)
[1699290000] PATTERN: *** 比對錯誤 *** (Test #3746)
    預期: Sum=0015 (         21)
    得到: Sum=00000c (         12)
[1699380000] PATTERN: *** 比對錯誤 *** (Test #3747)
    預期: Sum=fff4 (        -12)
    得到: Sum=1fffcf (        -49)
[1699470000] PATTERN: *** 比對錯誤 *** (Test #3748)
    預期: Sum=fedc (       -292)
    得到: Sum=1ffef2 (       -270)
[1699560000] PATTERN: *** 比對錯誤 *** (Test #3749)
    預期: Sum=ff1c (       -228)
    得到: Sum=1fff1f (       -225)
[1699650000] PATTERN: *** 比對錯誤 *** (Test #3750)
    預期: Sum=000b (         11)
    得到: Sum=1fffe0 (        -32)
[1699740000] PATTERN: *** 比對錯誤 *** (Test #3751)
    預期: Sum=0009 (          9)
    得到: Sum=000003 (          3)
[1699830000] PATTERN: *** 比對錯誤 *** (Test #3752)
    預期: Sum=ff1e (       -226)
    得到: Sum=1fff16 (       -234)
[1699920000] PATTERN: *** 比對錯誤 *** (Test #3753)
    預期: Sum=0001 (          1)
    得到: Sum=00001d (         29)
*Verdi* : Flush all FSDB Files at 1,700,000,000 ps.
[1700010000] PATTERN: *** 比對錯誤 *** (Test #3754)
    預期: Sum=fec8 (       -312)
    得到: Sum=1fff0c (       -244)
[1700100000] PATTERN: *** 比對錯誤 *** (Test #3755)
    預期: Sum=ffd4 (        -44)
    得到: Sum=1fffe9 (        -23)
[1700190000] PATTERN: *** 比對錯誤 *** (Test #3756)
    預期: Sum=000d (         13)
    得到: Sum=1fffeb (        -21)
[1700280000] PATTERN: *** 比對錯誤 *** (Test #3757)
    預期: Sum=ffbd (        -67)
    得到: Sum=1fffc3 (        -61)
[1700370000] PATTERN: *** 比對錯誤 *** (Test #3758)
    預期: Sum=fff2 (        -14)
    得到: Sum=000002 (          2)
[1700460000] PATTERN: *** 比對錯誤 *** (Test #3759)
    預期: Sum=ffd7 (        -41)
    得到: Sum=00000c (         12)
[1700550000] PATTERN: *** 比對錯誤 *** (Test #3760)
    預期: Sum=fec4 (       -316)
    得到: Sum=1ffec0 (       -320)
[1700640000] PATTERN: *** 比對錯誤 *** (Test #3761)
    預期: Sum=fedf (       -289)
    得到: Sum=1ffef6 (       -266)
[1700730000] PATTERN: *** 比對錯誤 *** (Test #3762)
    預期: Sum=ffe0 (        -32)
    得到: Sum=1ffff1 (        -15)
[1700820000] PATTERN: *** 比對錯誤 *** (Test #3763)
    預期: Sum=ff0b (       -245)
    得到: Sum=1fff20 (       -224)
[1700910000] PATTERN: *** 比對錯誤 *** (Test #3764)
    預期: Sum=000d (         13)
    得到: Sum=000013 (         19)
*Verdi* : Flush all FSDB Files at 1,701,000,000 ps.
[1701000000] PATTERN: *** 比對錯誤 *** (Test #3765)
    預期: Sum=ffe9 (        -23)
    得到: Sum=000000 (          0)
[1701090000] PATTERN: *** 比對錯誤 *** (Test #3766)
    預期: Sum=0001 (          1)
    得到: Sum=000008 (          8)
[1701180000] PATTERN: *** 比對錯誤 *** (Test #3767)
    預期: Sum=ffff (         -1)
    得到: Sum=00000b (         11)
[1701270000] PATTERN: *** 比對錯誤 *** (Test #3768)
    預期: Sum=ff2b (       -213)
    得到: Sum=1fff31 (       -207)
[1701360000] PATTERN: *** 比對錯誤 *** (Test #3769)
    預期: Sum=ff29 (       -215)
    得到: Sum=1fff31 (       -207)
[1701450000] PATTERN: *** 比對錯誤 *** (Test #3770)
    預期: Sum=0051 (         81)
    得到: Sum=00004f (         79)
[1701540000] PATTERN: *** 比對錯誤 *** (Test #3771)
    預期: Sum=0012 (         18)
    得到: Sum=00000f (         15)
[1701630000] PATTERN: *** 比對錯誤 *** (Test #3772)
    預期: Sum=ffaf (        -81)
    得到: Sum=1fff8c (       -116)
[1701720000] PATTERN: *** 比對錯誤 *** (Test #3773)
    預期: Sum=fef2 (       -270)
    得到: Sum=1ffed8 (       -296)
[1701810000] PATTERN: *** 比對錯誤 *** (Test #3774)
    預期: Sum=fff5 (        -11)
    得到: Sum=000007 (          7)
[1701900000] PATTERN: *** 比對錯誤 *** (Test #3775)
    預期: Sum=0070 (        112)
    得到: Sum=00005e (         94)
[1701990000] PATTERN: *** 比對錯誤 *** (Test #3776)
    預期: Sum=008b (        139)
    得到: Sum=00008d (        141)
*Verdi* : Flush all FSDB Files at 1,702,000,000 ps.
[1702080000] PATTERN: *** 比對錯誤 *** (Test #3777)
    預期: Sum=0002 (          2)
    得到: Sum=1fffdc (        -36)
[1702170000] PATTERN: *** 比對錯誤 *** (Test #3778)
    預期: Sum=ff30 (       -208)
    得到: Sum=1ffefa (       -262)
[1702260000] PATTERN: *** 比對錯誤 *** (Test #3779)
    預期: Sum=fff7 (         -9)
    得到: Sum=000001 (          1)
[1702350000] PATTERN: *** 比對錯誤 *** (Test #3780)
    預期: Sum=ffd6 (        -42)
    得到: Sum=1fffd8 (        -40)
[1702440000] PATTERN: *** 比對錯誤 *** (Test #3781)
    預期: Sum=0003 (          3)
    得到: Sum=1ffff4 (        -12)
[1702530000] PATTERN: *** 比對錯誤 *** (Test #3782)
    預期: Sum=fed5 (       -299)
    得到: Sum=1ffedf (       -289)
[1702620000] PATTERN: *** 比對錯誤 *** (Test #3783)
    預期: Sum=004a (         74)
    得到: Sum=00003f (         63)
[1702710000] PATTERN: *** 比對錯誤 *** (Test #3784)
    預期: Sum=0030 (         48)
    得到: Sum=000043 (         67)
[1702800000] PATTERN: *** 比對錯誤 *** (Test #3785)
    預期: Sum=ffb5 (        -75)
    得到: Sum=1fffda (        -38)
[1702890000] PATTERN: *** 比對錯誤 *** (Test #3786)
    預期: Sum=0016 (         22)
    得到: Sum=000022 (         34)
[1702980000] PATTERN: *** 比對錯誤 *** (Test #3787)
    預期: Sum=ffd3 (        -45)
    得到: Sum=1fffc3 (        -61)
*Verdi* : Flush all FSDB Files at 1,703,000,000 ps.
[1703070000] PATTERN: *** 比對錯誤 *** (Test #3788)
    預期: Sum=ff8a (       -118)
    得到: Sum=1fffbe (        -66)
[1703160000] PATTERN: *** 比對錯誤 *** (Test #3789)
    預期: Sum=000a (         10)
    得到: Sum=000001 (          1)
[1703250000] PATTERN: *** 比對錯誤 *** (Test #3790)
    預期: Sum=ffc7 (        -57)
    得到: Sum=1fffb7 (        -73)
[1703340000] PATTERN: *** 比對錯誤 *** (Test #3791)
    預期: Sum=0071 (        113)
    得到: Sum=00007f (        127)
[1703430000] PATTERN: *** 比對錯誤 *** (Test #3792)
    預期: Sum=0007 (          7)
    得到: Sum=000009 (          9)
[1703520000] PATTERN: *** 比對錯誤 *** (Test #3793)
    預期: Sum=006e (        110)
    得到: Sum=000066 (        102)
[1703610000] PATTERN: *** 比對錯誤 *** (Test #3794)
    預期: Sum=fff8 (         -8)
    得到: Sum=1ffff6 (        -10)
[1703700000] PATTERN: *** 比對錯誤 *** (Test #3795)
    預期: Sum=002d (         45)
    得到: Sum=000073 (        115)
[1703790000] PATTERN: *** 比對錯誤 *** (Test #3796)
    預期: Sum=ff96 (       -106)
    得到: Sum=1fff63 (       -157)
[1703880000] PATTERN: *** 比對錯誤 *** (Test #3797)
    預期: Sum=0002 (          2)
    得到: Sum=00000e (         14)
[1703970000] PATTERN: *** 比對錯誤 *** (Test #3798)
    預期: Sum=ff96 (       -106)
    得到: Sum=1fffa8 (        -88)
*Verdi* : Flush all FSDB Files at 1,704,000,000 ps.
[1704060000] PATTERN: *** 比對錯誤 *** (Test #3799)
    預期: Sum=0064 (        100)
    得到: Sum=000067 (        103)
[1704150000] PATTERN: *** 比對錯誤 *** (Test #3800)
    預期: Sum=ff1c (       -228)
    得到: Sum=1ffef6 (       -266)
[1704240000] PATTERN: *** 比對錯誤 *** (Test #3801)
    預期: Sum=ffdf (        -33)
    得到: Sum=1fffff (         -1)
[1704330000] PATTERN: *** 比對錯誤 *** (Test #3802)
    預期: Sum=fef1 (       -271)
    得到: Sum=1fff11 (       -239)
[1704420000] PATTERN: *** 比對錯誤 *** (Test #3803)
    預期: Sum=ff3f (       -193)
    得到: Sum=1fff1c (       -228)
[1704510000] PATTERN: *** 比對錯誤 *** (Test #3804)
    預期: Sum=ff14 (       -236)
    得到: Sum=1ffefd (       -259)
[1704600000] PATTERN: *** 比對錯誤 *** (Test #3805)
    預期: Sum=ffba (        -70)
    得到: Sum=1fffc7 (        -57)
[1704690000] PATTERN: *** 比對錯誤 *** (Test #3806)
    預期: Sum=ff89 (       -119)
    得到: Sum=1fff99 (       -103)
[1704780000] PATTERN: *** 比對錯誤 *** (Test #3807)
    預期: Sum=0006 (          6)
    得到: Sum=1ffff1 (        -15)
[1704870000] PATTERN: *** 比對錯誤 *** (Test #3808)
    預期: Sum=ffe7 (        -25)
    得到: Sum=1ffff0 (        -16)
[1704960000] PATTERN: *** 比對錯誤 *** (Test #3809)
    預期: Sum=003b (         59)
    得到: Sum=000017 (         23)
*Verdi* : Flush all FSDB Files at 1,705,000,000 ps.
[1705050000] PATTERN: *** 比對錯誤 *** (Test #3810)
    預期: Sum=ff05 (       -251)
    得到: Sum=1fff34 (       -204)
[1705140000] PATTERN: *** 比對錯誤 *** (Test #3811)
    預期: Sum=ffea (        -22)
    得到: Sum=1fffec (        -20)
[1705230000] PATTERN: *** 比對錯誤 *** (Test #3812)
    預期: Sum=fefd (       -259)
    得到: Sum=1fff15 (       -235)
[1705320000] PATTERN: *** 比對錯誤 *** (Test #3813)
    預期: Sum=fef8 (       -264)
    得到: Sum=1ffeeb (       -277)
[1705410000] PATTERN: *** 比對錯誤 *** (Test #3814)
    預期: Sum=00d4 (        212)
    得到: Sum=000108 (        264)
[1705500000] PATTERN: *** 比對錯誤 *** (Test #3815)
    預期: Sum=fed9 (       -295)
    得到: Sum=1ffef9 (       -263)
[1705590000] PATTERN: *** 比對錯誤 *** (Test #3816)
    預期: Sum=ffb8 (        -72)
    得到: Sum=1ffff0 (        -16)
[1705680000] PATTERN: *** 比對錯誤 *** (Test #3817)
    預期: Sum=fff7 (         -9)
    得到: Sum=1ffff3 (        -13)
[1705770000] PATTERN: *** 比對錯誤 *** (Test #3818)
    預期: Sum=feef (       -273)
    得到: Sum=1ffeb0 (       -336)
[1705860000] PATTERN: *** 比對錯誤 *** (Test #3819)
    預期: Sum=ffef (        -17)
    得到: Sum=1ffff3 (        -13)
[1705950000] PATTERN: *** 比對錯誤 *** (Test #3820)
    預期: Sum=fffa (         -6)
    得到: Sum=1ffff3 (        -13)
*Verdi* : Flush all FSDB Files at 1,706,000,000 ps.
[1706040000] PATTERN: *** 比對錯誤 *** (Test #3821)
    預期: Sum=0019 (         25)
    得到: Sum=000017 (         23)
[1706130000] PATTERN: *** 比對錯誤 *** (Test #3822)
    預期: Sum=ff26 (       -218)
    得到: Sum=1fff93 (       -109)
[1706220000] PATTERN: *** 比對錯誤 *** (Test #3823)
    預期: Sum=feb6 (       -330)
    得到: Sum=1fff1f (       -225)
[1706310000] PATTERN: *** 比對錯誤 *** (Test #3824)
    預期: Sum=fedb (       -293)
    得到: Sum=1ffedf (       -289)
[1706400000] PATTERN: *** 比對錯誤 *** (Test #3825)
    預期: Sum=ffd1 (        -47)
    得到: Sum=1fffdd (        -35)
[1706490000] PATTERN: *** 比對錯誤 *** (Test #3826)
    預期: Sum=ffd7 (        -41)
    得到: Sum=1fffbd (        -67)
[1706580000] PATTERN: *** 比對錯誤 *** (Test #3827)
    預期: Sum=ff36 (       -202)
    得到: Sum=1fff30 (       -208)
[1706670000] PATTERN: *** 比對錯誤 *** (Test #3828)
    預期: Sum=ffd3 (        -45)
    得到: Sum=1fffdb (        -37)
[1706760000] PATTERN: *** 比對錯誤 *** (Test #3829)
    預期: Sum=003c (         60)
    得到: Sum=00002a (         42)
[1706850000] PATTERN: *** 比對錯誤 *** (Test #3830)
    預期: Sum=ff19 (       -231)
    得到: Sum=1ffef8 (       -264)
[1706940000] PATTERN: *** 比對錯誤 *** (Test #3831)
    預期: Sum=fff4 (        -12)
    得到: Sum=1ffff1 (        -15)
*Verdi* : Flush all FSDB Files at 1,707,000,000 ps.
[1707030000] PATTERN: *** 比對錯誤 *** (Test #3832)
    預期: Sum=ffe7 (        -25)
    得到: Sum=000006 (          6)
[1707120000] PATTERN: *** 比對錯誤 *** (Test #3833)
    預期: Sum=0032 (         50)
    得到: Sum=000014 (         20)
[1707210000] PATTERN: *** 比對錯誤 *** (Test #3834)
    預期: Sum=ffea (        -22)
    得到: Sum=1fffe1 (        -31)
[1707300000] PATTERN: *** 比對錯誤 *** (Test #3835)
    預期: Sum=ffed (        -19)
    得到: Sum=1fffde (        -34)
[1707390000] PATTERN: *** 比對錯誤 *** (Test #3836)
    預期: Sum=ffdc (        -36)
    得到: Sum=1fffb8 (        -72)
[1707480000] PATTERN: *** 比對錯誤 *** (Test #3837)
    預期: Sum=009f (        159)
    得到: Sum=0000b4 (        180)
[1707570000] PATTERN: *** 比對錯誤 *** (Test #3838)
    預期: Sum=ff01 (       -255)
    得到: Sum=1ffefa (       -262)
[1707660000] PATTERN: *** 比對錯誤 *** (Test #3839)
    預期: Sum=0010 (         16)
    得到: Sum=1fffec (        -20)
[1707750000] PATTERN: *** 比對錯誤 *** (Test #3840)
    預期: Sum=ff5c (       -164)
    得到: Sum=1fff2c (       -212)
[1707840000] PATTERN: *** 比對錯誤 *** (Test #3841)
    預期: Sum=ffe3 (        -29)
    得到: Sum=000006 (          6)
[1707930000] PATTERN: *** 比對錯誤 *** (Test #3842)
    預期: Sum=ffc7 (        -57)
    得到: Sum=1fffcc (        -52)
*Verdi* : Flush all FSDB Files at 1,708,000,000 ps.
[1708020000] PATTERN: *** 比對錯誤 *** (Test #3843)
    預期: Sum=fffa (         -6)
    得到: Sum=1fffe7 (        -25)
[1708110000] PATTERN: *** 比對錯誤 *** (Test #3844)
    預期: Sum=000a (         10)
    得到: Sum=1ffffb (         -5)
[1708200000] PATTERN: *** 比對錯誤 *** (Test #3845)
    預期: Sum=000b (         11)
    得到: Sum=000019 (         25)
[1708290000] PATTERN: *** 比對錯誤 *** (Test #3846)
    預期: Sum=ff93 (       -109)
    得到: Sum=1fffae (        -82)
[1708380000] PATTERN: *** 比對錯誤 *** (Test #3847)
    預期: Sum=ff0d (       -243)
    得到: Sum=1ffefa (       -262)
[1708470000] PATTERN: *** 比對錯誤 *** (Test #3848)
    預期: Sum=00a5 (        165)
    得到: Sum=00007e (        126)
[1708560000] PATTERN: *** 比對錯誤 *** (Test #3849)
    預期: Sum=ffa8 (        -88)
    得到: Sum=00003f (         63)
[1708650000] PATTERN: *** 比對錯誤 *** (Test #3850)
    預期: Sum=ff87 (       -121)
    得到: Sum=1fffb3 (        -77)
[1708740000] PATTERN: *** 比對錯誤 *** (Test #3851)
    預期: Sum=0002 (          2)
    得到: Sum=000004 (          4)
[1708830000] PATTERN: *** 比對錯誤 *** (Test #3852)
    預期: Sum=007a (        122)
    得到: Sum=000064 (        100)
[1708920000] PATTERN: *** 比對錯誤 *** (Test #3853)
    預期: Sum=ff9d (        -99)
    得到: Sum=1fff9e (        -98)
*Verdi* : Flush all FSDB Files at 1,709,000,000 ps.
[1709010000] PATTERN: *** 比對錯誤 *** (Test #3854)
    預期: Sum=ff39 (       -199)
    得到: Sum=1ffef1 (       -271)
[1709100000] PATTERN: *** 比對錯誤 *** (Test #3855)
    預期: Sum=0008 (          8)
    得到: Sum=1ffffe (         -2)
[1709190000] PATTERN: *** 比對錯誤 *** (Test #3856)
    預期: Sum=ffc8 (        -56)
    得到: Sum=1fffe9 (        -23)
[1709280000] PATTERN: *** 比對錯誤 *** (Test #3857)
    預期: Sum=0017 (         23)
    得到: Sum=000009 (          9)
[1709370000] PATTERN: *** 比對錯誤 *** (Test #3858)
    預期: Sum=ffff (         -1)
    得到: Sum=1fffe1 (        -31)
[1709460000] PATTERN: *** 比對錯誤 *** (Test #3859)
    預期: Sum=ffd6 (        -42)
    得到: Sum=000006 (          6)
[1709550000] PATTERN: *** 比對錯誤 *** (Test #3860)
    預期: Sum=fffb (         -5)
    得到: Sum=1ffff1 (        -15)
[1709640000] PATTERN: *** 比對錯誤 *** (Test #3861)
    預期: Sum=ffe7 (        -25)
    得到: Sum=1fffec (        -20)
[1709730000] PATTERN: *** 比對錯誤 *** (Test #3862)
    預期: Sum=ffad (        -83)
    得到: Sum=1fffa5 (        -91)
[1709820000] PATTERN: *** 比對錯誤 *** (Test #3863)
    預期: Sum=ff2b (       -213)
    得到: Sum=1fff15 (       -235)
[1709910000] PATTERN: *** 比對錯誤 *** (Test #3864)
    預期: Sum=0000 (          0)
    得到: Sum=00004a (         74)
*Verdi* : Flush all FSDB Files at 1,710,000,000 ps.
[1710000000] PATTERN: *** 比對錯誤 *** (Test #3865)
    預期: Sum=fffc (         -4)
    得到: Sum=00000c (         12)
[1710090000] PATTERN: *** 比對錯誤 *** (Test #3866)
    預期: Sum=000b (         11)
    得到: Sum=1ffffe (         -2)
[1710180000] PATTERN: *** 比對錯誤 *** (Test #3867)
    預期: Sum=ffbe (        -66)
    得到: Sum=1fffc4 (        -60)
[1710270000] PATTERN: *** 比對錯誤 *** (Test #3868)
    預期: Sum=fe82 (       -382)
    得到: Sum=1ffea8 (       -344)
[1710360000] PATTERN: *** 比對錯誤 *** (Test #3869)
    預期: Sum=fffc (         -4)
    得到: Sum=000000 (          0)
[1710450000] PATTERN: *** 比對錯誤 *** (Test #3870)
    預期: Sum=fff9 (         -7)
    得到: Sum=1ffff8 (         -8)
[1710540000] PATTERN: *** 比對錯誤 *** (Test #3871)
    預期: Sum=0050 (         80)
    得到: Sum=00001b (         27)
[1710630000] PATTERN: *** 比對錯誤 *** (Test #3872)
    預期: Sum=0032 (         50)
    得到: Sum=00003b (         59)
[1710720000] PATTERN: *** 比對錯誤 *** (Test #3873)
    預期: Sum=fff5 (        -11)
    得到: Sum=000004 (          4)
[1710810000] PATTERN: *** 比對錯誤 *** (Test #3874)
    預期: Sum=003e (         62)
    得到: Sum=000034 (         52)
[1710900000] PATTERN: *** 比對錯誤 *** (Test #3875)
    預期: Sum=ff05 (       -251)
    得到: Sum=1ffeef (       -273)
[1710990000] PATTERN: *** 比對錯誤 *** (Test #3876)
    預期: Sum=0001 (          1)
    得到: Sum=000010 (         16)
*Verdi* : Flush all FSDB Files at 1,711,000,000 ps.
[1711080000] PATTERN: *** 比對錯誤 *** (Test #3877)
    預期: Sum=ffbc (        -68)
    得到: Sum=1fffca (        -54)
[1711170000] PATTERN: *** 比對錯誤 *** (Test #3878)
    預期: Sum=0017 (         23)
    得到: Sum=00001b (         27)
[1711260000] PATTERN: *** 比對錯誤 *** (Test #3879)
    預期: Sum=0009 (          9)
    得到: Sum=00000b (         11)
[1711350000] PATTERN: *** 比對錯誤 *** (Test #3880)
    預期: Sum=ffd6 (        -42)
    得到: Sum=1fffc9 (        -55)
[1711440000] PATTERN: *** 比對錯誤 *** (Test #3881)
    預期: Sum=ffc0 (        -64)
    得到: Sum=1fffca (        -54)
[1711530000] PATTERN: *** 比對錯誤 *** (Test #3882)
    預期: Sum=fef8 (       -264)
    得到: Sum=1fff11 (       -239)
[1711620000] PATTERN: *** 比對錯誤 *** (Test #3883)
    預期: Sum=ffc4 (        -60)
    得到: Sum=1fffcf (        -49)
[1711710000] PATTERN: *** 比對錯誤 *** (Test #3884)
    預期: Sum=ffcd (        -51)
    得到: Sum=1fffce (        -50)
[1711800000] PATTERN: *** 比對錯誤 *** (Test #3885)
    預期: Sum=fed7 (       -297)
    得到: Sum=1ffefc (       -260)
[1711890000] PATTERN: *** 比對錯誤 *** (Test #3886)
    預期: Sum=ffc1 (        -63)
    得到: Sum=1fffe9 (        -23)
[1711980000] PATTERN: *** 比對錯誤 *** (Test #3887)
    預期: Sum=ff62 (       -158)
    得到: Sum=1fff85 (       -123)
*Verdi* : Flush all FSDB Files at 1,712,000,000 ps.
[1712070000] PATTERN: *** 比對錯誤 *** (Test #3888)
    預期: Sum=0002 (          2)
    得到: Sum=1ffffb (         -5)
[1712160000] PATTERN: *** 比對錯誤 *** (Test #3889)
    預期: Sum=fff3 (        -13)
    得到: Sum=00000f (         15)
[1712250000] PATTERN: *** 比對錯誤 *** (Test #3890)
    預期: Sum=fffe (         -2)
    得到: Sum=1ffffd (         -3)
[1712340000] PATTERN: *** 比對錯誤 *** (Test #3891)
    預期: Sum=ffd3 (        -45)
    得到: Sum=1fffb1 (        -79)
[1712430000] PATTERN: *** 比對錯誤 *** (Test #3892)
    預期: Sum=0081 (        129)
    得到: Sum=000066 (        102)
[1712520000] PATTERN: *** 比對錯誤 *** (Test #3893)
    預期: Sum=ff18 (       -232)
    得到: Sum=1ffef8 (       -264)
[1712610000] PATTERN: *** 比對錯誤 *** (Test #3894)
    預期: Sum=0040 (         64)
    得到: Sum=000014 (         20)
[1712700000] PATTERN: *** 比對錯誤 *** (Test #3895)
    預期: Sum=000f (         15)
    得到: Sum=000012 (         18)
[1712790000] PATTERN: *** 比對錯誤 *** (Test #3896)
    預期: Sum=0010 (         16)
    得到: Sum=000001 (          1)
[1712880000] PATTERN: *** 比對錯誤 *** (Test #3897)
    預期: Sum=fff6 (        -10)
    得到: Sum=000008 (          8)
[1712970000] PATTERN: *** 比對錯誤 *** (Test #3898)
    預期: Sum=0001 (          1)
    得到: Sum=1ffffb (         -5)
*Verdi* : Flush all FSDB Files at 1,713,000,000 ps.
[1713060000] PATTERN: *** 比對錯誤 *** (Test #3899)
    預期: Sum=0009 (          9)
    得到: Sum=1fff94 (       -108)
[1713150000] PATTERN: *** 比對錯誤 *** (Test #3900)
    預期: Sum=0052 (         82)
    得到: Sum=000049 (         73)
[1713240000] PATTERN: *** 比對錯誤 *** (Test #3901)
    預期: Sum=fee9 (       -279)
    得到: Sum=1ffec4 (       -316)
[1713330000] PATTERN: *** 比對錯誤 *** (Test #3902)
    預期: Sum=ffe7 (        -25)
    得到: Sum=1fffb8 (        -72)
[1713420000] PATTERN: *** 比對錯誤 *** (Test #3903)
    預期: Sum=ffe1 (        -31)
    得到: Sum=1fffe4 (        -28)
[1713510000] PATTERN: *** 比對錯誤 *** (Test #3904)
    預期: Sum=0064 (        100)
    得到: Sum=000009 (          9)
[1713600000] PATTERN: *** 比對錯誤 *** (Test #3905)
    預期: Sum=000e (         14)
    得到: Sum=000004 (          4)
[1713690000] PATTERN: *** 比對錯誤 *** (Test #3906)
    預期: Sum=ffcf (        -49)
    得到: Sum=1fffc2 (        -62)
[1713780000] PATTERN: *** 比對錯誤 *** (Test #3907)
    預期: Sum=ffca (        -54)
    得到: Sum=1fffcb (        -53)
[1713870000] PATTERN: *** 比對錯誤 *** (Test #3908)
    預期: Sum=000f (         15)
    得到: Sum=1fffe3 (        -29)
[1713960000] PATTERN: *** 比對錯誤 *** (Test #3909)
    預期: Sum=ffea (        -22)
    得到: Sum=1ffff7 (         -9)
*Verdi* : Flush all FSDB Files at 1,714,000,000 ps.
[1714050000] PATTERN: *** 比對錯誤 *** (Test #3910)
    預期: Sum=0002 (          2)
    得到: Sum=1fffe5 (        -27)
[1714140000] PATTERN: *** 比對錯誤 *** (Test #3911)
    預期: Sum=ffe1 (        -31)
    得到: Sum=1fffef (        -17)
[1714230000] PATTERN: *** 比對錯誤 *** (Test #3912)
    預期: Sum=ff3f (       -193)
    得到: Sum=1fff72 (       -142)
[1714320000] PATTERN: *** 比對錯誤 *** (Test #3913)
    預期: Sum=0015 (         21)
    得到: Sum=00002e (         46)
[1714410000] PATTERN: *** 比對錯誤 *** (Test #3914)
    預期: Sum=0006 (          6)
    得到: Sum=000004 (          4)
[1714500000] PATTERN: *** 比對錯誤 *** (Test #3915)
    預期: Sum=fec1 (       -319)
    得到: Sum=1ffef3 (       -269)
[1714590000] PATTERN: *** 比對錯誤 *** (Test #3916)
    預期: Sum=0008 (          8)
    得到: Sum=000062 (         98)
[1714680000] PATTERN: *** 比對錯誤 *** (Test #3917)
    預期: Sum=004d (         77)
    得到: Sum=000004 (          4)
[1714770000] PATTERN: *** 比對錯誤 *** (Test #3918)
    預期: Sum=0057 (         87)
    得到: Sum=00000d (         13)
[1714860000] PATTERN: *** 比對錯誤 *** (Test #3919)
    預期: Sum=ff89 (       -119)
    得到: Sum=1fffcb (        -53)
[1714950000] PATTERN: *** 比對錯誤 *** (Test #3920)
    預期: Sum=ffd3 (        -45)
    得到: Sum=1fffec (        -20)
*Verdi* : Flush all FSDB Files at 1,715,000,000 ps.
[1715040000] PATTERN: *** 比對錯誤 *** (Test #3921)
    預期: Sum=ffd8 (        -40)
    得到: Sum=1fffc9 (        -55)
[1715130000] PATTERN: *** 比對錯誤 *** (Test #3922)
    預期: Sum=ffa4 (        -92)
    得到: Sum=1fffa5 (        -91)
[1715220000] PATTERN: *** 比對錯誤 *** (Test #3923)
    預期: Sum=fff4 (        -12)
    得到: Sum=1fffe6 (        -26)
[1715310000] PATTERN: *** 比對錯誤 *** (Test #3924)
    預期: Sum=ffef (        -17)
    得到: Sum=1ffffe (         -2)
[1715400000] PATTERN: *** 比對錯誤 *** (Test #3925)
    預期: Sum=004e (         78)
    得到: Sum=00001c (         28)
[1715490000] PATTERN: *** 比對錯誤 *** (Test #3926)
    預期: Sum=0026 (         38)
    得到: Sum=000045 (         69)
[1715580000] PATTERN: *** 比對錯誤 *** (Test #3927)
    預期: Sum=ffc6 (        -58)
    得到: Sum=1fffe9 (        -23)
[1715670000] PATTERN: *** 比對錯誤 *** (Test #3928)
    預期: Sum=007e (        126)
    得到: Sum=000077 (        119)
[1715760000] PATTERN: *** 比對錯誤 *** (Test #3929)
    預期: Sum=fff1 (        -15)
    得到: Sum=1fffe8 (        -24)
[1715850000] PATTERN: *** 比對錯誤 *** (Test #3930)
    預期: Sum=ff09 (       -247)
    得到: Sum=1ffeeb (       -277)
[1715940000] PATTERN: *** 比對錯誤 *** (Test #3931)
    預期: Sum=ffcf (        -49)
    得到: Sum=1fffd6 (        -42)
*Verdi* : Flush all FSDB Files at 1,716,000,000 ps.
[1716030000] PATTERN: *** 比對錯誤 *** (Test #3932)
    預期: Sum=ffe2 (        -30)
    得到: Sum=000007 (          7)
[1716120000] PATTERN: *** 比對錯誤 *** (Test #3933)
    預期: Sum=ff22 (       -222)
    得到: Sum=1fff51 (       -175)
[1716210000] PATTERN: *** 比對錯誤 *** (Test #3934)
    預期: Sum=000a (         10)
    得到: Sum=1fffe1 (        -31)
[1716300000] PATTERN: *** 比對錯誤 *** (Test #3935)
    預期: Sum=0012 (         18)
    得到: Sum=00000f (         15)
[1716390000] PATTERN: *** 比對錯誤 *** (Test #3936)
    預期: Sum=fff8 (         -8)
    得到: Sum=00000d (         13)
[1716480000] PATTERN: *** 比對錯誤 *** (Test #3937)
    預期: Sum=ff10 (       -240)
    得到: Sum=1fff09 (       -247)
[1716570000] PATTERN: *** 比對錯誤 *** (Test #3938)
    預期: Sum=fff8 (         -8)
    得到: Sum=1ffff6 (        -10)
[1716660000] PATTERN: *** 比對錯誤 *** (Test #3939)
    預期: Sum=00eb (        235)
    得到: Sum=0000c9 (        201)
[1716750000] PATTERN: *** 比對錯誤 *** (Test #3940)
    預期: Sum=0078 (        120)
    得到: Sum=00005f (         95)
[1716840000] PATTERN: *** 比對錯誤 *** (Test #3941)
    預期: Sum=fff9 (         -7)
    得到: Sum=000002 (          2)
[1716930000] PATTERN: *** 比對錯誤 *** (Test #3942)
    預期: Sum=00cd (        205)
    得到: Sum=000081 (        129)
*Verdi* : Flush all FSDB Files at 1,717,000,000 ps.
[1717020000] PATTERN: *** 比對錯誤 *** (Test #3943)
    預期: Sum=000e (         14)
    得到: Sum=1fffd7 (        -41)
[1717110000] PATTERN: *** 比對錯誤 *** (Test #3944)
    預期: Sum=0035 (         53)
    得到: Sum=000048 (         72)
[1717200000] PATTERN: *** 比對錯誤 *** (Test #3945)
    預期: Sum=ffce (        -50)
    得到: Sum=1fffd0 (        -48)
[1717290000] PATTERN: *** 比對錯誤 *** (Test #3946)
    預期: Sum=ff9f (        -97)
    得到: Sum=1fffb1 (        -79)
[1717380000] PATTERN: *** 比對錯誤 *** (Test #3947)
    預期: Sum=ff65 (       -155)
    得到: Sum=1fff81 (       -127)
[1717470000] PATTERN: *** 比對錯誤 *** (Test #3948)
    預期: Sum=fff9 (         -7)
    得到: Sum=1fffd1 (        -47)
[1717560000] PATTERN: *** 比對錯誤 *** (Test #3949)
    預期: Sum=ff3c (       -196)
    得到: Sum=1fff6d (       -147)
[1717650000] PATTERN: *** 比對錯誤 *** (Test #3950)
    預期: Sum=ff07 (       -249)
    得到: Sum=1fff30 (       -208)
[1717740000] PATTERN: *** 比對錯誤 *** (Test #3951)
    預期: Sum=0089 (        137)
    得到: Sum=0000c6 (        198)
[1717830000] PATTERN: *** 比對錯誤 *** (Test #3952)
    預期: Sum=ffe5 (        -27)
    得到: Sum=000015 (         21)
[1717920000] PATTERN: *** 比對錯誤 *** (Test #3953)
    預期: Sum=ffeb (        -21)
    得到: Sum=1fffbe (        -66)
*Verdi* : Flush all FSDB Files at 1,718,000,000 ps.
[1718010000] PATTERN: *** 比對錯誤 *** (Test #3954)
    預期: Sum=ff72 (       -142)
    得到: Sum=1fff52 (       -174)
[1718100000] PATTERN: *** 比對錯誤 *** (Test #3955)
    預期: Sum=ff31 (       -207)
    得到: Sum=1fff41 (       -191)
[1718190000] PATTERN: *** 比對錯誤 *** (Test #3956)
    預期: Sum=fee1 (       -287)
    得到: Sum=1fff29 (       -215)
[1718280000] PATTERN: *** 比對錯誤 *** (Test #3957)
    預期: Sum=ffd9 (        -39)
    得到: Sum=1fffd8 (        -40)
[1718370000] PATTERN: *** 比對錯誤 *** (Test #3958)
    預期: Sum=ff12 (       -238)
    得到: Sum=1ffef4 (       -268)
[1718460000] PATTERN: *** 比對錯誤 *** (Test #3959)
    預期: Sum=ffde (        -34)
    得到: Sum=1fffd6 (        -42)
[1718550000] PATTERN: *** 比對錯誤 *** (Test #3960)
    預期: Sum=0086 (        134)
    得到: Sum=00009b (        155)
[1718640000] PATTERN: *** 比對錯誤 *** (Test #3961)
    預期: Sum=fff1 (        -15)
    得到: Sum=1ffffb (         -5)
[1718730000] PATTERN: *** 比對錯誤 *** (Test #3962)
    預期: Sum=0000 (          0)
    得到: Sum=00000e (         14)
[1718820000] PATTERN: *** 比對錯誤 *** (Test #3963)
    預期: Sum=0043 (         67)
    得到: Sum=000040 (         64)
[1718910000] PATTERN: *** 比對錯誤 *** (Test #3964)
    預期: Sum=fff1 (        -15)
    得到: Sum=1fffee (        -18)
*Verdi* : Flush all FSDB Files at 1,719,000,000 ps.
[1719000000] PATTERN: *** 比對錯誤 *** (Test #3965)
    預期: Sum=ff53 (       -173)
    得到: Sum=1fff57 (       -169)
[1719090000] PATTERN: *** 比對錯誤 *** (Test #3966)
    預期: Sum=fff9 (         -7)
    得到: Sum=1fffd6 (        -42)
[1719180000] PATTERN: *** 比對錯誤 *** (Test #3967)
    預期: Sum=feeb (       -277)
    得到: Sum=1fff19 (       -231)
[1719270000] PATTERN: *** 比對錯誤 *** (Test #3968)
    預期: Sum=ff82 (       -126)
    得到: Sum=1fffa1 (        -95)
[1719360000] PATTERN: *** 比對錯誤 *** (Test #3969)
    預期: Sum=ff44 (       -188)
    得到: Sum=1fff45 (       -187)
[1719450000] PATTERN: *** 比對錯誤 *** (Test #3970)
    預期: Sum=fffa (         -6)
    得到: Sum=000005 (          5)
[1719540000] PATTERN: *** 比對錯誤 *** (Test #3971)
    預期: Sum=000e (         14)
    得到: Sum=000002 (          2)
[1719630000] PATTERN: *** 比對錯誤 *** (Test #3972)
    預期: Sum=ffee (        -18)
    得到: Sum=1ffff5 (        -11)
[1719720000] PATTERN: *** 比對錯誤 *** (Test #3973)
    預期: Sum=0009 (          9)
    得到: Sum=000001 (          1)
[1719810000] PATTERN: *** 比對錯誤 *** (Test #3974)
    預期: Sum=ff12 (       -238)
    得到: Sum=1fff03 (       -253)
[1719900000] PATTERN: *** 比對錯誤 *** (Test #3975)
    預期: Sum=0013 (         19)
    得到: Sum=000001 (          1)
[1719990000] PATTERN: *** 比對錯誤 *** (Test #3976)
    預期: Sum=fee6 (       -282)
    得到: Sum=1ffee0 (       -288)
*Verdi* : Flush all FSDB Files at 1,720,000,000 ps.
[1720080000] PATTERN: *** 比對錯誤 *** (Test #3977)
    預期: Sum=0040 (         64)
    得到: Sum=000037 (         55)
[1720170000] PATTERN: *** 比對錯誤 *** (Test #3978)
    預期: Sum=ffe2 (        -30)
    得到: Sum=1fffde (        -34)
[1720260000] PATTERN: *** 比對錯誤 *** (Test #3979)
    預期: Sum=ffd5 (        -43)
    得到: Sum=1fff9c (       -100)
[1720350000] PATTERN: *** 比對錯誤 *** (Test #3980)
    預期: Sum=fff3 (        -13)
    得到: Sum=1ffff5 (        -11)
[1720440000] PATTERN: *** 比對錯誤 *** (Test #3981)
    預期: Sum=ffc3 (        -61)
    得到: Sum=1ffff9 (         -7)
[1720530000] PATTERN: *** 比對錯誤 *** (Test #3982)
    預期: Sum=001d (         29)
    得到: Sum=000008 (          8)
[1720620000] PATTERN: *** 比對錯誤 *** (Test #3983)
    預期: Sum=fffb (         -5)
    得到: Sum=000002 (          2)
[1720710000] PATTERN: *** 比對錯誤 *** (Test #3984)
    預期: Sum=0024 (         36)
    得到: Sum=00004c (         76)
[1720800000] PATTERN: *** 比對錯誤 *** (Test #3985)
    預期: Sum=fddb (       -549)
    得到: Sum=1ffe21 (       -479)
[1720890000] PATTERN: *** 比對錯誤 *** (Test #3986)
    預期: Sum=ffb9 (        -71)
    得到: Sum=000017 (         23)
[1720980000] PATTERN: *** 比對錯誤 *** (Test #3987)
    預期: Sum=ffcd (        -51)
    得到: Sum=1fffed (        -19)
*Verdi* : Flush all FSDB Files at 1,721,000,000 ps.
[1721070000] PATTERN: *** 比對錯誤 *** (Test #3988)
    預期: Sum=000c (         12)
    得到: Sum=1ffffa (         -6)
[1721160000] PATTERN: *** 比對錯誤 *** (Test #3989)
    預期: Sum=004b (         75)
    得到: Sum=00002e (         46)
[1721250000] PATTERN: *** 比對錯誤 *** (Test #3990)
    預期: Sum=ffa7 (        -89)
    得到: Sum=1fffd6 (        -42)
[1721340000] PATTERN: *** 比對錯誤 *** (Test #3991)
    預期: Sum=0008 (          8)
    得到: Sum=00000c (         12)
[1721430000] PATTERN: *** 比對錯誤 *** (Test #3992)
    預期: Sum=ff98 (       -104)
    得到: Sum=1fffa4 (        -92)
[1721520000] PATTERN: *** 比對錯誤 *** (Test #3993)
    預期: Sum=ffca (        -54)
    得到: Sum=1fffe3 (        -29)
[1721610000] PATTERN: *** 比對錯誤 *** (Test #3994)
    預期: Sum=fff2 (        -14)
    得到: Sum=1fffc4 (        -60)
[1721700000] PATTERN: *** 比對錯誤 *** (Test #3995)
    預期: Sum=006e (        110)
    得到: Sum=000083 (        131)
[1721790000] PATTERN: *** 比對錯誤 *** (Test #3996)
    預期: Sum=fefa (       -262)
    得到: Sum=1fff26 (       -218)
[1721880000] PATTERN: *** 比對錯誤 *** (Test #3997)
    預期: Sum=fff3 (        -13)
    得到: Sum=1fffef (        -17)
[1721970000] PATTERN: *** 比對錯誤 *** (Test #3998)
    預期: Sum=fff4 (        -12)
    得到: Sum=000002 (          2)
*Verdi* : Flush all FSDB Files at 1,722,000,000 ps.
[1722060000] PATTERN: *** 比對錯誤 *** (Test #3999)
    預期: Sum=0015 (         21)
    得到: Sum=000032 (         50)
[1722150000] PATTERN: *** 比對錯誤 *** (Test #4000)
    預期: Sum=ff6c (       -148)
    得到: Sum=1fff80 (       -128)
[1722240000] PATTERN: *** 比對錯誤 *** (Test #4001)
    預期: Sum=feeb (       -277)
    得到: Sum=1ffeed (       -275)
[1722330000] PATTERN: *** 比對錯誤 *** (Test #4002)
    預期: Sum=0005 (          5)
    得到: Sum=00000d (         13)
[1722420000] PATTERN: *** 比對錯誤 *** (Test #4003)
    預期: Sum=ffdb (        -37)
    得到: Sum=1fffcf (        -49)
[1722510000] PATTERN: *** 比對錯誤 *** (Test #4004)
    預期: Sum=fef8 (       -264)
    得到: Sum=1ffef4 (       -268)
[1722600000] PATTERN: *** 比對錯誤 *** (Test #4005)
    預期: Sum=ff28 (       -216)
    得到: Sum=1fff1f (       -225)
[1722690000] PATTERN: *** 比對錯誤 *** (Test #4006)
    預期: Sum=ff95 (       -107)
    得到: Sum=1fffe1 (        -31)
[1722780000] PATTERN: *** 比對錯誤 *** (Test #4007)
    預期: Sum=fffb (         -5)
    得到: Sum=000002 (          2)
[1722870000] PATTERN: *** 比對錯誤 *** (Test #4008)
    預期: Sum=ff08 (       -248)
    得到: Sum=1fff16 (       -234)
[1722960000] PATTERN: *** 比對錯誤 *** (Test #4009)
    預期: Sum=000a (         10)
    得到: Sum=00001a (         26)
*Verdi* : Flush all FSDB Files at 1,723,000,000 ps.
[1723050000] PATTERN: *** 比對錯誤 *** (Test #4010)
    預期: Sum=fefa (       -262)
    得到: Sum=1fff0c (       -244)
[1723140000] PATTERN: *** 比對錯誤 *** (Test #4011)
    預期: Sum=ffeb (        -21)
    得到: Sum=1fffea (        -22)
[1723230000] PATTERN: *** 比對錯誤 *** (Test #4012)
    預期: Sum=ffe4 (        -28)
    得到: Sum=1fffeb (        -21)
[1723320000] PATTERN: *** 比對錯誤 *** (Test #4013)
    預期: Sum=ffc5 (        -59)
    得到: Sum=1fffc2 (        -62)
[1723410000] PATTERN: *** 比對錯誤 *** (Test #4014)
    預期: Sum=0015 (         21)
    得到: Sum=000002 (          2)
[1723500000] PATTERN: *** 比對錯誤 *** (Test #4015)
    預期: Sum=ffca (        -54)
    得到: Sum=000014 (         20)
[1723590000] PATTERN: *** 比對錯誤 *** (Test #4016)
    預期: Sum=fece (       -306)
    得到: Sum=1ffec0 (       -320)
[1723680000] PATTERN: *** 比對錯誤 *** (Test #4017)
    預期: Sum=feee (       -274)
    得到: Sum=1ffef6 (       -266)
[1723770000] PATTERN: *** 比對錯誤 *** (Test #4018)
    預期: Sum=ffe9 (        -23)
    得到: Sum=1ffff1 (        -15)
[1723860000] PATTERN: *** 比對錯誤 *** (Test #4019)
    預期: Sum=fee6 (       -282)
    得到: Sum=1fff21 (       -223)
[1723950000] PATTERN: *** 比對錯誤 *** (Test #4020)
    預期: Sum=002e (         46)
    得到: Sum=000013 (         19)
*Verdi* : Flush all FSDB Files at 1,724,000,000 ps.
[1724040000] PATTERN: *** 比對錯誤 *** (Test #4021)
    預期: Sum=ffeb (        -21)
    得到: Sum=000000 (          0)
[1724130000] PATTERN: *** 比對錯誤 *** (Test #4022)
    預期: Sum=ffe6 (        -26)
    得到: Sum=000005 (          5)
[1724220000] PATTERN: *** 比對錯誤 *** (Test #4023)
    預期: Sum=ffff (         -1)
    得到: Sum=00000a (         10)
[1724310000] PATTERN: *** 比對錯誤 *** (Test #4024)
    預期: Sum=ff07 (       -249)
    得到: Sum=1fff34 (       -204)
[1724400000] PATTERN: *** 比對錯誤 *** (Test #4025)
    預期: Sum=ff36 (       -202)
    得到: Sum=1fff31 (       -207)
[1724490000] PATTERN: *** 比對錯誤 *** (Test #4026)
    預期: Sum=0064 (        100)
    得到: Sum=00004f (         79)
[1724580000] PATTERN: *** 比對錯誤 *** (Test #4027)
    預期: Sum=000d (         13)
    得到: Sum=00000f (         15)
[1724670000] PATTERN: *** 比對錯誤 *** (Test #4028)
    預期: Sum=ff9e (        -98)
    得到: Sum=1fff8d (       -115)
[1724760000] PATTERN: *** 比對錯誤 *** (Test #4029)
    預期: Sum=fee0 (       -288)
    得到: Sum=1ffee2 (       -286)
[1724850000] PATTERN: *** 比對錯誤 *** (Test #4030)
    預期: Sum=0009 (          9)
    得到: Sum=000005 (          5)
[1724940000] PATTERN: *** 比對錯誤 *** (Test #4031)
    預期: Sum=0034 (         52)
    得到: Sum=00005e (         94)
*Verdi* : Flush all FSDB Files at 1,725,000,000 ps.
[1725030000] PATTERN: *** 比對錯誤 *** (Test #4032)
    預期: Sum=0052 (         82)
    得到: Sum=00008f (        143)
[1725120000] PATTERN: *** 比對錯誤 *** (Test #4033)
    預期: Sum=ffc9 (        -55)
    得到: Sum=1fffde (        -34)
[1725210000] PATTERN: *** 比對錯誤 *** (Test #4034)
    預期: Sum=ff14 (       -236)
    得到: Sum=1ffefa (       -262)
[1725300000] PATTERN: *** 比對錯誤 *** (Test #4035)
    預期: Sum=000e (         14)
    得到: Sum=000002 (          2)
[1725390000] PATTERN: *** 比對錯誤 *** (Test #4036)
    預期: Sum=ffe3 (        -29)
    得到: Sum=1fffd8 (        -40)
[1725480000] PATTERN: *** 比對錯誤 *** (Test #4037)
    預期: Sum=ffd0 (        -48)
    得到: Sum=1ffff2 (        -14)
[1725570000] PATTERN: *** 比對錯誤 *** (Test #4038)
    預期: Sum=fed3 (       -301)
    得到: Sum=1ffedd (       -291)
[1725660000] PATTERN: *** 比對錯誤 *** (Test #4039)
    預期: Sum=0030 (         48)
    得到: Sum=000040 (         64)
[1725750000] PATTERN: *** 比對錯誤 *** (Test #4040)
    預期: Sum=003e (         62)
    得到: Sum=000044 (         68)
[1725840000] PATTERN: *** 比對錯誤 *** (Test #4041)
    預期: Sum=ffdc (        -36)
    得到: Sum=1fffd9 (        -39)
[1725930000] PATTERN: *** 比對錯誤 *** (Test #4042)
    預期: Sum=0029 (         41)
    得到: Sum=000021 (         33)
*Verdi* : Flush all FSDB Files at 1,726,000,000 ps.
[1726020000] PATTERN: *** 比對錯誤 *** (Test #4043)
    預期: Sum=ffda (        -38)
    得到: Sum=1fffc3 (        -61)
[1726110000] PATTERN: *** 比對錯誤 *** (Test #4044)
    預期: Sum=ffe4 (        -28)
    得到: Sum=1fffbd (        -67)
[1726200000] PATTERN: *** 比對錯誤 *** (Test #4045)
    預期: Sum=0000 (          0)
    得到: Sum=000001 (          1)
[1726290000] PATTERN: *** 比對錯誤 *** (Test #4046)
    預期: Sum=ffd6 (        -42)
    得到: Sum=1fffb7 (        -73)
[1726380000] PATTERN: *** 比對錯誤 *** (Test #4047)
    預期: Sum=005d (         93)
    得到: Sum=00007f (        127)
[1726470000] PATTERN: *** 比對錯誤 *** (Test #4048)
    預期: Sum=fff7 (         -9)
    得到: Sum=000008 (          8)
[1726560000] PATTERN: *** 比對錯誤 *** (Test #4049)
    預期: Sum=002e (         46)
    得到: Sum=000069 (        105)
[1726650000] PATTERN: *** 比對錯誤 *** (Test #4050)
    預期: Sum=ffe5 (        -27)
    得到: Sum=1ffff7 (         -9)
[1726740000] PATTERN: *** 比對錯誤 *** (Test #4051)
    預期: Sum=0056 (         86)
    得到: Sum=00006f (        111)
[1726830000] PATTERN: *** 比對錯誤 *** (Test #4052)
    預期: Sum=ff80 (       -128)
    得到: Sum=1fff68 (       -152)
[1726920000] PATTERN: *** 比對錯誤 *** (Test #4053)
    預期: Sum=0032 (         50)
    得到: Sum=000009 (          9)
*Verdi* : Flush all FSDB Files at 1,727,000,000 ps.
[1727010000] PATTERN: *** 比對錯誤 *** (Test #4054)
    預期: Sum=ffae (        -82)
    得到: Sum=1fffa6 (        -90)
[1727100000] PATTERN: *** 比對錯誤 *** (Test #4055)
    預期: Sum=002a (         42)
    得到: Sum=000065 (        101)
[1727190000] PATTERN: *** 比對錯誤 *** (Test #4056)
    預期: Sum=feef (       -273)
    得到: Sum=1ffef4 (       -268)
[1727280000] PATTERN: *** 比對錯誤 *** (Test #4057)
    預期: Sum=fffb (         -5)
    得到: Sum=000001 (          1)
[1727370000] PATTERN: *** 比對錯誤 *** (Test #4058)
    預期: Sum=ff09 (       -247)
    得到: Sum=1fff11 (       -239)
[1727460000] PATTERN: *** 比對錯誤 *** (Test #4059)
    預期: Sum=ff41 (       -191)
    得到: Sum=1fff1d (       -227)
[1727550000] PATTERN: *** 比對錯誤 *** (Test #4060)
    預期: Sum=ff15 (       -235)
    得到: Sum=1ffefd (       -259)
[1727640000] PATTERN: *** 比對錯誤 *** (Test #4061)
    預期: Sum=ffde (        -34)
    得到: Sum=1fffc7 (        -57)
[1727730000] PATTERN: *** 比對錯誤 *** (Test #4062)
    預期: Sum=ff6d (       -147)
    得到: Sum=1fff99 (       -103)
[1727820000] PATTERN: *** 比對錯誤 *** (Test #4063)
    預期: Sum=000b (         11)
    得到: Sum=1fffee (        -18)
[1727910000] PATTERN: *** 比對錯誤 *** (Test #4064)
    預期: Sum=ffef (        -17)
    得到: Sum=1ffff1 (        -15)
*Verdi* : Flush all FSDB Files at 1,728,000,000 ps.
[1728000000] PATTERN: *** 比對錯誤 *** (Test #4065)
    預期: Sum=003d (         61)
    得到: Sum=000012 (         18)
[1728090000] PATTERN: *** 比對錯誤 *** (Test #4066)
    預期: Sum=ff01 (       -255)
    得到: Sum=1fff32 (       -206)
[1728180000] PATTERN: *** 比對錯誤 *** (Test #4067)
    預期: Sum=ffed (        -19)
    得到: Sum=1fffeb (        -21)
[1728270000] PATTERN: *** 比對錯誤 *** (Test #4068)
    預期: Sum=febe (       -322)
    得到: Sum=1fff17 (       -233)
[1728360000] PATTERN: *** 比對錯誤 *** (Test #4069)
    預期: Sum=fee9 (       -279)
    得到: Sum=1ffeeb (       -277)
[1728450000] PATTERN: *** 比對錯誤 *** (Test #4070)
    預期: Sum=008d (        141)
    得到: Sum=000108 (        264)
[1728540000] PATTERN: *** 比對錯誤 *** (Test #4071)
    預期: Sum=fee8 (       -280)
    得到: Sum=1ffef7 (       -265)
[1728630000] PATTERN: *** 比對錯誤 *** (Test #4072)
    預期: Sum=ffbd (        -67)
    得到: Sum=1ffff1 (        -15)
[1728720000] PATTERN: *** 比對錯誤 *** (Test #4073)
    預期: Sum=ffcd (        -51)
    得到: Sum=1ffff3 (        -13)
[1728810000] PATTERN: *** 比對錯誤 *** (Test #4074)
    預期: Sum=fee1 (       -287)
    得到: Sum=1ffeaf (       -337)
[1728900000] PATTERN: *** 比對錯誤 *** (Test #4075)
    預期: Sum=fff0 (        -16)
    得到: Sum=1ffff5 (        -11)
[1728990000] PATTERN: *** 比對錯誤 *** (Test #4076)
    預期: Sum=fff4 (        -12)
    得到: Sum=1ffff3 (        -13)
*Verdi* : Flush all FSDB Files at 1,729,000,000 ps.
[1729080000] PATTERN: *** 比對錯誤 *** (Test #4077)
    預期: Sum=0024 (         36)
    得到: Sum=000015 (         21)
[1729170000] PATTERN: *** 比對錯誤 *** (Test #4078)
    預期: Sum=ff03 (       -253)
    得到: Sum=1fff97 (       -105)
[1729260000] PATTERN: *** 比對錯誤 *** (Test #4079)
    預期: Sum=ff05 (       -251)
    得到: Sum=1fff1f (       -225)
[1729350000] PATTERN: *** 比對錯誤 *** (Test #4080)
    預期: Sum=fee3 (       -285)
    得到: Sum=1ffedf (       -289)
[1729440000] PATTERN: *** 比對錯誤 *** (Test #4081)
    預期: Sum=fff8 (         -8)
    得到: Sum=1fffdc (        -36)
[1729530000] PATTERN: *** 比對錯誤 *** (Test #4082)
    預期: Sum=ffd2 (        -46)
    得到: Sum=1fffbb (        -69)
[1729620000] PATTERN: *** 比對錯誤 *** (Test #4083)
    預期: Sum=ff23 (       -221)
    得到: Sum=1fff2e (       -210)
[1729710000] PATTERN: *** 比對錯誤 *** (Test #4084)
    預期: Sum=ffc2 (        -62)
    得到: Sum=1fffd9 (        -39)
[1729800000] PATTERN: *** 比對錯誤 *** (Test #4085)
    預期: Sum=0036 (         54)
    得到: Sum=000030 (         48)
[1729890000] PATTERN: *** 比對錯誤 *** (Test #4086)
    預期: Sum=ff07 (       -249)
    得到: Sum=1ffef8 (       -264)
[1729980000] PATTERN: *** 比對錯誤 *** (Test #4087)
    預期: Sum=fff8 (         -8)
    得到: Sum=1fffed (        -19)
*Verdi* : Flush all FSDB Files at 1,730,000,000 ps.
[1730070000] PATTERN: *** 比對錯誤 *** (Test #4088)
    預期: Sum=ffeb (        -21)
    得到: Sum=000005 (          5)
[1730160000] PATTERN: *** 比對錯誤 *** (Test #4089)
    預期: Sum=0030 (         48)
    得到: Sum=000015 (         21)
[1730250000] PATTERN: *** 比對錯誤 *** (Test #4090)
    預期: Sum=ffdb (        -37)
    得到: Sum=1fffe1 (        -31)
[1730340000] PATTERN: *** 比對錯誤 *** (Test #4091)
    預期: Sum=ffea (        -22)
    得到: Sum=1fffde (        -34)
[1730430000] PATTERN: *** 比對錯誤 *** (Test #4092)
    預期: Sum=ffc2 (        -62)
    得到: Sum=1fffb8 (        -72)
[1730520000] PATTERN: *** 比對錯誤 *** (Test #4093)
    預期: Sum=0055 (         85)
    得到: Sum=00009c (        156)
[1730610000] PATTERN: *** 比對錯誤 *** (Test #4094)
    預期: Sum=fef5 (       -267)
    得到: Sum=1ffef8 (       -264)
[1730700000] PATTERN: *** 比對錯誤 *** (Test #4095)
    預期: Sum=ffba (        -70)
    得到: Sum=1fffed (        -19)
-------------------------------------------------
[1730710000] PATTERN: 已完成 4096 筆輸出比對。
    >> 測試失敗: 共發現 3950 筆錯誤。 <<
-------------------------------------------------
$finish called from file "pattern_dwconv.sv", line 344.
$finish at simulation time           1730710000
           V C S   S i m u l a t i o n   R e p o r t 
Time: 1730710000 ps
CPU Time:      8.340 seconds;       Data structure size:   0.0Mb
Mon Feb  9 22:55:42 2026
CPU time: .748 seconds to compile + .548 seconds to elab + .543 seconds to link + 8.389 seconds in simulation
